,Expr-1-ep-0.pt,Expr-2-ep-8.pt,Expr-3-ep-7.pt,Expr-4-ep-10.pt,Expr-5-ep-7.pt,Expr-6-ep-12.pt,Expr-7-ep-6.pt,Expr-8-ep-2.pt,Expr-9-ep-2.pt
41822,0.0,0.0,0.0,0.0001,0.0001,0.0001,0.0001,0.0019,0.0022
40523,0.0053,0.0208,0.0085,0.0023,0.0014,0.0039,0.0009,0.0025,0.0036
39770,0.2247,0.1582,0.1761,0.1434,0.1688,0.2914,0.2532,0.2162,0.2041
42644,0.5405,0.6481,0.4655,0.4041,0.5509,0.591,0.6361,0.6559,0.5906
44055,0.0175,0.0221,0.0067,0.001,0.0008,0.0026,0.0008,0.0097,0.0124
44071,0.1589,0.1336,0.0404,0.0208,0.0142,0.0345,0.0071,0.0482,0.0588
39591,0.5405,0.6678,0.7187,0.7158,0.748,0.8418,0.766,0.7643,0.6808
46582,0.0063,0.0,0.0012,0.001,0.003,0.0011,0.0005,0.0012,0.0023
39472,0.1096,0.1871,0.1438,0.1322,0.1041,0.1948,0.0815,0.0871,0.0595
48092,0.0002,0.0,0.0002,0.0001,0.0001,0.0003,0.0001,0.0007,0.001
47674,0.0026,0.0,0.0013,0.0006,0.0007,0.001,0.0003,0.0021,0.003
40015,0.3169,0.3298,0.2419,0.2046,0.1894,0.2672,0.176,0.2774,0.2603
43407,0.0802,0.0221,0.0739,0.0218,0.0166,0.0267,0.0204,0.0335,0.0411
46167,0.3111,0.3047,0.2096,0.1927,0.1931,0.2901,0.2603,0.3108,0.271
47507,1.0,0.0,1.0,1.0,0.4405,0.0,0.0,0.6317,0.5635
40783,0.161,0.2402,0.2678,0.2676,0.212,0.3866,0.2693,0.2157,0.2009
42469,0.465,0.5092,0.4244,0.3689,0.4581,0.5272,0.5069,0.5397,0.4996
43150,0.0964,0.0512,0.009,0.0167,0.0061,0.0233,0.0045,0.0519,0.0525
39437,0.0425,0.0221,0.0104,0.0023,0.0034,0.0071,0.0016,0.0061,0.01
44491,0.0993,0.0236,0.032,0.0248,0.0365,0.0776,0.0807,0.0457,0.04
48579,0.0577,0.0221,0.043,0.02,0.0162,0.0329,0.015,0.019,0.0262
39401,0.0,0.0,0.0,0.0,0.0,0.0,0.0,0.0008,0.0007
41135,0.165,0.1503,0.1276,0.0603,0.044,0.0764,0.0226,0.0656,0.066
43148,1.0,0.0,1.0,1.0,0.4405,0.0,0.0,0.5379,0.4769
43289,1.0,1.0,1.0,0.0,0.6093,0.0,0.0,1.0,0.3071
45327,0.5405,0.6678,0.7392,0.7657,0.7256,0.8714,0.7676,0.7365,0.6551
41507,0.2046,0.095,0.1438,0.0746,0.0541,0.0733,0.0938,0.0857,0.1098
45175,1.0,1.0,1.0,0.0,0.6093,0.0,0.0,1.0,0.3548
44485,0.5405,0.5364,0.4423,0.4243,0.5034,0.5787,0.5929,0.6136,0.565
42445,0.1228,0.1046,0.1008,0.0611,0.0555,0.1086,0.0442,0.0647,0.0721
