,Expr-165-ep-9.pt,Expr-166-ep-8.pt,Expr-171-ep-20.pt,Expr-173-ep-7.pt,Expr-176-ep-7.pt,Expr-307-ep-8.pt,Expr-312-ep-22.pt,Expr-315-ep-14.pt,Expr-326-ep-13.pt,Expr-330-ep-10.pt,Expr-365-ep-12.pt,Expr-373-ep-8.pt,Expr-377-ep-11.pt,Expr-398-ep-26.pt,Expr-400-ep-22.pt,Expr-410-ep-25.pt,Expr-421-ep-8.pt,Expr-428-ep-11.pt,Expr-440-ep-11.pt,Expr-444-ep-20.pt,Expr-448-ep-17.pt,Expr-450-ep-9.pt,Expr-452-ep-23.pt,Expr-457-ep-25.pt,Expr-473-ep-14.pt,Expr-485-ep-13.pt,Expr-488-ep-11.pt,Expr-489-ep-18.pt,Expr-490-ep-9.pt,Expr-491-ep-23.pt,Expr-494-ep-15.pt,Expr-500-ep-19.pt,Expr-502-ep-7.pt,Expr-503-ep-30.pt,Expr-506-ep-15.pt,Expr-507-ep-15.pt,Expr-508-ep-23.pt,Expr-509-ep-17.pt,Expr-510-ep-13.pt,Expr-513-ep-12.pt,Expr-514-ep-15.pt,Expr-517-ep-17.pt,Expr-521-ep-14.pt,Expr-522-ep-18.pt,Expr-523-ep-14.pt,Expr-525-ep-17.pt,Expr-527-ep-17.pt,Expr-528-ep-15.pt,Expr-535-ep-19.pt,Expr-541-ep-20.pt,Expr-543-ep-19.pt,Expr-544-ep-19.pt,Expr-545-ep-27.pt,Expr-551-ep-21.pt,Expr-557-ep-20.pt,Expr-560-ep-14.pt,Expr-566-ep-14.pt,Expr-567-ep-14.pt,Expr-568-ep-13.pt,Expr-571-ep-14.pt,Expr-575-ep-24.pt,Expr-580-ep-13.pt,Expr-582-ep-20.pt,Expr-585-ep-11.pt,Expr-595-ep-12.pt,Expr-601-ep-13.pt,Expr-603-ep-25.pt,Expr-604-ep-11.pt,Expr-605-ep-15.pt,Expr-617-ep-21.pt,Expr-623-ep-14.pt,Expr-630-ep-29.pt,Expr-631-ep-26.pt,Expr-639-ep-13.pt,Expr-642-ep-18.pt,Expr-644-ep-39.pt,Expr-645-ep-27.pt,Expr-646-ep-16.pt,Expr-647-ep-17.pt,Expr-651-ep-15.pt,Expr-655-ep-13.pt,Expr-657-ep-16.pt,Expr-661-ep-11.pt,Expr-666-ep-17.pt,Expr-678-ep-18.pt,Expr-687-ep-11.pt,Expr-688-ep-11.pt,Expr-689-ep-12.pt,Expr-690-ep-19.pt,Expr-691-ep-18.pt,Expr-713-ep-30.pt,Expr-733-ep-19.pt,Expr-741-ep-21.pt,Expr-746-ep-11.pt,Expr-749-ep-22.pt,Expr-752-ep-21.pt,Expr-770-ep-17.pt,Expr-785-ep-8.pt,Expr-801-ep-26.pt,Expr-803-ep-19.pt,Expr-808-ep-10.pt,Expr-841-ep-27.pt,Expr-860-ep-15.pt,Expr-861-ep-14.pt,Expr-872-ep-23.pt,Expr-881-ep-12.pt,Expr-886-ep-29.pt,Expr-892-ep-43.pt,Expr-897-ep-21.pt,Expr-963-ep-13.pt,Expr-965-ep-48.pt,Expr-986-ep-17.pt,Expr-994-ep-39.pt
41822,0.0002,0.0002,0.0001,0.0002,0.0001,0.0002,0.0005,0.0002,0.0005,0.0003,0.0001,0.0003,0.0002,0.0001,0.0001,0.0001,0.0002,0.0002,0.0002,0.0002,0.0002,0.0004,0.0002,0.0004,0.0003,0.0002,0.0003,0.0002,0.0004,0.0001,0.0003,0.0002,0.0004,0.0001,0.0002,0.0001,0.0001,0.0001,0.0002,0.0005,0.0004,0.0002,0.0002,0.0005,0.0002,0.0003,0.0002,0.0003,0.0002,0.0001,0.0002,0.0002,0.0,0.0002,0.0003,0.0002,0.0003,0.0001,0.0,0.0003,0.0002,0.0003,0.0002,0.0003,0.0003,0.0007,0.0001,0.0005,0.0004,0.0001,0.0002,0.0001,0.0002,0.0002,0.0003,0.0001,0.0001,0.0003,0.0002,0.0002,0.0003,0.0002,0.0003,0.0003,0.0001,0.0002,0.0005,0.0004,0.0004,0.0001,0.0001,0.0002,0.0002,0.0007,0.0003,0.0004,0.0003,0.0006,0.0003,0.0004,0.0009,0.0002,0.0003,0.0006,0.0006,0.0006,0.0002,0.0001,0.0001,0.0005,0.0001,0.0005,0.0001
40523,0.0011,0.001,0.0006,0.0017,0.0005,0.0017,0.0019,0.0013,0.0014,0.0018,0.0014,0.0025,0.0008,0.0021,0.0016,0.0008,0.0016,0.0015,0.0009,0.0014,0.0014,0.0012,0.0016,0.0026,0.0017,0.0009,0.0014,0.0015,0.0012,0.0018,0.0017,0.0015,0.0011,0.0016,0.0017,0.0014,0.0011,0.0016,0.0009,0.0014,0.0014,0.0008,0.0012,0.0014,0.0015,0.0013,0.0011,0.0016,0.001,0.0015,0.0014,0.0011,0.002,0.0021,0.0029,0.0011,0.0018,0.001,0.0006,0.0012,0.0012,0.0011,0.0042,0.0019,0.0011,0.0027,0.0015,0.0014,0.0019,0.0013,0.0019,0.0033,0.0018,0.0012,0.0014,0.0026,0.0016,0.0013,0.0012,0.0017,0.0013,0.0017,0.0017,0.0027,0.0018,0.002,0.0016,0.0027,0.0017,0.002,0.0009,0.0035,0.0042,0.0033,0.002,0.0043,0.0039,0.0016,0.003,0.0043,0.0038,0.0027,0.0018,0.0031,0.0041,0.0036,0.0035,0.0018,0.0026,0.0037,0.0071,0.0036,0.0032
39770,0.2222,0.2215,0.2146,0.2092,0.2059,0.2256,0.224,0.2104,0.2136,0.2226,0.204,0.2394,0.1836,0.2138,0.2245,0.2295,0.2077,0.1992,0.2261,0.1874,0.1924,0.25,0.2093,0.1904,0.2041,0.2039,0.213,0.2423,0.1926,0.2176,0.2145,0.2119,0.2087,0.1974,0.2413,0.214,0.2396,0.2135,0.2516,0.2158,0.2138,0.1988,0.2262,0.2118,0.2195,0.2092,0.2054,0.2144,0.1829,0.2171,0.208,0.196,0.2049,0.2052,0.2154,0.2253,0.264,0.2182,0.2055,0.2461,0.2457,0.2346,0.2342,0.2348,0.2192,0.2641,0.1885,0.2125,0.2151,0.242,0.2141,0.233,0.2574,0.2375,0.2184,0.2226,0.2369,0.2336,0.2443,0.2232,0.2025,0.2243,0.2187,0.2189,0.2345,0.2307,0.2307,0.2177,0.1993,0.2377,0.2248,0.2541,0.2591,0.2041,0.2104,0.2482,0.24,0.2327,0.2459,0.2375,0.2243,0.2351,0.2485,0.2544,0.234,0.2589,0.163,0.2393,0.2362,0.2488,0.2381,0.2362,0.1849
42644,0.5944,0.5545,0.4927,0.5767,0.542,0.5901,0.4819,0.4816,0.5155,0.5452,0.5176,0.5781,0.5193,0.4824,0.5065,0.5315,0.5831,0.5087,0.5276,0.5464,0.536,0.6395,0.5076,0.4942,0.5676,0.5228,0.621,0.578,0.5722,0.5042,0.5335,0.5456,0.623,0.49,0.6211,0.5582,0.5874,0.5563,0.6581,0.5484,0.5872,0.5314,0.5685,0.5524,0.5804,0.5214,0.532,0.5723,0.5326,0.5865,0.5212,0.5331,0.536,0.4871,0.4519,0.5754,0.6158,0.5759,0.5662,0.6132,0.5335,0.6085,0.5216,0.6333,0.609,0.5871,0.5177,0.6066,0.6205,0.6091,0.5943,0.511,0.5733,0.5827,0.5851,0.5261,0.5709,0.5817,0.5807,0.6123,0.5854,0.5708,0.6144,0.5759,0.5693,0.6211,0.6103,0.6102,0.5507,0.5978,0.5259,0.6108,0.5835,0.5813,0.5349,0.5889,0.5975,0.6687,0.5373,0.5997,0.642,0.5455,0.5831,0.6218,0.59,0.6379,0.4482,0.5429,0.5941,0.6274,0.4233,0.5717,0.5383
44055,0.0018,0.0009,0.0004,0.0021,0.0011,0.0033,0.0016,0.0014,0.0012,0.002,0.0013,0.0025,0.0011,0.0017,0.0005,0.0007,0.0018,0.0022,0.001,0.0016,0.0017,0.0026,0.0018,0.0014,0.0023,0.0015,0.0026,0.0013,0.0022,0.0014,0.0018,0.0016,0.0035,0.0012,0.0024,0.0012,0.0012,0.0015,0.0013,0.0016,0.003,0.0009,0.0017,0.0019,0.0022,0.0018,0.0014,0.0014,0.001,0.0026,0.0016,0.0014,0.0009,0.0015,0.0024,0.0017,0.002,0.0016,0.0019,0.0017,0.0014,0.0019,0.0051,0.0033,0.0018,0.0049,0.0018,0.0039,0.0044,0.0012,0.0024,0.0025,0.0014,0.0028,0.0022,0.0021,0.002,0.0024,0.0016,0.0031,0.0028,0.0022,0.0041,0.0047,0.0018,0.0044,0.0036,0.0039,0.0023,0.0023,0.001,0.0026,0.0028,0.0038,0.0019,0.0041,0.0034,0.0034,0.0034,0.0047,0.0074,0.0021,0.0026,0.0058,0.0047,0.0076,0.001,0.0007,0.0021,0.0051,0.002,0.0053,0.002
44071,0.0075,0.0044,0.0052,0.0131,0.0072,0.0132,0.006,0.0089,0.0067,0.0076,0.0039,0.0069,0.0046,0.0053,0.0024,0.0022,0.0069,0.0083,0.004,0.0076,0.0138,0.012,0.0096,0.0082,0.0115,0.0074,0.012,0.0073,0.0126,0.0117,0.0088,0.0064,0.0135,0.0074,0.0098,0.0057,0.005,0.0141,0.0084,0.0098,0.0096,0.0055,0.0078,0.0093,0.0115,0.0115,0.0075,0.0086,0.0045,0.0086,0.0096,0.0088,0.0055,0.0078,0.0112,0.0078,0.0101,0.007,0.0101,0.0118,0.0099,0.0101,0.0166,0.0165,0.009,0.0171,0.0093,0.0138,0.0161,0.0089,0.0084,0.0137,0.0133,0.0117,0.0063,0.0075,0.0065,0.0129,0.0079,0.0147,0.0086,0.0073,0.0101,0.013,0.0104,0.0054,0.0119,0.0149,0.0125,0.0086,0.0094,0.0156,0.0139,0.0193,0.0145,0.0198,0.0182,0.013,0.0218,0.0191,0.0331,0.0123,0.0093,0.0229,0.0167,0.029,0.0107,0.0027,0.0103,0.0176,0.0181,0.0195,0.012
39591,0.8168,0.8146,0.8211,0.8033,0.8208,0.8154,0.8504,0.8125,0.8352,0.7813,0.8096,0.7877,0.8111,0.8157,0.8151,0.8282,0.7872,0.7821,0.8096,0.8366,0.811,0.8061,0.8447,0.8635,0.7777,0.8007,0.8148,0.8368,0.7557,0.8274,0.792,0.7977,0.7811,0.8219,0.8331,0.7983,0.8647,0.8061,0.8528,0.7991,0.8153,0.8083,0.7911,0.8309,0.8097,0.8147,0.8212,0.8176,0.8512,0.8249,0.823,0.8294,0.8414,0.8276,0.824,0.83,0.831,0.816,0.8091,0.8332,0.8308,0.8197,0.7845,0.806,0.8047,0.8271,0.8376,0.8003,0.8019,0.8512,0.8036,0.8239,0.8519,0.7913,0.821,0.8764,0.8703,0.807,0.8016,0.8123,0.781,0.7934,0.7968,0.8059,0.8249,0.7862,0.8025,0.797,0.7919,0.8224,0.8154,0.8549,0.8242,0.7559,0.7943,0.821,0.8211,0.7811,0.8294,0.8203,0.7778,0.8425,0.796,0.8116,0.8129,0.7983,0.7392,0.8414,0.8201,0.7924,0.8422,0.7723,0.8338
46582,0.0003,0.0002,0.0,0.0003,0.0,0.0002,0.0002,0.0001,0.0001,0.0001,0.0002,0.0006,0.0001,0.0001,0.0,0.0002,0.0002,0.0002,0.0001,0.0001,0.0004,0.0003,0.0003,0.0003,0.0003,0.0002,0.0003,0.0001,0.0002,0.0001,0.0001,0.0001,0.0003,0.0,0.0001,0.0001,0.0001,0.0002,0.0002,0.0003,0.0002,0.0001,0.0001,0.0001,0.0002,0.0002,0.0001,0.0001,0.0001,0.0001,0.0002,0.0001,0.0002,0.0002,0.0002,0.0001,0.0001,0.0001,0.0002,0.0001,0.0001,0.0001,0.0003,0.0004,0.0001,0.0005,0.0001,0.0002,0.0005,0.0001,0.0002,0.0001,0.0001,0.0001,0.0002,0.0001,0.0,0.0001,0.0001,0.0002,0.0001,0.0001,0.0001,0.0002,0.0001,0.0001,0.0002,0.0003,0.0001,0.0001,0.0,0.0003,0.0002,0.0004,0.0002,0.0003,0.0004,0.0003,0.0002,0.0005,0.0006,0.0002,0.0001,0.0004,0.0004,0.0003,0.0001,0.0001,0.0001,0.0003,0.0002,0.0002,0.0002
39472,0.1093,0.0819,0.0711,0.0977,0.0709,0.1113,0.1735,0.1378,0.0838,0.1222,0.0802,0.11,0.0679,0.1623,0.1203,0.147,0.0879,0.1369,0.0933,0.1333,0.1111,0.0738,0.136,0.1644,0.0992,0.0723,0.1273,0.1292,0.1025,0.1509,0.133,0.1407,0.0922,0.156,0.161,0.1006,0.0966,0.1134,0.1146,0.098,0.1389,0.077,0.075,0.1368,0.113,0.0864,0.0893,0.1316,0.0594,0.1729,0.1003,0.1102,0.2097,0.1353,0.1253,0.1131,0.1044,0.1076,0.0937,0.0726,0.0881,0.0791,0.1995,0.1039,0.0789,0.1742,0.1527,0.1067,0.0889,0.15,0.1283,0.2612,0.158,0.114,0.1655,0.1928,0.1321,0.1013,0.1137,0.1427,0.1101,0.1466,0.1503,0.1787,0.1684,0.1316,0.104,0.1191,0.1262,0.1132,0.1228,0.139,0.1687,0.1087,0.1159,0.2025,0.1582,0.0742,0.192,0.1548,0.1163,0.1477,0.1057,0.1458,0.1403,0.1534,0.1694,0.1607,0.1835,0.1768,0.2314,0.1954,0.2073
48092,0.0001,0.0001,0.0,0.0002,0.0,0.0002,0.0002,0.0002,0.0001,0.0001,0.0002,0.0002,0.0001,0.0002,0.0001,0.0001,0.0001,0.0001,0.0001,0.0001,0.0002,0.0002,0.0002,0.0002,0.0002,0.0001,0.0002,0.0001,0.0002,0.0002,0.0001,0.0001,0.0002,0.0001,0.0002,0.0,0.0002,0.0001,0.0001,0.0002,0.0002,0.0001,0.0002,0.0001,0.0002,0.0002,0.0001,0.0001,0.0001,0.0001,0.0002,0.0001,0.0001,0.0001,0.0003,0.0001,0.0001,0.0001,0.0001,0.0001,0.0001,0.0001,0.0003,0.0002,0.0001,0.0004,0.0001,0.0002,0.0004,0.0001,0.0002,0.0002,0.0001,0.0002,0.0002,0.0002,0.0001,0.0002,0.0001,0.0003,0.0002,0.0001,0.0004,0.0003,0.0001,0.0002,0.0002,0.0002,0.0002,0.0002,0.0001,0.0003,0.0003,0.0003,0.0002,0.0004,0.0003,0.0002,0.0003,0.0004,0.0009,0.0003,0.0002,0.0006,0.0006,0.0009,0.0002,0.0004,0.0002,0.0006,0.0005,0.0004,0.0003
47674,0.0006,0.0005,0.0003,0.001,0.0003,0.0007,0.0007,0.0005,0.0004,0.0009,0.0007,0.0012,0.0004,0.0004,0.0003,0.0003,0.0008,0.0007,0.0004,0.0007,0.0007,0.0008,0.0007,0.0009,0.0009,0.0006,0.0008,0.0006,0.0008,0.001,0.0005,0.0008,0.0007,0.0008,0.0007,0.0005,0.0005,0.0007,0.0003,0.0008,0.0008,0.0004,0.0006,0.0007,0.0009,0.0008,0.0006,0.0008,0.0005,0.0004,0.0004,0.0005,0.0002,0.0007,0.0012,0.0009,0.0007,0.0004,0.0001,0.0004,0.0005,0.0005,0.0013,0.001,0.0005,0.0015,0.0005,0.0008,0.0008,0.0007,0.0009,0.0009,0.0008,0.0011,0.0009,0.0006,0.0005,0.0008,0.0007,0.001,0.0009,0.001,0.0012,0.0013,0.0007,0.0012,0.0013,0.0014,0.0011,0.0006,0.0003,0.0014,0.0014,0.0021,0.001,0.0023,0.0013,0.0012,0.0022,0.0021,0.0027,0.001,0.001,0.0022,0.0022,0.0022,0.0009,0.0003,0.001,0.0018,0.0014,0.0017,0.001
40015,0.2318,0.2463,0.165,0.243,0.2342,0.2002,0.2184,0.1866,0.1876,0.219,0.21,0.1698,0.1797,0.2171,0.1825,0.2241,0.2068,0.1946,0.2375,0.2347,0.2187,0.2276,0.1867,0.2131,0.2123,0.2042,0.2255,0.2193,0.2017,0.1983,0.2211,0.2007,0.1958,0.2131,0.2156,0.2073,0.2334,0.1481,0.2405,0.2056,0.2449,0.19,0.1898,0.1952,0.2107,0.2063,0.1849,0.2102,0.189,0.3896,0.1954,0.198,0.1608,0.229,0.1715,0.1755,0.2654,0.1935,0.1767,0.2547,0.2006,0.2337,0.1874,0.2411,0.1908,0.2216,0.1927,0.1976,0.1729,0.2144,0.2171,0.2294,0.2442,0.1852,0.2518,0.2015,0.237,0.2216,0.2056,0.1847,0.196,0.1986,0.2177,0.1834,0.2315,0.2424,0.2206,0.1922,0.2073,0.2043,0.2149,0.2112,0.1971,0.2067,0.2415,0.2561,0.2245,0.1877,0.2137,0.2275,0.2433,0.1972,0.226,0.2294,0.2133,0.228,0.179,0.2238,0.1869,0.2192,0.2313,0.1765,0.2088
43407,0.0187,0.0115,0.0073,0.0212,0.0123,0.0096,0.0247,0.0098,0.0077,0.0162,0.0057,0.0133,0.0107,0.0073,0.007,0.0079,0.0261,0.0137,0.0219,0.0124,0.0194,0.0099,0.0118,0.0149,0.0167,0.0098,0.0161,0.0074,0.0099,0.0102,0.0057,0.0117,0.0138,0.0068,0.0165,0.0083,0.0135,0.0065,0.0102,0.0091,0.0094,0.0089,0.0105,0.0088,0.0067,0.0103,0.0112,0.0138,0.0072,0.0207,0.0072,0.0045,0.0085,0.0085,0.013,0.0094,0.0086,0.0083,0.0082,0.0106,0.0097,0.0067,0.0133,0.0088,0.0067,0.0155,0.0153,0.0128,0.0101,0.0129,0.0092,0.0139,0.0091,0.009,0.0114,0.0102,0.008,0.0115,0.0099,0.013,0.0086,0.0081,0.0124,0.0194,0.011,0.0182,0.0171,0.0239,0.0114,0.012,0.0066,0.0215,0.0177,0.025,0.0139,0.0184,0.0186,0.0293,0.0152,0.027,0.0336,0.0147,0.0295,0.0236,0.0282,0.0202,0.0096,0.0055,0.0161,0.0198,0.0115,0.0152,0.0067
46167,0.3141,0.2709,0.2475,0.2675,0.2779,0.2537,0.2746,0.2471,0.2648,0.2962,0.2766,0.2567,0.2519,0.296,0.2513,0.2899,0.2793,0.3138,0.2606,0.2452,0.2383,0.2771,0.2433,0.2527,0.2445,0.2459,0.2593,0.2416,0.239,0.2266,0.2642,0.2209,0.2716,0.2608,0.2274,0.239,0.263,0.2078,0.2712,0.2448,0.263,0.2656,0.2615,0.2425,0.2675,0.2524,0.2583,0.2619,0.248,0.3491,0.2404,0.2613,0.2324,0.2787,0.256,0.2401,0.2902,0.2682,0.2472,0.2693,0.261,0.2654,0.3028,0.2571,0.2459,0.2895,0.2402,0.2861,0.234,0.2851,0.2799,0.2965,0.2873,0.291,0.2732,0.2444,0.265,0.2491,0.2643,0.308,0.246,0.2981,0.2627,0.2614,0.2989,0.2836,0.2874,0.2798,0.2646,0.2925,0.3344,0.2658,0.2678,0.2557,0.2923,0.294,0.2861,0.3003,0.261,0.2805,0.2699,0.2598,0.2782,0.2902,0.313,0.3474,0.2589,0.3008,0.2636,0.3265,0.252,0.3103,0.2537
47507,0.6666,0.5283,0.8087,0.5115,0.5702,0.6322,0.5802,0.5909,0.7149,0.6381,0.7603,0.7075,0.6595,0.7582,0.7298,0.7845,0.6065,0.7061,0.573,0.752,0.5922,0.6435,0.5574,0.675,0.6606,0.7014,0.6981,0.7192,0.613,0.722,0.7198,0.7578,0.6868,0.7277,0.7413,0.7068,0.7408,0.7552,0.5856,0.6608,0.7392,0.6658,0.7536,0.7515,0.7187,0.7063,0.6806,0.7146,0.7649,0.802,0.751,0.7867,0.6228,0.7481,0.715,0.713,0.6443,0.677,0.6659,0.695,0.6999,0.6752,0.7308,0.6429,0.6919,0.7656,0.7662,0.7087,0.7248,0.531,0.7491,0.7734,0.7706,0.7252,0.6955,0.7579,0.7507,0.8158,0.7387,0.7811,0.7435,0.7932,0.799,0.7483,0.7967,0.6483,0.6609,0.715,0.694,0.7374,0.7448,0.7463,0.7383,0.7539,0.7511,0.7803,0.768,0.6509,0.7406,0.8239,0.5162,0.7074,0.803,0.7908,0.5535,0.7618,0.8518,0.8101,0.7898,0.7875,0.8036,0.8067,0.7829
40783,0.3176,0.2012,0.2864,0.2929,0.2816,0.2672,0.4082,0.2705,0.1991,0.2862,0.2764,0.2504,0.2697,0.315,0.2954,0.2887,0.2776,0.2621,0.3807,0.3165,0.2689,0.2941,0.3742,0.3736,0.2848,0.2658,0.3154,0.3643,0.2857,0.3728,0.245,0.2969,0.2724,0.3276,0.2993,0.2849,0.3384,0.3453,0.2997,0.2742,0.2948,0.2798,0.2525,0.3632,0.3434,0.3078,0.2747,0.361,0.3101,0.2886,0.3271,0.3296,0.4081,0.317,0.3218,0.3425,0.2896,0.2921,0.2744,0.2975,0.3156,0.3692,0.3239,0.2716,0.2683,0.3047,0.288,0.2855,0.2442,0.3946,0.308,0.4022,0.396,0.3127,0.3001,0.3559,0.3787,0.3014,0.3622,0.3167,0.3021,0.3349,0.3137,0.3154,0.4081,0.2875,0.2325,0.3175,0.3233,0.3641,0.2997,0.3994,0.3968,0.321,0.3076,0.4157,0.4135,0.2185,0.3519,0.3799,0.3243,0.3705,0.3315,0.3476,0.3616,0.3494,0.2372,0.3874,0.3763,0.4043,0.3923,0.3226,0.3533
42469,0.576,0.5129,0.5644,0.534,0.4893,0.5339,0.5643,0.5297,0.5297,0.5246,0.5315,0.5548,0.5285,0.5577,0.5454,0.6077,0.5463,0.522,0.5142,0.5172,0.5345,0.5582,0.5206,0.5035,0.5162,0.4997,0.5628,0.5692,0.5218,0.5694,0.488,0.532,0.5092,0.5523,0.585,0.5231,0.5652,0.5451,0.5873,0.498,0.5172,0.5222,0.5145,0.5409,0.5338,0.506,0.5643,0.5441,0.569,0.5674,0.5118,0.5382,0.5534,0.5223,0.4653,0.5381,0.5871,0.5718,0.5278,0.574,0.5657,0.5423,0.5388,0.5626,0.5335,0.5304,0.513,0.5249,0.551,0.6043,0.545,0.5555,0.5996,0.5351,0.5427,0.5895,0.5623,0.5512,0.5434,0.5714,0.4984,0.5285,0.5428,0.5247,0.5437,0.5462,0.5401,0.5222,0.5426,0.5546,0.568,0.5668,0.5734,0.5166,0.5492,0.5734,0.6061,0.5332,0.5644,0.5735,0.5046,0.5727,0.5699,0.5664,0.5527,0.5614,0.44,0.6036,0.6012,0.5833,0.6188,0.5087,0.58
43150,0.0036,0.0021,0.0011,0.0064,0.0029,0.0057,0.0014,0.0048,0.0016,0.0033,0.0015,0.0019,0.0018,0.0006,0.0007,0.0004,0.003,0.0026,0.0009,0.0024,0.0089,0.0036,0.0057,0.0022,0.005,0.0035,0.0055,0.0038,0.0056,0.0045,0.0063,0.0018,0.0085,0.0021,0.0044,0.0015,0.0025,0.0041,0.0051,0.0072,0.0045,0.0015,0.0045,0.0042,0.0053,0.0076,0.0027,0.0044,0.0018,0.0031,0.0036,0.0039,0.0024,0.0044,0.0056,0.0034,0.0048,0.0023,0.0058,0.0057,0.0043,0.0047,0.0071,0.0066,0.0037,0.0103,0.0031,0.0067,0.0095,0.0034,0.0032,0.0063,0.0057,0.005,0.004,0.0033,0.0019,0.0064,0.0058,0.0083,0.0058,0.0033,0.0067,0.0062,0.0029,0.0082,0.0084,0.0077,0.0056,0.0043,0.0041,0.0096,0.0078,0.01,0.0063,0.01,0.0081,0.0077,0.0088,0.0102,0.0205,0.0046,0.0039,0.0128,0.008,0.0192,0.0052,0.0024,0.0048,0.0096,0.0051,0.0072,0.0054
39437,0.0013,0.002,0.0013,0.003,0.0016,0.0022,0.0024,0.0013,0.0011,0.0032,0.0021,0.0029,0.0012,0.0012,0.0007,0.0012,0.0021,0.0018,0.0013,0.0021,0.002,0.0017,0.0017,0.0029,0.0027,0.0017,0.0027,0.0021,0.0018,0.0021,0.0013,0.0021,0.0021,0.0023,0.0022,0.0015,0.0016,0.0019,0.0011,0.0021,0.0022,0.0012,0.0014,0.0018,0.002,0.0022,0.0016,0.0019,0.0013,0.0015,0.002,0.0017,0.004,0.0023,0.0034,0.0029,0.0019,0.0015,0.0018,0.0016,0.0016,0.0014,0.007,0.0025,0.0011,0.0032,0.0017,0.0025,0.0021,0.0028,0.0023,0.0034,0.0028,0.0033,0.003,0.0018,0.0017,0.0023,0.0026,0.0026,0.0025,0.0024,0.003,0.003,0.0021,0.0039,0.0036,0.0041,0.0027,0.0016,0.0017,0.0033,0.0037,0.0059,0.0027,0.0061,0.0036,0.0032,0.0048,0.005,0.0061,0.0022,0.0025,0.0046,0.005,0.0052,0.0019,0.0006,0.0022,0.0043,0.0047,0.0037,0.0025
44491,0.0422,0.0256,0.0233,0.0437,0.0337,0.0364,0.0379,0.0273,0.0266,0.0339,0.0225,0.0363,0.0297,0.0186,0.0315,0.0213,0.0363,0.0293,0.0287,0.0247,0.0256,0.0466,0.0219,0.0385,0.0351,0.0264,0.0366,0.0278,0.0336,0.0324,0.0258,0.0283,0.0292,0.0247,0.039,0.0359,0.0313,0.0323,0.0313,0.0214,0.0345,0.0323,0.0294,0.0324,0.0332,0.0211,0.0315,0.0352,0.0188,0.0257,0.0286,0.0164,0.0307,0.0358,0.0402,0.0317,0.0346,0.0302,0.0341,0.0343,0.0281,0.0498,0.0261,0.0338,0.0254,0.0383,0.0304,0.0323,0.0304,0.0281,0.0276,0.033,0.0343,0.035,0.0268,0.0247,0.025,0.0315,0.0306,0.0428,0.0362,0.0384,0.0442,0.0445,0.046,0.0441,0.0423,0.0425,0.0368,0.0373,0.0308,0.0518,0.0412,0.0415,0.0294,0.0558,0.0419,0.054,0.0553,0.0535,0.0566,0.0489,0.0461,0.0577,0.0466,0.0607,0.0194,0.0203,0.0495,0.0529,0.0539,0.035,0.0297
48579,0.0176,0.0123,0.007,0.021,0.0107,0.0143,0.0276,0.0148,0.0092,0.0154,0.0064,0.0131,0.0134,0.0063,0.0088,0.0043,0.0225,0.018,0.0175,0.0107,0.0223,0.0111,0.0162,0.0121,0.0194,0.0085,0.0138,0.0111,0.0156,0.0123,0.009,0.017,0.0129,0.0093,0.0281,0.0132,0.0122,0.0114,0.0109,0.0123,0.0117,0.0096,0.0134,0.0107,0.0092,0.013,0.0117,0.0182,0.0078,0.0286,0.0097,0.0068,0.0112,0.0129,0.019,0.0094,0.0125,0.0126,0.013,0.0139,0.0098,0.0103,0.0212,0.0106,0.0103,0.0238,0.0113,0.0141,0.0111,0.0141,0.012,0.0214,0.0121,0.0123,0.0148,0.0101,0.0146,0.015,0.0112,0.0139,0.0104,0.0092,0.0163,0.0258,0.0161,0.019,0.0154,0.0261,0.0158,0.0174,0.0071,0.0237,0.0226,0.0218,0.0167,0.0235,0.0204,0.0273,0.0214,0.0285,0.0298,0.0136,0.0268,0.0311,0.0286,0.0258,0.0101,0.0038,0.0225,0.023,0.0149,0.0248,0.0085
39401,0.0001,0.0001,0.0,0.0001,0.0,0.0001,0.0004,0.0001,0.0006,0.0001,0.0,0.0001,0.0001,0.0001,0.0001,0.0,0.0,0.0001,0.0,0.0001,0.0001,0.0001,0.0002,0.0001,0.0001,0.0001,0.0001,0.0001,0.0001,0.0,0.0002,0.0,0.0001,0.0,0.0,0.0,0.0001,0.0,0.0001,0.0002,0.0002,0.0001,0.0001,0.0004,0.0001,0.0001,0.0001,0.0001,0.0,0.0,0.0001,0.0001,0.0,0.0002,0.0003,0.0,0.0002,0.0,0.0,0.0001,0.0001,0.0001,0.0001,0.0001,0.0002,0.0003,0.0001,0.0001,0.0001,0.0001,0.0001,0.0001,0.0003,0.0001,0.0001,0.0001,0.0001,0.0001,0.0001,0.0,0.0001,0.0,0.0,0.0001,0.0,0.0,0.0002,0.0001,0.0002,0.0001,0.0,0.0002,0.0002,0.0002,0.0002,0.0002,0.0002,0.0002,0.0001,0.0002,0.0002,0.0001,0.0001,0.0002,0.0003,0.0002,0.0001,0.0,0.0001,0.0002,0.0,0.0002,0.0001
41135,0.0255,0.02,0.0138,0.032,0.0182,0.0321,0.0257,0.0252,0.0151,0.0189,0.0125,0.0197,0.0131,0.0187,0.007,0.0126,0.017,0.0241,0.01,0.0247,0.0314,0.0255,0.026,0.0262,0.0334,0.0183,0.0334,0.018,0.0277,0.0369,0.0183,0.02,0.0245,0.0236,0.0296,0.0153,0.0179,0.0257,0.0209,0.0241,0.0284,0.0134,0.0172,0.0221,0.0249,0.0264,0.0179,0.0211,0.012,0.0306,0.0195,0.0242,0.0231,0.0211,0.0263,0.026,0.0217,0.0144,0.0206,0.0204,0.0209,0.0158,0.0518,0.0381,0.0188,0.0394,0.0281,0.0268,0.0343,0.0229,0.0251,0.0543,0.0334,0.0305,0.0279,0.0312,0.0257,0.0268,0.0209,0.0397,0.02,0.0224,0.028,0.0418,0.0267,0.0378,0.0323,0.0426,0.0323,0.0295,0.0297,0.0473,0.0427,0.0396,0.031,0.0602,0.0411,0.032,0.0495,0.0466,0.0562,0.0312,0.0248,0.0489,0.0476,0.057,0.0377,0.0279,0.0333,0.0384,0.0603,0.0485,0.0385
43148,0.2656,0.2843,0.0412,0.3828,0.1992,0.1775,0.1388,0.2887,0.1014,0.1807,0.0218,0.114,0.1414,0.0476,0.0262,0.0118,0.2487,0.0751,0.3168,0.0228,0.3383,0.234,0.2549,0.1014,0.0702,0.2374,0.0261,0.0151,0.1256,0.0337,0.034,0.017,0.1755,0.0077,0.0199,0.0331,0.0345,0.0309,0.331,0.2172,0.0373,0.1177,0.0233,0.0411,0.1075,0.0321,0.0323,0.0451,0.0157,0.0229,0.0133,0.0139,0.0691,0.0278,0.0142,0.0339,0.0404,0.0428,0.0808,0.0356,0.0147,0.0727,0.0328,0.1734,0.0988,0.0591,0.0199,0.0688,0.0151,0.3904,0.057,0.0235,0.009,0.0407,0.0197,0.0091,0.0136,0.0302,0.0258,0.0115,0.0577,0.0272,0.0368,0.012,0.0325,0.1047,0.0638,0.0431,0.103,0.0234,0.0298,0.0311,0.0133,0.0581,0.0099,0.0133,0.0205,0.1243,0.0169,0.0229,0.4103,0.0448,0.0315,0.0481,0.3782,0.0614,0.0149,0.0267,0.0211,0.0289,0.0136,0.031,0.0154
43289,0.0252,0.0857,0.0142,0.0589,0.0974,0.1345,0.0228,0.0802,0.0403,0.1165,0.0964,0.1498,0.09,0.0016,0.0078,0.0603,0.1558,0.1307,0.1072,0.0787,0.0114,0.0681,0.0063,0.0363,0.0141,0.1142,0.0976,0.1049,0.2013,0.0799,0.068,0.0461,0.0824,0.0067,0.0489,0.11,0.0953,0.0408,0.046,0.0098,0.0066,0.093,0.0819,0.109,0.0798,0.0739,0.0712,0.0368,0.0861,0.0061,0.113,0.072,0.1,0.0903,0.0915,0.1778,0.147,0.141,0.1972,0.1377,0.09,0.0209,0.0042,0.1799,0.0877,0.1524,0.0306,0.1873,0.0369,0.0557,0.094,0.0852,0.0768,0.1993,0.077,0.0711,0.0968,0.1227,0.04,0.0899,0.1138,0.0896,0.1171,0.0472,0.0925,0.0693,0.1703,0.2106,0.0059,0.0771,0.1388,0.1464,0.0282,0.1994,0.0976,0.1476,0.1497,0.2649,0.0212,0.0905,0.2286,0.0211,0.1849,0.0624,0.0077,0.2278,0.0082,0.0133,0.1142,0.2476,0.0524,0.074,0.0033
45327,0.8168,0.8037,0.8051,0.8081,0.8158,0.8216,0.879,0.8334,0.8634,0.7937,0.8331,0.8087,0.823,0.8506,0.8316,0.822,0.8108,0.7888,0.8289,0.8367,0.8333,0.7924,0.8551,0.8441,0.7677,0.7979,0.8232,0.8663,0.7902,0.8484,0.8166,0.7731,0.7682,0.8442,0.8143,0.7935,0.8338,0.827,0.8373,0.7916,0.8227,0.8179,0.8066,0.8615,0.829,0.8267,0.8284,0.8249,0.86,0.8424,0.8452,0.8419,0.8524,0.842,0.8695,0.8329,0.8489,0.8248,0.8171,0.8277,0.8305,0.819,0.8186,0.7967,0.811,0.8332,0.8068,0.8083,0.7917,0.8468,0.8206,0.8465,0.8688,0.7943,0.8341,0.8841,0.8627,0.8158,0.7969,0.8222,0.7986,0.8119,0.8115,0.8328,0.8345,0.7778,0.8079,0.794,0.7933,0.8431,0.8617,0.8428,0.8176,0.7571,0.7977,0.8116,0.8333,0.7582,0.8436,0.8175,0.7785,0.8605,0.7831,0.8163,0.8298,0.7879,0.7634,0.8374,0.8211,0.7997,0.8106,0.7659,0.8144
41507,0.0444,0.0311,0.0134,0.0475,0.0371,0.0334,0.0476,0.0287,0.0274,0.0371,0.0256,0.0427,0.0385,0.0169,0.0164,0.0218,0.0621,0.0463,0.0475,0.0254,0.0399,0.0329,0.0277,0.0285,0.0506,0.0252,0.0419,0.0238,0.0321,0.021,0.0161,0.0316,0.0391,0.0254,0.0483,0.0281,0.0269,0.0286,0.0238,0.0211,0.0252,0.0251,0.0254,0.0238,0.0231,0.0228,0.0332,0.0318,0.0185,0.0616,0.0138,0.0147,0.0183,0.0252,0.0319,0.0255,0.0308,0.0199,0.0229,0.0332,0.0188,0.0275,0.0329,0.0253,0.0249,0.0359,0.0336,0.0409,0.0272,0.0387,0.0256,0.0387,0.0234,0.0314,0.0299,0.0219,0.0236,0.0319,0.0215,0.035,0.0305,0.0272,0.0446,0.0558,0.0397,0.0536,0.0442,0.0683,0.0298,0.0312,0.0201,0.0669,0.0488,0.0568,0.0349,0.0615,0.0476,0.0789,0.0453,0.0737,0.094,0.0368,0.0659,0.0638,0.0772,0.0622,0.0428,0.0089,0.053,0.0585,0.0462,0.0317,0.0176
45175,0.102,0.0949,0.0666,0.1785,0.0984,0.1479,0.0151,0.0801,0.029,0.1127,0.1276,0.178,0.0778,0.0003,0.0027,0.0686,0.19,0.1694,0.1331,0.0802,0.0232,0.0696,0.0031,0.0865,0.02,0.1663,0.089,0.1041,0.2249,0.0799,0.0654,0.0304,0.0985,0.0174,0.0631,0.1279,0.0953,0.0465,0.0486,0.0558,0.0094,0.1049,0.0729,0.1192,0.0714,0.073,0.0747,0.0538,0.1003,0.0066,0.113,0.071,0.0637,0.1084,0.1023,0.2413,0.2108,0.1932,0.2467,0.1881,0.09,0.0625,0.0175,0.23,0.0753,0.1524,0.0359,0.2153,0.0422,0.0611,0.0803,0.0852,0.0672,0.2567,0.0894,0.0711,0.0968,0.1218,0.0312,0.1067,0.1032,0.1038,0.0975,0.0497,0.1192,0.058,0.1635,0.2307,0.0114,0.0606,0.1473,0.1464,0.0296,0.2262,0.0968,0.1482,0.1854,0.2857,0.0164,0.0842,0.2656,0.0362,0.1849,0.13,0.01,0.2635,0.0038,0.0133,0.123,0.2476,0.0581,0.0844,0.0012
44485,0.6175,0.6183,0.5788,0.6115,0.5986,0.6185,0.6471,0.6153,0.6112,0.5892,0.5933,0.6172,0.5961,0.6867,0.6063,0.6017,0.6007,0.6069,0.5993,0.6143,0.6134,0.6291,0.6331,0.6373,0.5967,0.5558,0.6185,0.6416,0.5922,0.5752,0.616,0.5713,0.6269,0.6238,0.6362,0.5897,0.6279,0.6203,0.6556,0.5999,0.6192,0.5986,0.5799,0.6262,0.6091,0.5955,0.6323,0.6418,0.6283,0.6257,0.5956,0.6475,0.625,0.6202,0.5881,0.6181,0.6361,0.6186,0.6076,0.6303,0.6267,0.6286,0.607,0.6374,0.6224,0.6416,0.5902,0.6224,0.584,0.6618,0.5917,0.6161,0.6726,0.6385,0.6344,0.6131,0.6237,0.6024,0.6405,0.6516,0.6025,0.6085,0.5934,0.6108,0.639,0.5969,0.6004,0.6075,0.6185,0.649,0.6496,0.6142,0.6394,0.57,0.5857,0.6092,0.6347,0.5771,0.6448,0.6079,0.6021,0.6058,0.6195,0.627,0.6003,0.6293,0.5311,0.635,0.6164,0.641,0.5879,0.6219,0.5704
42445,0.0413,0.0457,0.0409,0.0559,0.0433,0.068,0.0665,0.0534,0.0455,0.0754,0.0402,0.053,0.0397,0.0472,0.0409,0.0729,0.0545,0.0684,0.0509,0.0674,0.0513,0.0558,0.0562,0.0577,0.0725,0.0456,0.0574,0.0449,0.056,0.0693,0.0498,0.0678,0.0604,0.0696,0.0827,0.0563,0.0581,0.0504,0.0522,0.049,0.0838,0.0491,0.0434,0.0654,0.0638,0.0477,0.0371,0.0599,0.0305,0.0828,0.0509,0.0566,0.062,0.0569,0.0571,0.0591,0.0578,0.0457,0.0442,0.0564,0.0396,0.0569,0.0703,0.0611,0.0509,0.0951,0.0596,0.0639,0.0577,0.0671,0.0737,0.1028,0.0735,0.0646,0.081,0.0792,0.0649,0.0624,0.0621,0.0726,0.0581,0.0724,0.0725,0.0761,0.0825,0.0841,0.0563,0.0845,0.0692,0.0623,0.0428,0.0883,0.0828,0.0911,0.0708,0.1226,0.0962,0.0658,0.0901,0.0902,0.1011,0.0724,0.0679,0.1071,0.0927,0.1084,0.0575,0.0595,0.0686,0.0876,0.0805,0.0934,0.0788
