,ones,zeros,Unbalance_percent_bs
42644,103,10,8.85
42469,106,7,6.19
47035,2,111,1.77
42779,63,50,44.25
39678,1,112,0.88
45473,27,86,23.89
46161,19,94,16.81
44551,108,5,4.42
46122,112,1,0.88
39506,112,1,0.88
48192,78,35,30.97
40389,34,79,30.09
45179,11,102,9.73
42762,1,112,0.88
48217,95,18,15.93
43885,112,1,0.88
47784,91,22,19.47
41366,44,69,38.94
40882,108,5,4.42
41882,12,101,10.62
48239,10,103,8.85
45289,1,112,0.88
41819,95,18,15.93
42904,1,112,0.88
47254,78,35,30.97
39594,65,48,42.48
43325,2,111,1.77
47920,107,6,5.31
47034,112,1,0.88
46493,3,110,2.65
40184,112,1,0.88
48482,93,20,17.7
43658,23,90,20.35
42889,2,111,1.77
39918,109,4,3.54
40852,112,1,0.88
47786,69,44,38.94
42382,102,11,9.73
45375,1,112,0.88
44119,78,35,30.97
43533,49,64,43.36
45114,112,1,0.88
44092,84,29,25.66
47505,61,52,46.02
42646,112,1,0.88
47452,37,76,32.74
47251,3,110,2.65
47451,112,1,0.88
45452,109,4,3.54
46618,10,103,8.85
48592,41,72,36.28
43397,106,7,6.19
45205,112,1,0.88
44253,70,43,38.05
43570,103,10,8.85
43884,112,1,0.88
45059,110,3,2.65
42283,111,2,1.77
47978,2,111,1.77
44618,105,8,7.08
45088,21,92,18.58
39087,46,67,40.71
46530,107,6,5.31
43526,45,68,39.82
40665,103,10,8.85
40786,112,1,0.88
45151,13,100,11.5
45515,87,26,23.01
41585,33,80,29.2
48751,106,7,6.19
45410,10,103,8.85
45149,60,53,46.9
47587,9,104,7.96
45108,112,1,0.88
42147,82,31,27.43
44650,112,1,0.88
47892,101,12,10.62
39528,12,101,10.62
42768,15,98,13.27
42815,52,61,46.02
47525,30,83,26.55
40424,110,3,2.65
43975,23,90,20.35
39754,2,111,1.77
43227,19,94,16.81
43581,59,54,47.79
48444,77,36,31.86
48054,108,5,4.42
40807,111,2,1.77
47571,9,104,7.96
42826,3,110,2.65
44489,97,16,14.16
42659,112,1,0.88
48114,87,26,23.01
39706,109,4,3.54
48719,24,89,21.24
42928,24,89,21.24
47287,85,28,24.78
43124,53,60,46.9
40359,1,112,0.88
47380,2,111,1.77
47736,86,27,23.89
40886,5,108,4.42
45942,59,54,47.79
48129,112,1,0.88
40534,112,1,0.88
47124,111,2,1.77
40986,112,1,0.88
44791,109,4,3.54
44891,96,17,15.04
44470,79,34,30.09
43991,39,74,34.51
45905,22,91,19.47
45713,1,112,0.88
43510,84,29,25.66
46291,110,3,2.65
39190,110,3,2.65
44320,67,46,40.71
41168,5,108,4.42
48028,4,109,3.54
45818,75,38,33.63
44070,52,61,46.02
41590,1,112,0.88
43997,112,1,0.88
46558,78,35,30.97
43084,112,1,0.88
42837,102,11,9.73
46315,26,87,23.01
44159,112,1,0.88
46663,1,112,0.88
39711,26,87,23.01
48263,101,12,10.62
41492,3,110,2.65
48106,31,82,27.43
41155,112,1,0.88
44728,5,108,4.42
43503,6,107,5.31
43718,19,94,16.81
40019,3,110,2.65
48126,54,59,47.79
41204,109,4,3.54
39800,104,9,7.96
40433,4,109,3.54
48586,12,101,10.62
40200,112,1,0.88
40466,87,26,23.01
46256,1,112,0.88
40688,27,86,23.89
48517,6,107,5.31
43525,15,98,13.27
48112,111,2,1.77
48736,107,6,5.31
46654,48,65,42.48
39655,7,106,6.19
43277,2,111,1.77
40083,31,82,27.43
40849,11,102,9.73
48350,12,101,10.62
42139,2,111,1.77
45835,111,2,1.77
40326,71,42,37.17
47814,41,72,36.28
39143,6,107,5.31
42409,112,1,0.88
44928,8,105,7.08
42891,10,103,8.85
43957,2,111,1.77
41081,10,103,8.85
40385,1,112,0.88
48306,30,83,26.55
41801,52,61,46.02
42090,106,7,6.19
47772,112,1,0.88
42143,48,65,42.48
41636,29,84,25.66
48340,3,110,2.65
39519,111,2,1.77
44481,16,97,14.16
40077,90,23,20.35
47868,111,2,1.77
42570,1,112,0.88
40580,8,105,7.08
39335,37,76,32.74
44104,81,32,28.32
48837,4,109,3.54
44790,2,111,1.77
44719,112,1,0.88
46387,112,1,0.88
42416,43,70,38.05
46629,45,68,39.82
47356,2,111,1.77
40588,7,106,6.19
44992,1,112,0.88
41360,112,1,0.88
47286,106,7,6.19
40737,112,1,0.88
41344,51,62,45.13
43445,13,100,11.5
44432,112,1,0.88
43638,63,50,44.25
42478,106,7,6.19
44384,2,111,1.77
39555,3,110,2.65
47838,11,102,9.73
40097,2,111,1.77
41698,2,111,1.77
43898,6,107,5.31
47785,17,96,15.04
43037,110,3,2.65
42551,3,110,2.65
45840,31,82,27.43
41175,101,12,10.62
44048,69,44,38.94
44787,8,105,7.08
46475,24,89,21.24
44436,26,87,23.01
47403,112,1,0.88
44397,108,5,4.42
40141,38,75,33.63
40659,46,67,40.71
40230,52,61,46.02
44340,84,29,25.66
42272,57,56,49.56
45462,80,33,29.2
41139,88,25,22.12
46866,107,6,5.31
48734,112,1,0.88
47288,1,112,0.88
44877,1,112,0.88
46970,30,83,26.55
43160,2,111,1.77
43634,24,89,21.24
48425,57,56,49.56
47528,91,22,19.47
43316,112,1,0.88
48820,9,104,7.96
39826,14,99,12.39
48497,9,104,7.96
39833,108,5,4.42
46816,1,112,0.88
41303,4,109,3.54
48599,11,102,9.73
44322,1,112,0.88
42117,8,105,7.08
46155,51,62,45.13
42242,2,111,1.77
44018,15,98,13.27
42783,12,101,10.62
41556,111,2,1.77
41705,94,19,16.81
44527,61,52,46.02
42951,2,111,1.77
46680,16,97,14.16
44614,20,93,17.7
45073,21,92,18.58
39126,99,14,12.39
45976,1,112,0.88
43835,1,112,0.88
42591,109,4,3.54
42385,56,57,49.56
41558,44,69,38.94
41676,112,1,0.88
44118,10,103,8.85
39261,95,18,15.93
42437,2,111,1.77
45164,112,1,0.88
43654,6,107,5.31
41336,12,101,10.62
40365,111,2,1.77
46803,87,26,23.01
42253,108,5,4.42
40345,107,6,5.31
45864,22,91,19.47
40158,75,38,33.63
48795,2,111,1.77
48025,100,13,11.5
44866,16,97,14.16
41432,74,39,34.51
45244,112,1,0.88
41073,13,100,11.5
48139,1,112,0.88
47707,18,95,15.93
41910,14,99,12.39
41214,103,10,8.85
47797,111,2,1.77
41568,26,87,23.01
47548,9,104,7.96
41429,107,6,5.31
40599,3,110,2.65
40715,93,20,17.7
45674,9,104,7.96
48763,79,34,30.09
40857,104,9,7.96
48026,112,1,0.88
42074,14,99,12.39
42549,32,81,28.32
46560,1,112,0.88
41839,24,89,21.24
39839,1,112,0.88
45013,58,55,48.67
39495,25,88,22.12
42319,37,76,32.74
44447,110,3,2.65
47485,98,15,13.27
40065,112,1,0.88
43276,10,103,8.85
42988,11,102,9.73
46583,75,38,33.63
41903,34,79,30.09
40959,10,103,8.85
42503,1,112,0.88
40041,38,75,33.63
40764,106,7,6.19
42740,107,6,5.31
41349,112,1,0.88
41704,75,38,33.63
44236,1,112,0.88
46748,58,55,48.67
40766,42,71,37.17
47083,1,112,0.88
42568,112,1,0.88
41183,108,5,4.42
41854,43,70,38.05
41706,90,23,20.35
48826,19,94,16.81
40615,109,4,3.54
41790,10,103,8.85
39733,100,13,11.5
46681,112,1,0.88
42649,106,7,6.19
42473,102,11,9.73
45464,54,59,47.79
48113,14,99,12.39
46324,1,112,0.88
41080,64,49,43.36
48016,10,103,8.85
42138,72,41,36.28
39750,59,54,47.79
44380,2,111,1.77
41161,3,110,2.65
44477,29,84,25.66
42607,1,112,0.88
41969,112,1,0.88
43799,40,73,35.4
43578,57,56,49.56
41559,62,51,45.13
43164,1,112,0.88
43992,99,14,12.39
40087,112,1,0.88
48286,10,103,8.85
39478,1,112,0.88
40855,40,73,35.4
42663,103,10,8.85
48635,110,3,2.65
46257,56,57,49.56
40972,112,1,0.88
45733,110,3,2.65
43082,29,84,25.66
47009,85,28,24.78
41571,92,21,18.58
39537,111,2,1.77
42377,4,109,3.54
45479,95,18,15.93
44923,101,12,10.62
40604,14,99,12.39
41140,107,6,5.31
42933,7,106,6.19
47278,16,97,14.16
40206,1,112,0.88
43186,1,112,0.88
43611,24,89,21.24
45751,109,4,3.54
47062,32,81,28.32
44573,78,35,30.97
45393,112,1,0.88
43728,45,68,39.82
46699,46,67,40.71
43117,24,89,21.24
39559,107,6,5.31
41388,40,73,35.4
39727,2,111,1.77
45446,58,55,48.67
45857,43,70,38.05
47502,27,86,23.89
42022,21,92,18.58
44693,27,86,23.89
41403,2,111,1.77
