,lr,seed,epoch,dataset,eval_f1,eval_acc,train_f1,eval_loss,train_acc,batch_size,train_loss
Expr-9-ep-0.pt,0.01,42,0,adult_dataset,0.5084190368652344,0.8110026121139526,0.4707116484642029,0.5537203997373581,0.8029271364212036,512,1.701138994136414
Expr-9-ep-1.pt,0.01,42,1,adult_dataset,0.6854020357131958,0.8338476419448853,0.5921942591667175,0.3624399587512016,0.8261617422103882,512,0.38333819980745193
Expr-9-ep-2.pt,0.01,42,2,adult_dataset,0.6649028062820435,0.8437174558639526,0.6075754165649414,0.34230374693870547,0.8283752799034119,512,0.3777702771998071
Expr-9-ep-3.pt,0.01,42,3,adult_dataset,0.597560703754425,0.8348372578620911,0.6208710670471191,0.34003239423036574,0.8361691832542419,512,0.34830963572898466
Expr-9-ep-4.pt,0.01,42,4,adult_dataset,0.6253641843795776,0.8349218368530273,0.6232031583786011,0.33911558538675307,0.8386803269386292,512,0.3427759215429232
Expr-9-ep-5.pt,0.01,42,5,adult_dataset,0.6339354515075684,0.8359960317611694,0.6245641708374023,0.3367388367652893,0.8388646245002747,512,0.345699885061809
Expr-9-ep-6.pt,0.01,42,6,adult_dataset,0.6356821060180664,0.8374674916267395,0.6341257691383362,0.3411550983786583,0.8431074619293213,512,0.3497973916592536
Expr-9-ep-7.pt,0.01,42,7,adult_dataset,0.641194224357605,0.8369792103767395,0.635716438293457,0.33768069595098493,0.8442116379737854,512,0.3533171299216035
Expr-8-ep-0.pt,0.01,42,0,adult_dataset,0.6531434059143066,0.8078191876411438,0.5424067974090576,5.619697191776374,0.7982212901115417,256,5.698199127234664
Expr-8-ep-1.pt,0.01,42,1,adult_dataset,0.6136307120323181,0.810523509979248,0.5978524684906006,3.4769785648737197,0.8113136291503906,256,4.749992367488886
Expr-8-ep-2.pt,0.01,42,2,adult_dataset,0.6523842215538025,0.8173344135284424,0.6047081351280212,3.4680011119598,0.8178053498268127,256,3.462976279211979
Expr-8-ep-3.pt,0.01,42,3,adult_dataset,0.47650259733200073,0.7904914617538452,0.49886664748191833,5.7801522475022535,0.8001497983932495,256,4.755763269327824
Expr-8-ep-4.pt,0.01,42,4,adult_dataset,0.4862843155860901,0.7919938564300537,0.47306373715400696,5.777899846052512,0.7975456118583679,256,5.335059273476694
Expr-8-ep-5.pt,0.01,42,5,adult_dataset,0.4763948023319245,0.7926949858665466,0.480003297328949,5.7753034616128,0.8020237684249878,256,5.330327183592553
Expr-8-ep-6.pt,0.01,42,6,adult_dataset,0.48625314235687256,0.7956530451774597,0.48230838775634766,5.775024450742281,0.8038262724876404,256,5.328052040019067
Expr-8-ep-7.pt,0.01,42,7,adult_dataset,0.48569414019584656,0.7962005734443665,0.47353631258010864,5.773987641701331,0.8020646572113037,256,5.328843396473554
Expr-7-ep-0.pt,0.01,42,0,adult_dataset,0.5165616869926453,0.7639880776405334,0.23227111995220184,8.223371662102737,0.7776297926902771,128,7.603898550252445
Expr-7-ep-1.pt,0.01,42,1,adult_dataset,0.4856569468975067,0.7902191281318665,0.41564637422561646,8.187918867383685,0.7928791046142578,128,7.618504395250414
Expr-7-ep-2.pt,0.01,42,2,adult_dataset,0.4552950263023377,0.794581949710846,0.4177737236022949,8.187438172179384,0.7959306836128235,128,7.613617239623773
Expr-7-ep-3.pt,0.01,42,3,adult_dataset,0.47214680910110474,0.7956709861755371,0.41969263553619385,8.185144141122892,0.7976161241531372,128,7.609866304084903
Expr-7-ep-4.pt,0.01,42,4,adult_dataset,0.4713881909847259,0.7957724332809448,0.42220383882522583,8.18347788011873,0.7991564273834229,128,7.608425940841925
Expr-7-ep-5.pt,0.01,42,5,adult_dataset,0.4968491494655609,0.7906994223594666,0.42310652136802673,8.187235420400446,0.7993869185447693,128,7.606590602437004
Expr-7-ep-6.pt,0.01,42,6,adult_dataset,0.47670429944992065,0.7970914244651794,0.4270034432411194,8.182824017165544,0.7990778684616089,128,7.605380435849799
Expr-7-ep-7.pt,0.01,42,7,adult_dataset,0.49606654047966,0.7913352251052856,0.4234645664691925,8.188410543776177,0.7989497780799866,128,7.606348149502864
Expr-7-ep-8.pt,0.01,42,8,adult_dataset,0.5118236541748047,0.7892789244651794,0.4238531291484833,8.18993871242969,0.7996174693107605,128,7.605058985069149
Expr-7-ep-9.pt,0.01,42,9,adult_dataset,0.4983841180801392,0.7932358980178833,0.4232943058013916,8.185147392285334,0.8001587986946106,128,7.604309941119835
Expr-7-ep-10.pt,0.01,42,10,adult_dataset,0.4872722327709198,0.7944534420967102,0.41879957914352417,8.182684896828292,0.7994399070739746,128,7.604775764121384
Expr-7-ep-11.pt,0.01,42,11,adult_dataset,0.5045870542526245,0.7943519949913025,0.4281120896339417,8.184212630445307,0.8006420731544495,128,7.602734110003612
Expr-6-ep-0.pt,0.01,42,0,adult_dataset,0.41248705983161926,0.785443902015686,0.27078282833099365,8.203597562180626,0.7807304263114929,64,7.608520868664883
Expr-6-ep-1.pt,0.01,42,1,adult_dataset,0.4207857549190521,0.7888140082359314,0.39739084243774414,8.198575050417894,0.7916642427444458,64,7.618809563385659
Expr-6-ep-2.pt,0.01,42,2,adult_dataset,0.4366546869277954,0.7896310091018677,0.39869651198387146,8.196183769726286,0.7951405048370361,64,7.613211861570351
Expr-6-ep-3.pt,0.01,42,3,adult_dataset,0.4351218640804291,0.7907543778419495,0.39782488346099854,8.194515956577911,0.7959199547767639,64,7.611284075848392
Expr-6-ep-4.pt,0.01,42,4,adult_dataset,0.4860531687736511,0.7879970073699951,0.4058711528778076,8.200686747926513,0.7961687445640564,64,7.609153768591216
Expr-6-ep-5.pt,0.01,42,5,adult_dataset,0.472094863653183,0.7892225384712219,0.4084480404853821,8.198132667666167,0.7977898120880127,64,7.607333707174317
Expr-6-ep-6.pt,0.01,42,6,adult_dataset,0.4715811610221863,0.7905501127243042,0.41111570596694946,8.203295188012467,0.7983277440071106,64,7.606211067443011
Expr-6-ep-7.pt,0.01,42,7,adult_dataset,0.4607971310615539,0.7908564805984497,0.4188454449176788,8.194439774440005,0.7987632155418396,64,7.605846048671691
Expr-6-ep-8.pt,0.01,42,8,adult_dataset,0.4742401838302612,0.792286217212677,0.41646334528923035,8.192493839298978,0.7990412712097168,64,7.605022598241196
Expr-6-ep-9.pt,0.01,42,9,adult_dataset,0.4647810161113739,0.792388379573822,0.41907182335853577,8.191546432917415,0.7990120053291321,64,7.604662627348157
Expr-6-ep-10.pt,0.01,42,10,adult_dataset,0.49048689007759094,0.7931032180786133,0.4182940423488617,8.192908775572683,0.7995023727416992,64,7.604040507923385
Expr-6-ep-11.pt,0.01,42,11,adult_dataset,0.4774304926395416,0.7941244840621948,0.4194495975971222,8.191053151889564,0.7999853491783142,64,7.603967156077995
Expr-6-ep-12.pt,0.01,42,12,adult_dataset,0.47863849997520447,0.7949414849281311,0.4230688810348511,8.192837244252754,0.8003988862037659,64,7.602784157068026
Expr-6-ep-13.pt,0.01,42,13,adult_dataset,0.47013112902641296,0.7946351170539856,0.4221240878105163,8.190901160240173,0.8004427552223206,64,7.601572586009737
Expr-6-ep-14.pt,0.01,42,14,adult_dataset,0.4754348397254944,0.7946351170539856,0.42285075783729553,8.190791062669817,0.8006806373596191,64,7.601627149787105
Expr-6-ep-15.pt,0.01,42,15,adult_dataset,0.46860939264297485,0.7945329546928406,0.42956972122192383,8.18926797427383,0.8019832968711853,64,7.599762042501911
Expr-6-ep-16.pt,0.01,42,16,adult_dataset,0.4573284089565277,0.7935117483139038,0.4303986728191376,8.189974136894046,0.801965057849884,64,7.599963359827878
Expr-6-ep-17.pt,0.01,42,17,adult_dataset,0.4478731751441955,0.793001115322113,0.4288528561592102,8.189404816798914,0.8015515208244324,64,7.599885741096051
Expr-5-ep-0.pt,0.01,42,0,adult_dataset,0.6266046166419983,0.8154234886169434,0.4824744164943695,0.3724567081107468,0.7956711053848267,32,0.588231994431527
Expr-5-ep-1.pt,0.01,42,1,adult_dataset,0.6073942184448242,0.8134835958480835,0.5770270824432373,0.3684804094130876,0.8089737296104431,32,0.6734634754354837
Expr-5-ep-2.pt,0.01,42,2,adult_dataset,0.5563762187957764,0.8131762146949768,0.5906233191490173,0.36993790860058834,0.8128671646118164,32,0.37077128840763063
Expr-5-ep-3.pt,0.01,42,3,adult_dataset,0.5703407526016235,0.8158469796180725,0.5663625001907349,0.3684970528375907,0.8140881061553955,32,0.3664066966317716
Expr-5-ep-4.pt,0.01,42,4,adult_dataset,0.580374538898468,0.8169740438461304,0.5642420649528503,2.812569681054256,0.8139856457710266,32,0.47123581186914054
Expr-5-ep-5.pt,0.01,42,5,adult_dataset,0.5817674994468689,0.8137021660804749,0.5580486059188843,2.8119012523381435,0.8162397742271423,32,2.52891351539092
Expr-5-ep-6.pt,0.01,42,6,adult_dataset,0.5792921781539917,0.8134903907775879,0.5580805540084839,2.8112706912834136,0.8170081973075867,32,2.5328661792346687
Expr-5-ep-7.pt,0.01,42,7,adult_dataset,0.5754265785217285,0.818196713924408,0.5570248961448669,0.36352966247034857,0.8169825673103333,32,1.9922190525981247
Expr-5-ep-8.pt,0.01,42,8,adult_dataset,0.5865468382835388,0.8131762146949768,0.570137083530426,0.3671772732597883,0.8157616257667542,32,0.3629055072416047
Expr-5-ep-9.pt,0.01,42,9,adult_dataset,0.5863398909568787,0.8178893327713013,0.571752667427063,0.36333302660066574,0.8168032765388489,32,0.36259738429159416
Expr-5-ep-10.pt,0.01,42,10,adult_dataset,0.569381833076477,0.8148155808448792,0.5729188323020935,0.36242366970562545,0.8162909746170044,32,0.3618718559441508
Expr-5-ep-11.pt,0.01,42,11,adult_dataset,0.5751933455467224,0.8163524866104126,0.5727203488349915,0.36189671999118367,0.8178876638412476,32,0.36023295558378343
Expr-5-ep-12.pt,0.01,42,12,adult_dataset,0.5696949362754822,0.8158401846885681,0.5712437629699707,0.36115766646432096,0.8174180388450623,32,0.3615688854920082
Expr-4-ep-0.pt,0.01,42,0,adult_dataset,0.33088457584381104,0.7868413329124451,0.2678106725215912,8.207310639480587,0.7828124761581421,16,7.521578282737708
Expr-4-ep-1.pt,0.01,42,1,adult_dataset,0.35693615674972534,0.7920814156532288,0.3385721445083618,8.198926062845304,0.7922131419181824,16,7.614421136350539
Expr-4-ep-2.pt,0.01,42,2,adult_dataset,0.35267525911331177,0.7915691137313843,0.3515334129333496,8.197936465737762,0.7944928407669067,16,7.612603372886594
Expr-4-ep-3.pt,0.01,42,3,adult_dataset,0.38966119289398193,0.7958723902702332,0.35807278752326965,8.194057305975527,0.7949538826942444,16,7.610202082634339
Expr-4-ep-4.pt,0.01,42,4,adult_dataset,0.3799823224544525,0.7924911975860596,0.35610347986221313,8.193484189007126,0.7949538826942444,16,7.607567337275956
Expr-4-ep-5.pt,0.01,42,5,adult_dataset,0.3576169013977051,0.7946428656578064,0.3607498705387115,8.194508325369632,0.7961065769195557,16,7.607517637075765
Expr-4-ep-6.pt,0.01,42,6,adult_dataset,0.3390198051929474,0.7939256429672241,0.3651759326457978,8.197302228297856,0.7961321473121643,16,7.60588312801737
Expr-4-ep-7.pt,0.01,42,7,adult_dataset,0.3631739914417267,0.7947453260421753,0.3665147125720978,8.194286025510948,0.7966957092285156,16,7.605396983853434
Expr-4-ep-8.pt,0.01,42,8,adult_dataset,0.4635993242263794,0.7961797714233398,0.42297667264938354,7.927462992011035,0.79628586769104,16,7.632813947095124
Expr-4-ep-9.pt,0.01,42,9,adult_dataset,0.41741833090782166,0.7958723902702332,0.4405706226825714,7.930927272977644,0.797028660774231,16,7.656394048850434
Expr-4-ep-10.pt,0.01,42,10,adult_dataset,0.42917361855506897,0.7965896129608154,0.4401930570602417,7.930487950934006,0.7965676188468933,16,7.656594752076036
Expr-4-ep-11.pt,0.01,42,11,adult_dataset,0.42572683095932007,0.7958723902702332,0.4392944872379303,7.931765804543603,0.7963883280754089,16,7.656368714309924
Expr-4-ep-12.pt,0.01,42,12,adult_dataset,0.34422022104263306,0.7925790548324585,0.41490793228149414,8.20800139140643,0.7965419888496399,16,7.613138904249998
Expr-4-ep-13.pt,0.01,42,13,adult_dataset,0.3505565822124481,0.7951551675796509,0.372043251991272,8.19943746719204,0.7981045246124268,16,7.60817899235112
Expr-4-ep-14.pt,0.01,42,14,adult_dataset,0.3067004978656769,0.7906469702720642,0.36997804045677185,8.202201664466106,0.7970799207687378,16,7.6057859435906545
Expr-4-ep-15.pt,0.01,42,15,adult_dataset,0.31371718645095825,0.7915691137313843,0.35643619298934937,8.200691000463777,0.7957735657691956,16,7.610748163265649
Expr-3-ep-0.pt,0.01,42,0,adult_dataset,0.3466764986515045,0.7929303050041199,0.179523304104805,8.216419970175465,0.7777208685874939,8,7.598835072914403
Expr-3-ep-1.pt,0.01,42,1,adult_dataset,0.3352135717868805,0.7932376861572266,0.2740146517753601,8.204917520981619,0.7916581034660339,8,7.620391396185773
Expr-3-ep-2.pt,0.01,42,2,adult_dataset,0.31969910860061646,0.793749988079071,0.279636949300766,8.199313677697763,0.7929647564888,8,7.616139559412385
Expr-3-ep-3.pt,0.01,42,3,adult_dataset,0.38746726512908936,0.7963456511497498,0.3544467091560364,7.933074375262988,0.7937077283859253,8,7.647754408104651
Expr-3-ep-4.pt,0.01,42,4,adult_dataset,0.40066641569137573,0.7944672107696533,0.3625657558441162,7.932584931674322,0.7942713499069214,8,7.664936029260241
Expr-3-ep-5.pt,0.01,42,5,adult_dataset,0.3885411918163299,0.797028660774231,0.36187294125556946,7.930808150124752,0.7939895391464233,8,7.664217930295855
Expr-3-ep-6.pt,0.01,42,6,adult_dataset,0.5278199911117554,0.8185792565345764,0.494034081697464,5.673259281797228,0.8113086819648743,8,6.054503961602306
Expr-3-ep-7.pt,0.01,42,7,adult_dataset,0.5182570219039917,0.8206625580787659,0.5099409222602844,5.67667364588305,0.8131276965141296,8,5.8000650861964616
Expr-3-ep-8.pt,0.01,42,8,adult_dataset,0.5090370178222656,0.8198428750038147,0.5076063275337219,5.683782943049407,0.8137169480323792,8,5.800922492283828
Expr-3-ep-9.pt,0.01,42,9,adult_dataset,0.5439015626907349,0.8198087811470032,0.506942868232727,5.673416906466983,0.8135119676589966,8,5.799701229591989
Expr-3-ep-10.pt,0.01,42,10,adult_dataset,0.4091472923755646,0.7985997200012207,0.4417612850666046,7.9302119258253025,0.8045962452888489,8,6.655713326959634
Expr-3-ep-11.pt,0.01,42,11,adult_dataset,0.30776140093803406,0.778961718082428,0.3368825614452362,5.718520501417825,0.7873539924621582,8,6.663693048020427
Expr-3-ep-12.pt,0.01,42,12,adult_dataset,0.4258047044277191,0.796140730381012,0.4359890818595886,2.6536418878702355,0.7933233976364136,8,4.989806365842875
Expr-2-ep-0.pt,0.01,42,0,adult_dataset,0.2268712818622589,0.7907786965370178,0.12039559334516524,5.766762498897413,0.7731348872184753,4,5.4127379777511155
Expr-2-ep-1.pt,0.01,42,1,adult_dataset,0.3166691064834595,0.7929303050041199,0.2693552076816559,5.766048425581777,0.7847919464111328,4,5.348879174023452
Expr-2-ep-2.pt,0.01,42,2,adult_dataset,0.3427816331386566,0.7882171869277954,0.2803020775318146,5.780478114196454,0.7869952917098999,4,5.346604689362087
Expr-2-ep-3.pt,0.01,42,3,adult_dataset,0.33110904693603516,0.7943647503852844,0.2838957905769348,5.7875058733296125,0.7865853905677795,4,5.346704438471495
Expr-2-ep-4.pt,0.01,42,4,adult_dataset,0.2639579772949219,0.7910860776901245,0.2868747413158417,8.216260986158119,0.788455605506897,4,5.430713772255431
Expr-2-ep-5.pt,0.01,42,5,adult_dataset,0.26688146591186523,0.7909836173057556,0.22598399221897125,8.237802223368034,0.7859960794448853,4,7.622263347263865
Expr-2-ep-6.pt,0.01,42,6,adult_dataset,0.26285141706466675,0.7902663946151733,0.23682796955108645,8.226059988372006,0.7913762927055359,4,7.444053419936292
Expr-2-ep-7.pt,0.01,42,7,adult_dataset,0.42460668087005615,0.8065573573112488,0.3330617845058441,5.962343098532835,0.806620180606842,4,6.002756181829067
Expr-2-ep-8.pt,0.01,42,8,adult_dataset,0.402135968208313,0.8145492076873779,0.3520052134990692,5.952623820633105,0.8088235259056091,4,5.757088190304758
Expr-2-ep-9.pt,0.01,42,9,adult_dataset,0.28076136112213135,0.7908811569213867,0.3356592059135437,8.218587223322514,0.80656898021698,4,5.968685004101255
Expr-2-ep-10.pt,0.01,42,10,adult_dataset,0.2638076841831207,0.7907786965370178,0.22639499604701996,8.212570097539794,0.7915812730789185,4,7.619984115384327
Expr-2-ep-11.pt,0.01,42,11,adult_dataset,0.3903327286243438,0.813524603843689,0.26615849137306213,5.949154006491744,0.7961159944534302,4,7.109206326196624
Expr-2-ep-12.pt,0.01,42,12,adult_dataset,0.3903191089630127,0.8137295246124268,0.34848552942276,5.952143498611208,0.8092846870422363,4,5.758401646517506
Expr-2-ep-13.pt,0.01,42,13,adult_dataset,0.2435889095067978,0.7917008399963379,0.25843703746795654,8.21708463206137,0.7947837710380554,4,7.231384167595405
Expr-1-ep-0.pt,0.01,42,0,adult_dataset,0.28209298849105835,0.8064152598381042,0.1040339320898056,5.695709815246237,0.7767985463142395,2,6.414583822662608
Expr-1-ep-1.pt,0.01,42,1,adult_dataset,0.0,0.7537405490875244,0.11778351664543152,17.800130092748294,0.7767985463142395,2,10.75480741544516
Expr-1-ep-2.pt,0.01,42,2,adult_dataset,0.12837330996990204,0.7856118083000183,0.13271166384220123,8.210304312962156,0.781256377696991,2,7.7293703260793825
Expr-1-ep-3.pt,0.01,42,3,adult_dataset,0.15276363492012024,0.7861242294311523,0.14444592595100403,8.214438533393876,0.7881225943565369,2,7.633132186665743
Expr-1-ep-4.pt,0.01,42,4,adult_dataset,0.17435292899608612,0.7900184392929077,0.1529689580202103,7.9427494561418195,0.7844333052635193,2,8.18126362889733
Expr-1-ep-5.pt,0.01,42,5,adult_dataset,0.18542082607746124,0.7897109985351562,0.17768418788909912,7.939828522177401,0.7878663539886475,2,7.695529272441423
