,Expr-104-ep-2.pt,Expr-106-ep-2.pt,Expr-131-ep-2.pt,Expr-140-ep-2.pt,Expr-161-ep-3.pt,Expr-164-ep-2.pt,Expr-180-ep-2.pt,Expr-19-ep-3.pt,Expr-21-ep-1.pt,Expr-229-ep-3.pt,Expr-29-ep-3.pt,Expr-31-ep-2.pt,Expr-40-ep-1.pt
age,-0.002322249024707679,-0.001769327938088705,0.0002211575142698763,0.0011058391610381246,-0.0003317680675793966,0.0006634869051364012,0.00033177422380392674,-0.0017693156915521424,0.0004423486570809265,0.00044235087173982723,0.0012164263615602744,-0.0006635225044604454,-0.000995269710743707
balance,0.00011057415644466495,0.000995254695883463,-0.00033173517066664715,-0.00033176526629952185,-0.0012164202053357442,0.0008846797418978758,0.0022116451153749717,0.0012164001745367248,0.0004423486570809265,0.002322221763310872,0.0006634740719789756,0.0003317558539990273,-0.0023222479173782284
day,0.00387037554423153,0.0015481473808199864,0.0002211575142698763,0.0025433839837309957,0.0016587290446947733,0.0021010913324740477,-0.0002211780657773721,0.0006635074896002013,0.00298573845429162,0.0038703928067068682,0.0024328379521364463,-0.007409039758336178,-0.0035386595079544003
duration,0.07475394764582455,0.07209996002959318,0.07862433239143662,0.07696562424099418,0.06115227076222407,0.06491210836891204,0.06524385498857443,0.09255777647916319,0.10284199589295129,0.06601789093750521,0.07762910412645285,0.08813446400295533,0.08470637470988007
campaign,0.00011057415644466495,0.0023222329025179844,-0.0034280772574586393,-0.0015481768568756937,-0.0025433984119702657,0.0008846797418978758,-0.0008846373667722451,0.0005529408735418517,-0.00044230348067542113,-0.0008846869395394696,-0.002654001246929716,-0.0005528962837573204,0.0001105752637741153
pdays,7.540386315341152e-09,0.0015481473808199864,0.0013270024887876986,0.0011058391610381246,0.00033175083806025185,0.0007740535211947508,0.0011058001408571494,0.0006635074896002013,-0.0018799079080130676,-0.0002211680338998212,-0.0008846373667722451,-0.001548174642216793,-0.0003317508051040585
previous,0.003981001764934655,0.0006634952430636387,-0.00044230178672499676,-0.0006635247191193461,0.0019904884975145976,0.002322224564590747,0.004202142227649142,0.0017693524641180236,0.0036492573599312683,-0.001437579624475993,0.0016587524304384482,0.0026540124190930214,0.0012164202382919376
job_blue-collar,-0.0007740779813116827,-0.0013270018692105312,0.0016587619416075228,0.002211684135555947,-8.614759572367348e-09,0.00022116083625822736,0.001326992977618624,-0.0004423374849176209,0.0016587602476570984,0.0008846769406180011,0.0011058001408571494,-0.0033174789177294883,0.0005529013326522891
job_entrepreneur,0.00022114077250301456,-0.00044234973145418355,0.0003317241303282259,-5.813479697636126e-09,0.0006635102908800761,-0.00022116523261994647,1.477098410251898e-08,-0.00011057803209779671,0.0004423486570809265,-0.0001106014178414716,0.00033177422380392674,-0.00011057021487914653,0.0001105752637741153
job_housemaid,0.00033176699320613956,-0.00022115689469270894,-0.0006634946234864714,0.000995272544979775,0.00044231745411860146,0.0008846797418978758,0.0007741002926821006,0.0006635074896002013,0.00099524134201745,-0.0004423608706612958,-0.0004423112978940713,0.0005528890861157265,0.0003317681005355899
job_management,0.0012164191309624872,0.000995254695883463,0.0004423503510313509,0.00011056080257865197,-0.00022114184687627159,2.760414152813695e-08,0.0007741002926821006,0.0022116785329961974,-0.0015481484551932434,0.0005529174877981768,0.0014375595936769736,-0.0016587412582751426,-0.0005529436418655331
job_retired,-0.003317467778522376,-0.001769327938088705,-0.0026539917357606413,-0.0013269840201142191,0.0006635102908800761,0.0012164391947177,0.0012164263615602744,-0.0008846635537957948,0.001769326863715448,-0.0012163867877145185,-0.0024328084101682412,-0.00265396001208984,-0.0027645739862564023
job_self-employed,7.540386315341152e-09,0.0002211691741854649,-0.0006634946234864714,-0.00011057242953804725,0.00033175083806025185,-0.0003317318486782961,0.00044234083986227635,-1.141603944709857e-08,0.0001105892042611023,2.4802861653405728e-08,-0.0007740707507138955,-0.00011057021487914653,-0.00011055796834258391
job_services,-0.0007740779813116827,-0.0008846758003323574,-0.0012163873084229948,-0.0013269840201142191,-0.0005529012996960958,-0.0014375768231961183,0.00033177422380392674,-0.0009952301698541444,-0.00044230348067542113,0.0005529174877981768,-0.002211675178051542,-0.0005528962837573204,0.0001105752637741153
job_student,0.0011058525149041376,-0.00022115689469270894,0.0005529169670897005,-5.813479697636126e-09,-0.00022114184687627159,0.00011059422019987775,0.00011058138704245213,-0.00011057803209779671,0.0001105892042611023,0.0016587624623159991,0.00011058138704245213,-3.598820796923974e-09,0.00022114187983246492
job_technician,-0.0005528851445502081,0.0004423024063021641,-0.00022116855460829754,0.0004423202553984762,0.0005528840701769511,0.0005529202890780516,-0.0002211780657773721,-0.0007740969377374451,-0.0005529297013785461,-0.0002211680338998212,1.477098410251898e-08,0.0005528890861157265,8.647715765697228e-09
job_unemployed,0.00022114077250301456,-0.00044234973145418355,-0.00033173517066664715,-0.00033176526629952185,-0.0003317680675793966,0.00022116083625822736,-0.0007740707507138955,-0.0003317708688592713,-0.00022117024855872192,-0.0004423608706612958,-0.0003317446818357217,-0.00011057021487914653,0.00022114187983246492
job_unknown,-0.00011055907567203427,-0.00022115689469270894,-0.00011060193854994793,0.00011056080257865197,-0.0003317680675793966,0.00022116083625822736,1.477098410251898e-08,0.0005529408735418517,-0.00022117024855872192,2.4802861653405728e-08,0.00033177422380392674,0.00011056301723755269,8.647715765697228e-09
marital_married,0.0025433973375970087,0.003206885040274332,0.0003317241303282259,0.00011056080257865197,0.0016587290446947733,0.00011059422019987775,0.0023222117314333213,-0.0008846635537957948,0.0023222195486519714,0.002764547832189046,1.477098410251898e-08,-0.0018799340950366172,-0.00011055796834258391
marital_single,0.0011058525149041376,0.000995254695883463,-0.00022116855460829754,0.0012164057770964742,0.0005528840701769511,-0.0004423580693814211,0.00011058138704245213,0.0002211814207220275,0.0011058079580757996,0.0038703928067068682,0.0007741002926821006,-0.0011058485733386192,0.0004423347165939395
education_secondary,-0.0005528851445502081,0.0008846880798251133,-0.00011060193854994793,0.00022118702328177697,-0.0026539650280286153,0.0005529202890780516,0.0011058001408571494,-0.0011058563905572694,2.2588202752693576e-08,0.00033172465103670223,-0.00011061144971902248,-3.598820796923974e-09,0.00022114187983246492
education_tertiary,0.0015481785837823114,-0.0013270018692105312,-0.001548146761242819,0.0023222507516142965,0.0016587290446947733,0.0014375724268343992,1.477098410251898e-08,0.0017693524641180236,-0.00099525577025672,0.004755044944463216,-0.0006635041346555459,-0.0032069123016711387,0.0004423347165939395
education_unknown,-0.00022118529637515927,0.0006634952430636387,2.428215317706872e-08,-0.00011057242953804725,-0.0012164202053357442,2.760414152813695e-08,-0.0005529375185971963,-0.0005529041009759705,-0.0011058223863150696,-0.000663494102777995,-0.0009952635874753701,-0.002322260163914791,-0.0015481623956802304
default_yes,0.00011057415644466495,0.00011060255812711528,0.00011059089821152668,-5.813479697636126e-09,0.00011055800129877724,2.760414152813695e-08,0.00022114800310080174,0.00011055520001890251,2.2588202752693576e-08,0.00011059141892000302,-0.0002211780657773721,0.00011056301723755269,0.0001105752637741153
housing_yes,0.001658745199840661,0.0026539923553378086,0.0004423503510313509,0.0026540102044341207,0.00110583635975825,0.0014375724268343992,0.0037598161587709678,0.0014375930112981994,0.0024328457693550964,0.00519737101334139,0.0015481858143800986,-0.0024328267799731407,0.00022114187983246492
loan_yes,-0.0003317519124335089,-2.366257600971977e-08,-0.000884687460247946,0.0012164057770964742,-0.00011057523081792198,-0.00022116523261994647,-0.0002211780657773721,-1.141603944709857e-08,0.0013270007948372742,-0.0005529274867196454,-0.0004423112978940713,0.0005528890861157265,-0.0005529436418655331
contact_telephone,0.00044233360926448917,0.000995254695883463,-0.00022116855460829754,-0.0008846579512360453,0.001769295660753123,0.002322224564590747,0.0023222117314333213,0.003096330670752545,0.0006634818891976257,0.00022115803497835262,-0.0005529375185971963,-0.00022113683093749614,0.0015481796911117618
contact_unknown,-0.00011055907567203427,-2.366257600971977e-08,0.0004423503510313509,-0.00022113904559639685,-0.00022114184687627159,-0.0003317318486782961,0.00011058138704245213,0.00011055520001890251,2.2588202752693576e-08,0.00044235087173982723,0.00011058138704245213,-0.0005528962837573204,-0.00011055796834258391
month_aug,0.001658745199840661,0.001769340217581461,0.0015481357209043978,0.0018799246827361227,0.0036492261569689433,0.00011059422019987775,0.0016587524304384482,0.0014375930112981994,0.0002211558203194519,-0.0016587128565926923,0.002543404568194796,0.0033174717200878945,0.0008846607854721134
month_dec,-0.00011055907567203427,-0.00011059027863435933,2.428215317706872e-08,-0.00022113904559639685,0.00011055800129877724,0.00022116083625822736,-0.0002211780657773721,-0.0005529041009759705,2.2588202752693576e-08,2.4802861653405728e-08,-0.00011061144971902248,-0.0009952223526354942,0.0004423347165939395
month_feb,0.00022114077250301456,0.000995254695883463,-0.0012163873084229948,0.0014375986138579488,0.0008846435229967753,-0.00011059861656159686,-0.0007740707507138955,0.0002211814207220275,2.2588202752693576e-08,-0.0001106014178414716,0.001326992977618624,0.0003317558539990273,0.0015481796911117618
month_jan,0.00011057415644466495,-0.0006634829635708828,2.428215317706872e-08,-0.000995224567294395,-0.0006634679157544454,-0.00022116523261994647,-0.00011061144971902248,-0.001216423006615619,-0.0007740629334952454,0.00044235087173982723,-0.002875134479046415,-0.0013269818054553184,-0.0006635102579238827
month_jul,7.540386315341152e-09,0.0006634952430636387,2.428215317706872e-08,0.0003317536393401266,-0.0003317680675793966,-0.0008846841382595949,-0.0003317446818357217,-0.0023222679811334412,2.2588202752693576e-08,0.0013270030094961749,0.00044234083986227635,-0.00033176305164062114,0.0006634679487106387
month_jun,0.00044233360926448917,0.000995254695883463,-0.00033173517066664715,0.0019904912987944723,0.0005528840701769511,0.00033172745231657697,0.0012164263615602744,-0.00265396782930849,-0.0014375818391348938,0.00011059141892000302,-0.0004423112978940713,0.0011058413756970253,-0.000884643490040582
month_mar,0.002875156790416833,0.001658713996878336,0.0013270024887876986,0.0011058391610381246,0.0016587290446947733,0.00044235367301970197,0.0008846669087404502,-0.00022114464815614632,-0.0006634963174368957,0.0015481362416128741,1.477098410251898e-08,0.00022118923794067769,8.647715765697228e-09
month_may,0.00387037554423153,0.006856119812002848,0.010063016854937601,0.012164110092282021,0.009288958040971629,0.008625475354233081,0.011168852318286349,0.012274671105780621,0.018135570226142206,0.015592182643590413,0.009841874111651827,0.016034480310786137,0.006745525901591498
month_nov,-0.001105837434131507,-0.0018798945541470546,-0.0025434251197022917,-0.0012164174040558695,-0.0005529012996960958,-0.0009952507543179445,-0.0013270230402951944,-0.0009952301698541444,-0.0011058223863150696,-0.0021010985301156415,-0.00298576069974954,-0.00033176305164062114,-0.000995269710743707
month_oct,-0.002211682408649329,-0.0018798945541470546,0.0009952430359678743,-0.0006635247191193461,-0.0003317680675793966,0.00033172745231657697,1.477098410251898e-08,-0.003981005640587787,-0.0008846891541983704,0.0012164363934378253,-0.0017693491091733682,-0.0028751528488513145,-0.0006635102579238827
month_sep,0.00022114077250301456,-0.00022115689469270894,-0.00044230178672499676,-5.813479697636126e-09,0.00022118422200190224,2.760414152813695e-08,0.00033177422380392674,0.0003317480367803771,0.0008846747259591003,0.00011059141892000302,1.477098410251898e-08,-0.00011057021487914653,0.0001105752637741153
poutcome_other,-0.00022118529637515927,0.000995254695883463,-0.000884687460247946,-5.813479697636126e-09,0.0005528840701769511,0.00022116083625822736,1.477098410251898e-08,-0.0009952301698541444,0.0008846747259591003,0.0014375696255545245,0.000552907455920626,-0.00011057021487914653,-0.0003317508051040585
poutcome_success,0.029967911631267663,0.03295365589903898,0.03295364423912339,0.03184782877361747,0.032621911494035594,0.034723011441269214,0.024217620361804415,0.011942911652960797,0.015923939881751337,0.02244832611816927,0.026208117474078585,0.026871618009913334,0.026318677966868598
poutcome_unknown,7.540386315341152e-09,0.00011060255812711528,-0.00022116855460829754,0.0003317536393401266,-0.0005529012996960958,-0.0004423580693814211,-0.0002211780657773721,-0.0007740969377374451,2.2588202752693576e-08,0.0008846769406180011,-0.0013270230402951944,-0.00011057021487914653,0.0003317681005355899
