,index,Expr-614-ep-4.pt,Expr-615-ep-4.pt,Expr-616-ep-0.pt
0,4937,0.17879143357276917,0.17612455785274506,0.2956418991088867
1,4938,0.4959048926830292,0.5061115026473999,0.6023756265640259
2,4939,0.41059765219688416,0.40799057483673096,0.5364595055580139
3,4940,0.7458475828170776,0.7030264139175415,0.5898960828781128
4,4941,0.19680452346801758,0.19247199594974518,0.3296067714691162
5,4942,0.21962624788284302,0.20717310905456543,0.29038330912590027
6,4943,0.22494855523109436,0.2436296045780182,0.3100068271160126
7,4944,0.26141732931137085,0.2784901261329651,0.44011518359184265
8,4945,0.30260735750198364,0.34438344836235046,0.39658045768737793
9,4946,0.28101423382759094,0.3066295385360718,0.4730170965194702
10,4947,0.6993025541305542,0.7076216340065002,0.6214067935943604
11,4948,0.7434892654418945,0.6921055316925049,0.5770066976547241
12,4949,0.7304933071136475,0.7014172077178955,0.6243544816970825
13,4950,0.2754291296005249,0.30352455377578735,0.49244746565818787
14,4951,0.4612880051136017,0.45836156606674194,0.4906650483608246
15,4952,0.32936403155326843,0.34687572717666626,0.41462600231170654
16,4953,0.4243834316730499,0.4381196200847626,0.5483730435371399
17,4954,0.30260735750198364,0.34438344836235046,0.39658045768737793
18,4955,0.22262193262577057,0.23621433973312378,0.3361537754535675
19,4956,0.2942548394203186,0.30227240920066833,0.3548739552497864
20,4957,0.5044159889221191,0.48832857608795166,0.612845242023468
21,4958,0.18792475759983063,0.1961863785982132,0.30622944235801697
22,4959,0.7240087389945984,0.7182192206382751,0.6179162263870239
23,4960,0.9167822599411011,0.9181313514709473,0.6314018368721008
24,4961,0.7566755414009094,0.762897789478302,0.6145443916320801
25,4962,0.7048667669296265,0.7034454345703125,0.5836882591247559
26,4963,0.2205844521522522,0.20860184729099274,0.41546469926834106
27,4964,0.5380825400352478,0.5938359498977661,0.56639164686203
28,4965,0.16171646118164062,0.1391204595565796,0.31553658843040466
29,4966,0.6993025541305542,0.7076216340065002,0.6214067935943604
30,4967,0.5044159889221191,0.48832857608795166,0.612845242023468
31,4968,0.21962624788284302,0.20717310905456543,0.29038330912590027
32,4969,0.30260735750198364,0.34438344836235046,0.39658045768737793
33,4970,0.2205844521522522,0.20860184729099274,0.41546469926834106
34,4971,0.7730937600135803,0.7396190166473389,0.645906925201416
35,4972,0.7566755414009094,0.762897789478302,0.6145443916320801
36,4973,0.4171968400478363,0.3607974052429199,0.3350200355052948
37,4974,0.1865772157907486,0.1654619723558426,0.3952908217906952
38,4975,0.38593950867652893,0.4403482675552368,0.5850908160209656
39,4976,0.47775715589523315,0.5392464995384216,0.6272690296173096
40,4977,0.6944685578346252,0.656818151473999,0.5500780940055847
41,4978,0.27015775442123413,0.2540442943572998,0.44370371103286743
42,4979,0.28669965267181396,0.2568381428718567,0.32735949754714966
43,4980,0.7599653601646423,0.7776036262512207,0.634429395198822
44,4981,0.22484271228313446,0.27123114466667175,0.35136961936950684
45,4982,0.30233830213546753,0.30297207832336426,0.3751485347747803
46,4983,0.7048667669296265,0.7034454345703125,0.5836882591247559
47,4984,0.2041812688112259,0.2243567258119583,0.3197123110294342
48,4985,0.14896446466445923,0.14891240000724792,0.272413432598114
49,4986,0.2017061710357666,0.20134639739990234,0.3951248824596405
50,4987,0.8017074465751648,0.7861204743385315,0.619879961013794
51,4988,0.21955297887325287,0.20965567231178284,0.3393823206424713
52,4989,0.49644923210144043,0.5289475321769714,0.41111671924591064
53,4990,0.7348780035972595,0.7180454730987549,0.6404863595962524
54,4991,0.7348780035972595,0.7180454730987549,0.6404863595962524
55,4992,0.2742690443992615,0.26204949617385864,0.43809178471565247
56,4993,0.49644923210144043,0.5289475321769714,0.41111671924591064
57,4994,0.30260735750198364,0.34438344836235046,0.39658045768737793
58,4995,0.7240087389945984,0.7182192206382751,0.6179162263870239
59,4996,0.28669965267181396,0.2568381428718567,0.32735949754714966
60,4997,0.6571547389030457,0.6690772771835327,0.5967140197753906
61,4998,0.5888572931289673,0.5800032019615173,0.5340437889099121
62,4999,0.33760690689086914,0.346795916557312,0.5039044618606567
63,5000,0.30260735750198364,0.34438344836235046,0.39658045768737793
64,5001,0.30233830213546753,0.30297207832336426,0.3751485347747803
65,5002,0.30260735750198364,0.34438344836235046,0.39658045768737793
66,5003,0.6951526999473572,0.6925551891326904,0.6290721297264099
67,5004,0.4171968400478363,0.3607974052429199,0.3350200355052948
68,5005,0.17594030499458313,0.14972028136253357,0.29078707098960876
69,5006,0.6630431413650513,0.6527586579322815,0.5831219553947449
70,5007,0.7730937600135803,0.7396190166473389,0.645906925201416
71,5008,0.17594030499458313,0.14972028136253357,0.29078707098960876
72,5009,0.30260735750198364,0.34438344836235046,0.39658045768737793
73,5010,0.6993025541305542,0.7076216340065002,0.6214067935943604
74,5011,0.26141732931137085,0.2784901261329651,0.44011518359184265
75,5012,0.6951526999473572,0.6925551891326904,0.6290721297264099
76,5013,0.34755071997642517,0.31208187341690063,0.48350730538368225
77,5014,0.19755645096302032,0.19458803534507751,0.3126402795314789
78,5015,0.3439357578754425,0.3902707099914551,0.5558198690414429
79,5016,0.30260735750198364,0.34438344836235046,0.39658045768737793
80,5017,0.7240087389945984,0.7182192206382751,0.6179162263870239
81,5018,0.28101423382759094,0.3066295385360718,0.4730170965194702
82,5019,0.5148464441299438,0.49538788199424744,0.5996232628822327
83,5020,0.30233830213546753,0.30297207832336426,0.3751485347747803
84,5021,0.16214244067668915,0.15646855533123016,0.29295578598976135
85,5022,0.2676525115966797,0.2825775444507599,0.4828989803791046
86,5023,0.19680452346801758,0.19247199594974518,0.3296067714691162
87,5024,0.5126643776893616,0.486067533493042,0.5237028002738953
88,5025,0.8009723424911499,0.8005247116088867,0.6303557753562927
89,5026,0.30260735750198364,0.34438344836235046,0.39658045768737793
90,5027,0.49644923210144043,0.5289475321769714,0.41111671924591064
91,5028,0.20886299014091492,0.19053833186626434,0.31808558106422424
92,5029,0.3966624438762665,0.4017392098903656,0.5676117539405823
93,5030,0.17594030499458313,0.14972028136253357,0.29078707098960876
94,5031,0.7583743333816528,0.7480096220970154,0.6070287823677063
95,5032,0.47775715589523315,0.5392464995384216,0.6272690296173096
96,5033,0.6069579720497131,0.5984122157096863,0.5342155694961548
97,5034,0.28669965267181396,0.2568381428718567,0.32735949754714966
98,5035,0.7730937600135803,0.7396190166473389,0.645906925201416
99,5036,0.17087440192699432,0.14093172550201416,0.38901638984680176
100,5037,0.5380825400352478,0.5938359498977661,0.56639164686203
101,5038,0.17594030499458313,0.14972028136253357,0.29078707098960876
102,5039,0.47775715589523315,0.5392464995384216,0.6272690296173096
103,5040,0.2676525115966797,0.2825775444507599,0.4828989803791046
104,5041,0.6993025541305542,0.7076216340065002,0.6214067935943604
105,5042,0.22494855523109436,0.2436296045780182,0.3100068271160126
106,5043,0.13162918388843536,0.11801879853010178,0.25163382291793823
107,5044,0.2301761507987976,0.22203315794467926,0.32863906025886536
108,5045,0.5380825400352478,0.5938359498977661,0.56639164686203
109,5046,0.5671881437301636,0.5611847639083862,0.5485073328018188
110,5047,0.7611448764801025,0.7422102093696594,0.6299140453338623
111,5048,0.6944685578346252,0.656818151473999,0.5500780940055847
112,5049,0.5380825400352478,0.5938359498977661,0.56639164686203
113,5050,0.25037863850593567,0.25992894172668457,0.4751614034175873
114,5051,0.22494855523109436,0.2436296045780182,0.3100068271160126
115,5052,0.49644923210144043,0.5289475321769714,0.41111671924591064
116,5053,0.49644923210144043,0.5289475321769714,0.41111671924591064
117,5054,0.26401543617248535,0.24638989567756653,0.42073991894721985
118,5055,0.24871312081813812,0.2454497367143631,0.3418188989162445
119,5056,0.3439357578754425,0.3902707099914551,0.5558198690414429
120,5057,0.21376144886016846,0.1771552413702011,0.3985534608364105
121,5058,0.2205844521522522,0.20860184729099274,0.41546469926834106
122,5059,0.7982291579246521,0.8116868734359741,0.6271669864654541
123,5060,0.8209917545318604,0.8143614530563354,0.6587771773338318
124,5061,0.7044352293014526,0.6493417024612427,0.630817174911499
125,5062,0.7348780035972595,0.7180454730987549,0.6404863595962524
126,5063,0.21376144886016846,0.1771552413702011,0.3985534608364105
127,5064,0.5044159889221191,0.48832857608795166,0.612845242023468
128,5065,0.46277615427970886,0.4516099691390991,0.36872026324272156
129,5066,0.7348780035972595,0.7180454730987549,0.6404863595962524
130,5067,0.30233830213546753,0.30297207832336426,0.3751485347747803
131,5068,0.49192187190055847,0.47153183817863464,0.4798499345779419
132,5069,0.5044159889221191,0.48832857608795166,0.612845242023468
133,5070,0.2640877068042755,0.31865808367729187,0.5009304285049438
134,5071,0.49644923210144043,0.5289475321769714,0.41111671924591064
135,5072,0.47775715589523315,0.5392464995384216,0.6272690296173096
136,5073,0.28669965267181396,0.2568381428718567,0.32735949754714966
137,5074,0.19755645096302032,0.19458803534507751,0.3126402795314789
138,5075,0.7611448764801025,0.7422102093696594,0.6299140453338623
139,5076,0.5380825400352478,0.5938359498977661,0.56639164686203
140,5077,0.19755645096302032,0.19458803534507751,0.3126402795314789
141,5078,0.34755071997642517,0.31208187341690063,0.48350730538368225
142,5079,0.17879143357276917,0.17612455785274506,0.2956418991088867
143,5080,0.30233830213546753,0.30297207832336426,0.3751485347747803
144,5081,0.7730937600135803,0.7396190166473389,0.645906925201416
145,5082,0.29980528354644775,0.28622567653656006,0.30725783109664917
146,5083,0.6746487021446228,0.6528488993644714,0.5940927863121033
147,5084,0.8017074465751648,0.7861204743385315,0.619879961013794
148,5085,0.5396047234535217,0.4445157051086426,0.5800714492797852
149,5086,0.8250880241394043,0.8398339152336121,0.6599620580673218
150,5087,0.21962624788284302,0.20717310905456543,0.29038330912590027
151,5088,0.7348780035972595,0.7180454730987549,0.6404863595962524
152,5089,0.6944685578346252,0.656818151473999,0.5500780940055847
153,5090,0.5044159889221191,0.48832857608795166,0.612845242023468
154,5091,0.3439357578754425,0.3902707099914551,0.5558198690414429
155,5092,0.2041812688112259,0.2243567258119583,0.3197123110294342
156,5093,0.2676525115966797,0.2825775444507599,0.4828989803791046
157,5094,0.8017074465751648,0.7861204743385315,0.619879961013794
158,5095,0.46277615427970886,0.4516099691390991,0.36872026324272156
159,5096,0.5148464441299438,0.49538788199424744,0.5996232628822327
160,5097,0.44304272532463074,0.4187065362930298,0.35966208577156067
161,5098,0.5148464441299438,0.49538788199424744,0.5996232628822327
162,5099,0.7348780035972595,0.7180454730987549,0.6404863595962524
163,5100,0.38637831807136536,0.30082353949546814,0.4926629066467285
164,5101,0.5396047234535217,0.4445157051086426,0.5800714492797852
165,5102,0.24871312081813812,0.2454497367143631,0.3418188989162445
166,5103,0.33760690689086914,0.346795916557312,0.5039044618606567
167,5104,0.5380825400352478,0.5938359498977661,0.56639164686203
168,5105,0.6993025541305542,0.7076216340065002,0.6214067935943604
169,5106,0.7348780035972595,0.7180454730987549,0.6404863595962524
170,5107,0.7888263463973999,0.7835730314254761,0.6244562268257141
171,5108,0.5671881437301636,0.5611847639083862,0.5485073328018188
172,5109,0.41059765219688416,0.40799057483673096,0.5364595055580139
173,5110,0.3607657849788666,0.38316553831100464,0.5507550239562988
174,5111,0.7611448764801025,0.7422102093696594,0.6299140453338623
175,5112,0.6944685578346252,0.656818151473999,0.5500780940055847
176,5113,0.277226060628891,0.24142569303512573,0.45815718173980713
177,5114,0.7803344130516052,0.7806558609008789,0.6514236927032471
178,5115,0.6622056365013123,0.7029613852500916,0.5963190793991089
179,5116,0.21376144886016846,0.1771552413702011,0.3985534608364105
180,5117,0.5044159889221191,0.48832857608795166,0.612845242023468
181,5118,0.20886299014091492,0.19053833186626434,0.31808558106422424
182,5119,0.47775715589523315,0.5392464995384216,0.6272690296173096
183,5120,0.4171968400478363,0.3607974052429199,0.3350200355052948
184,5121,0.22494855523109436,0.2436296045780182,0.3100068271160126
185,5122,0.7348780035972595,0.7180454730987549,0.6404863595962524
186,5123,0.4618791341781616,0.446193665266037,0.36786454916000366
187,5124,0.30260735750198364,0.34438344836235046,0.39658045768737793
188,5125,0.6841000914573669,0.6830062866210938,0.5975345969200134
189,5126,0.3848911225795746,0.38363951444625854,0.34370172023773193
190,5127,0.24871312081813812,0.2454497367143631,0.3418188989162445
191,5128,0.2942548394203186,0.30227240920066833,0.3548739552497864
192,5129,0.8371588587760925,0.8452087640762329,0.662276029586792
193,5130,0.6632972955703735,0.671619713306427,0.5754998326301575
194,5131,0.8017074465751648,0.7861204743385315,0.619879961013794
195,5132,0.7348780035972595,0.7180454730987549,0.6404863595962524
196,5133,0.18792475759983063,0.1961863785982132,0.30622944235801697
197,5134,0.3652939796447754,0.33292144536972046,0.507491946220398
198,5135,0.7730937600135803,0.7396190166473389,0.645906925201416
199,5136,0.8489856123924255,0.8472002148628235,0.671465277671814
200,5137,0.30260735750198364,0.34438344836235046,0.39658045768737793
201,5138,0.49644923210144043,0.5289475321769714,0.41111671924591064
202,5139,0.30260735750198364,0.34438344836235046,0.39658045768737793
203,5140,0.41818714141845703,0.4203926920890808,0.5555033087730408
204,5141,0.2205844521522522,0.20860184729099274,0.41546469926834106
205,5142,0.2301761507987976,0.22203315794467926,0.32863906025886536
206,5143,0.49644923210144043,0.5289475321769714,0.41111671924591064
207,5144,0.5126643776893616,0.486067533493042,0.5237028002738953
208,5145,0.34231922030448914,0.33498769998550415,0.3209451138973236
209,5146,0.26086968183517456,0.25414878129959106,0.44852903485298157
210,5147,0.33760690689086914,0.346795916557312,0.5039044618606567
211,5148,0.3966624438762665,0.4017392098903656,0.5676117539405823
212,5149,0.6993025541305542,0.7076216340065002,0.6214067935943604
213,5150,0.1244155764579773,0.10545957088470459,0.2784164249897003
214,5151,0.6951526999473572,0.6925551891326904,0.6290721297264099
215,5152,0.21962624788284302,0.20717310905456543,0.29038330912590027
216,5153,0.6746487021446228,0.6528488993644714,0.5940927863121033
217,5154,0.8138689398765564,0.7989005446434021,0.6584329009056091
218,5155,0.7416595816612244,0.7620761394500732,0.5963274240493774
219,5156,0.6944685578346252,0.656818151473999,0.5500780940055847
220,5157,0.3607657849788666,0.38316553831100464,0.5507550239562988
221,5158,0.2676525115966797,0.2825775444507599,0.4828989803791046
222,5159,0.2942548394203186,0.30227240920066833,0.3548739552497864
223,5160,0.2901461124420166,0.2935587763786316,0.46834155917167664
224,5161,0.5380825400352478,0.5938359498977661,0.56639164686203
225,5162,0.35615599155426025,0.3551449179649353,0.5357359647750854
226,5163,0.7803344130516052,0.7806558609008789,0.6514236927032471
227,5164,0.47775715589523315,0.5392464995384216,0.6272690296173096
228,5165,0.7416595816612244,0.7620761394500732,0.5963274240493774
229,5166,0.6944685578346252,0.656818151473999,0.5500780940055847
230,5167,0.49644923210144043,0.5289475321769714,0.41111671924591064
231,5168,0.47541508078575134,0.40822798013687134,0.33809807896614075
232,5169,0.17594030499458313,0.14972028136253357,0.29078707098960876
233,5170,0.7730937600135803,0.7396190166473389,0.645906925201416
234,5171,0.28669965267181396,0.2568381428718567,0.32735949754714966
235,5172,0.7182812094688416,0.7140228748321533,0.6071978807449341
236,5173,0.2942548394203186,0.30227240920066833,0.3548739552497864
237,5174,0.7730937600135803,0.7396190166473389,0.645906925201416
238,5175,0.5148464441299438,0.49538788199424744,0.5996232628822327
239,5176,0.33760690689086914,0.346795916557312,0.5039044618606567
240,5177,0.49228763580322266,0.49361535906791687,0.3889208734035492
241,5178,0.3560316860675812,0.3033822476863861,0.301679402589798
242,5179,0.5148464441299438,0.49538788199424744,0.5996232628822327
243,5180,0.5148464441299438,0.49538788199424744,0.5996232628822327
244,5181,0.2205844521522522,0.20860184729099274,0.41546469926834106
245,5182,0.22484271228313446,0.27123114466667175,0.35136961936950684
246,5183,0.5380825400352478,0.5938359498977661,0.56639164686203
247,5184,0.4567965269088745,0.5307480096817017,0.6003857254981995
248,5185,0.5148464441299438,0.49538788199424744,0.5996232628822327
249,5186,0.2942548394203186,0.30227240920066833,0.3548739552497864
250,5187,0.5148464441299438,0.49538788199424744,0.5996232628822327
251,5188,0.5380825400352478,0.5938359498977661,0.56639164686203
252,5189,0.5044159889221191,0.48832857608795166,0.612845242023468
253,5190,0.13162918388843536,0.11801879853010178,0.25163382291793823
254,5191,0.3439357578754425,0.3902707099914551,0.5558198690414429
255,5192,0.6746487021446228,0.6528488993644714,0.5940927863121033
256,5193,0.20886299014091492,0.19053833186626434,0.31808558106422424
257,5194,0.5148464441299438,0.49538788199424744,0.5996232628822327
258,5195,0.47775715589523315,0.5392464995384216,0.6272690296173096
259,5196,0.2942548394203186,0.30227240920066833,0.3548739552497864
260,5197,0.7992016673088074,0.794303834438324,0.6491677761077881
261,5198,0.30260735750198364,0.34438344836235046,0.39658045768737793
262,5199,0.28669965267181396,0.2568381428718567,0.32735949754714966
263,5200,0.2942548394203186,0.30227240920066833,0.3548739552497864
264,5201,0.2742690443992615,0.26204949617385864,0.43809178471565247
265,5202,0.47775715589523315,0.5392464995384216,0.6272690296173096
266,5203,0.3439357578754425,0.3902707099914551,0.5558198690414429
267,5204,0.19652335345745087,0.1850695013999939,0.34148383140563965
268,5205,0.22484271228313446,0.27123114466667175,0.35136961936950684
269,5206,0.21962624788284302,0.20717310905456543,0.29038330912590027
270,5207,0.33760690689086914,0.346795916557312,0.5039044618606567
271,5208,0.22262193262577057,0.23621433973312378,0.3361537754535675
272,5209,0.5044159889221191,0.48832857608795166,0.612845242023468
273,5210,0.7182812094688416,0.7140228748321533,0.6071978807449341
274,5211,0.30260735750198364,0.34438344836235046,0.39658045768737793
275,5212,0.17594030499458313,0.14972028136253357,0.29078707098960876
276,5213,0.22262193262577057,0.23621433973312378,0.3361537754535675
277,5214,0.21962624788284302,0.20717310905456543,0.29038330912590027
278,5215,0.42436328530311584,0.3695763051509857,0.5170860886573792
279,5216,0.3747977614402771,0.4191962480545044,0.35631969571113586
280,5217,0.7611448764801025,0.7422102093696594,0.6299140453338623
281,5218,0.2942548394203186,0.30227240920066833,0.3548739552497864
282,5219,0.3607657849788666,0.38316553831100464,0.5507550239562988
283,5220,0.7888263463973999,0.7835730314254761,0.6244562268257141
284,5221,0.47775715589523315,0.5392464995384216,0.6272690296173096
285,5222,0.7348780035972595,0.7180454730987549,0.6404863595962524
286,5223,0.4243834316730499,0.4381196200847626,0.5483730435371399
287,5224,0.38593950867652893,0.4403482675552368,0.5850908160209656
288,5225,0.3789171874523163,0.3491915762424469,0.5354458689689636
289,5226,0.4139038026332855,0.38548094034194946,0.5306150913238525
290,5227,0.2901461124420166,0.2935587763786316,0.46834155917167664
291,5228,0.30233830213546753,0.30297207832336426,0.3751485347747803
292,5229,0.49228763580322266,0.49361535906791687,0.3889208734035492
293,5230,0.6746487021446228,0.6528488993644714,0.5940927863121033
294,5231,0.2742690443992615,0.26204949617385864,0.43809178471565247
295,5232,0.19680452346801758,0.19247199594974518,0.3296067714691162
296,5233,0.7348780035972595,0.7180454730987549,0.6404863595962524
297,5234,0.2511802017688751,0.23606984317302704,0.4568086862564087
298,5235,0.6622056365013123,0.7029613852500916,0.5963190793991089
299,5236,0.8009723424911499,0.8005247116088867,0.6303557753562927
300,5237,0.41059765219688416,0.40799057483673096,0.5364595055580139
301,5238,0.29258179664611816,0.2851797640323639,0.47914746403694153
302,5239,0.5396047234535217,0.4445157051086426,0.5800714492797852
303,5240,0.5380825400352478,0.5938359498977661,0.56639164686203
304,5241,0.2041812688112259,0.2243567258119583,0.3197123110294342
305,5242,0.49644923210144043,0.5289475321769714,0.41111671924591064
306,5243,0.6746487021446228,0.6528488993644714,0.5940927863121033
307,5244,0.7348780035972595,0.7180454730987549,0.6404863595962524
308,5245,0.33760690689086914,0.346795916557312,0.5039044618606567
309,5246,0.22262193262577057,0.23621433973312378,0.3361537754535675
310,5247,0.33760690689086914,0.346795916557312,0.5039044618606567
311,5248,0.7730937600135803,0.7396190166473389,0.645906925201416
312,5249,0.6746487021446228,0.6528488993644714,0.5940927863121033
313,5250,0.22262193262577057,0.23621433973312378,0.3361537754535675
314,5251,0.7182812094688416,0.7140228748321533,0.6071978807449341
315,5252,0.5148464441299438,0.49538788199424744,0.5996232628822327
316,5253,0.6746487021446228,0.6528488993644714,0.5940927863121033
317,5254,0.8371588587760925,0.8452087640762329,0.662276029586792
318,5255,0.33760690689086914,0.346795916557312,0.5039044618606567
319,5256,0.47541508078575134,0.40822798013687134,0.33809807896614075
320,5257,0.7730937600135803,0.7396190166473389,0.645906925201416
321,5258,0.8550131320953369,0.8613407611846924,0.6589111089706421
322,5259,0.7151630520820618,0.6614698171615601,0.5888609290122986
323,5260,0.7860028147697449,0.7759228944778442,0.5702981352806091
324,5261,0.12283378094434738,0.11267781257629395,0.26686277985572815
325,5262,0.35615599155426025,0.3551449179649353,0.5357359647750854
326,5263,0.6746487021446228,0.6528488993644714,0.5940927863121033
327,5264,0.7710200548171997,0.7895557880401611,0.635816216468811
328,5265,0.6951526999473572,0.6925551891326904,0.6290721297264099
329,5266,0.24871312081813812,0.2454497367143631,0.3418188989162445
330,5267,0.19652335345745087,0.1850695013999939,0.34148383140563965
331,5268,0.41059765219688416,0.40799057483673096,0.5364595055580139
332,5269,0.7611448764801025,0.7422102093696594,0.6299140453338623
333,5270,0.5396047234535217,0.4445157051086426,0.5800714492797852
334,5271,0.6114348769187927,0.5672354102134705,0.5253965258598328
335,5272,0.47775715589523315,0.5392464995384216,0.6272690296173096
336,5273,0.33760690689086914,0.346795916557312,0.5039044618606567
337,5274,0.19755645096302032,0.19458803534507751,0.3126402795314789
338,5275,0.21376144886016846,0.1771552413702011,0.3985534608364105
339,5276,0.26141732931137085,0.2784901261329651,0.44011518359184265
340,5277,0.5148464441299438,0.49538788199424744,0.5996232628822327
341,5278,0.24871312081813812,0.2454497367143631,0.3418188989162445
342,5279,0.7240087389945984,0.7182192206382751,0.6179162263870239
343,5280,0.4139038026332855,0.38548094034194946,0.5306150913238525
344,5281,0.5517077445983887,0.45650550723075867,0.5025798082351685
345,5282,0.7348780035972595,0.7180454730987549,0.6404863595962524
346,5283,0.35615599155426025,0.3551449179649353,0.5357359647750854
347,5284,0.6951526999473572,0.6925551891326904,0.6290721297264099
348,5285,0.7348780035972595,0.7180454730987549,0.6404863595962524
349,5286,0.2676525115966797,0.2825775444507599,0.4828989803791046
350,5287,0.7348780035972595,0.7180454730987549,0.6404863595962524
351,5288,0.34755071997642517,0.31208187341690063,0.48350730538368225
352,5289,0.6944685578346252,0.656818151473999,0.5500780940055847
353,5290,0.3439357578754425,0.3902707099914551,0.5558198690414429
354,5291,0.30260735750198364,0.34438344836235046,0.39658045768737793
355,5292,0.47775715589523315,0.5392464995384216,0.6272690296173096
356,5293,0.14896446466445923,0.14891240000724792,0.272413432598114
357,5294,0.735974907875061,0.638370931148529,0.546906590461731
358,5295,0.6743348836898804,0.6817800402641296,0.5588973164558411
359,5296,0.22262193262577057,0.23621433973312378,0.3361537754535675
360,5297,0.7182812094688416,0.7140228748321533,0.6071978807449341
361,5298,0.7348780035972595,0.7180454730987549,0.6404863595962524
362,5299,0.7321400046348572,0.7459585070610046,0.5960956811904907
363,5300,0.47775715589523315,0.5392464995384216,0.6272690296173096
364,5301,0.49644923210144043,0.5289475321769714,0.41111671924591064
365,5302,0.7730937600135803,0.7396190166473389,0.645906925201416
366,5303,0.3439357578754425,0.3902707099914551,0.5558198690414429
367,5304,0.8355346918106079,0.8375347256660461,0.6764806509017944
368,5305,0.22494855523109436,0.2436296045780182,0.3100068271160126
369,5306,0.17594030499458313,0.14972028136253357,0.29078707098960876
370,5307,0.3747977614402771,0.4191962480545044,0.35631969571113586
371,5308,0.47775715589523315,0.5392464995384216,0.6272690296173096
372,5309,0.7730937600135803,0.7396190166473389,0.645906925201416
373,5310,0.49228763580322266,0.49361535906791687,0.3889208734035492
374,5311,0.4171968400478363,0.3607974052429199,0.3350200355052948
375,5312,0.2301761507987976,0.22203315794467926,0.32863906025886536
376,5313,0.26086968183517456,0.25414878129959106,0.44852903485298157
377,5314,0.21376144886016846,0.1771552413702011,0.3985534608364105
378,5315,0.47541508078575134,0.40822798013687134,0.33809807896614075
379,5316,0.2754291296005249,0.30352455377578735,0.49244746565818787
380,5317,0.49644923210144043,0.5289475321769714,0.41111671924591064
381,5318,0.7348780035972595,0.7180454730987549,0.6404863595962524
382,5319,0.3439357578754425,0.3902707099914551,0.5558198690414429
383,5320,0.38593950867652893,0.4403482675552368,0.5850908160209656
384,5321,0.7348780035972595,0.7180454730987549,0.6404863595962524
385,5322,0.26401543617248535,0.24638989567756653,0.42073991894721985
386,5323,0.49644923210144043,0.5289475321769714,0.41111671924591064
387,5324,0.47541508078575134,0.40822798013687134,0.33809807896614075
388,5325,0.5517077445983887,0.45650550723075867,0.5025798082351685
389,5326,0.7730937600135803,0.7396190166473389,0.645906925201416
390,5327,0.30260735750198364,0.34438344836235046,0.39658045768737793
391,5328,0.2942548394203186,0.30227240920066833,0.3548739552497864
392,5329,0.7321400046348572,0.7459585070610046,0.5960956811904907
393,5330,0.3439357578754425,0.3902707099914551,0.5558198690414429
394,5331,0.7348780035972595,0.7180454730987549,0.6404863595962524
395,5332,0.2301761507987976,0.22203315794467926,0.32863906025886536
396,5333,0.49228763580322266,0.49361535906791687,0.3889208734035492
397,5334,0.7348780035972595,0.7180454730987549,0.6404863595962524
398,5335,0.26845279335975647,0.2806377410888672,0.35860270261764526
399,5336,0.47775715589523315,0.5392464995384216,0.6272690296173096
400,5337,0.3439357578754425,0.3902707099914551,0.5558198690414429
401,5338,0.8355346918106079,0.8375347256660461,0.6764806509017944
402,5339,0.2742690443992615,0.26204949617385864,0.43809178471565247
403,5340,0.21962624788284302,0.20717310905456543,0.29038330912590027
404,5341,0.7611448764801025,0.7422102093696594,0.6299140453338623
405,5342,0.47775715589523315,0.5392464995384216,0.6272690296173096
406,5343,0.34755071997642517,0.31208187341690063,0.48350730538368225
407,5344,0.5044159889221191,0.48832857608795166,0.612845242023468
408,5345,0.7348780035972595,0.7180454730987549,0.6404863595962524
409,5346,0.16171646118164062,0.1391204595565796,0.31553658843040466
410,5347,0.7048667669296265,0.7034454345703125,0.5836882591247559
411,5348,0.7599653601646423,0.7776036262512207,0.634429395198822
412,5349,0.6746487021446228,0.6528488993644714,0.5940927863121033
413,5350,0.7304933071136475,0.7014172077178955,0.6243544816970825
414,5351,0.2301761507987976,0.22203315794467926,0.32863906025886536
415,5352,0.47775715589523315,0.5392464995384216,0.6272690296173096
416,5353,0.3439357578754425,0.3902707099914551,0.5558198690414429
417,5354,0.6993025541305542,0.7076216340065002,0.6214067935943604
418,5355,0.6746487021446228,0.6528488993644714,0.5940927863121033
419,5356,0.28669965267181396,0.2568381428718567,0.32735949754714966
420,5357,0.5917786955833435,0.5612010955810547,0.49568629264831543
421,5358,0.6746487021446228,0.6528488993644714,0.5940927863121033
422,5359,0.28101423382759094,0.3066295385360718,0.4730170965194702
423,5360,0.38637831807136536,0.30082353949546814,0.4926629066467285
424,5361,0.28669965267181396,0.2568381428718567,0.32735949754714966
425,5362,0.28101423382759094,0.3066295385360718,0.4730170965194702
426,5363,0.3966624438762665,0.4017392098903656,0.5676117539405823
427,5364,0.6301055550575256,0.6111530065536499,0.5549042820930481
428,5365,0.5148464441299438,0.49538788199424744,0.5996232628822327
429,5366,0.5126643776893616,0.486067533493042,0.5237028002738953
430,5367,0.5126643776893616,0.486067533493042,0.5237028002738953
431,5368,0.22484271228313446,0.27123114466667175,0.35136961936950684
432,5369,0.7348780035972595,0.7180454730987549,0.6404863595962524
433,5370,0.28669965267181396,0.2568381428718567,0.32735949754714966
434,5371,0.49644923210144043,0.5289475321769714,0.41111671924591064
435,5372,0.7348780035972595,0.7180454730987549,0.6404863595962524
436,5373,0.1628752052783966,0.16378425061702728,0.36209332942962646
437,5374,0.29445067048072815,0.2665199339389801,0.4701698124408722
438,5375,0.7730937600135803,0.7396190166473389,0.645906925201416
439,5376,0.3747977614402771,0.4191962480545044,0.35631969571113586
440,5377,0.1748843789100647,0.18512719869613647,0.31083932518959045
441,5378,0.3848911225795746,0.38363951444625854,0.34370172023773193
442,5379,0.19755645096302032,0.19458803534507751,0.3126402795314789
443,5380,0.3789171874523163,0.3491915762424469,0.5354458689689636
444,5381,0.6993025541305542,0.7076216340065002,0.6214067935943604
445,5382,0.33760690689086914,0.346795916557312,0.5039044618606567
446,5383,0.14896446466445923,0.14891240000724792,0.272413432598114
447,5384,0.47541508078575134,0.40822798013687134,0.33809807896614075
448,5385,0.8075055480003357,0.8058820366859436,0.6498279571533203
449,5386,0.6084079742431641,0.6147201657295227,0.5412662029266357
450,5387,0.6951526999473572,0.6925551891326904,0.6290721297264099
451,5388,0.8685365915298462,0.876190185546875,0.6190168261528015
452,5389,0.41059765219688416,0.40799057483673096,0.5364595055580139
453,5390,0.34231922030448914,0.33498769998550415,0.3209451138973236
454,5391,0.647367537021637,0.6013950109481812,0.5308188796043396
455,5392,0.34755071997642517,0.31208187341690063,0.48350730538368225
456,5393,0.6944685578346252,0.656818151473999,0.5500780940055847
457,5394,0.47775715589523315,0.5392464995384216,0.6272690296173096
458,5395,0.5148464441299438,0.49538788199424744,0.5996232628822327
459,5396,0.6630431413650513,0.6527586579322815,0.5831219553947449
460,5397,0.19755645096302032,0.19458803534507751,0.3126402795314789
461,5398,0.30233830213546753,0.30297207832336426,0.3751485347747803
462,5399,0.41818714141845703,0.4203926920890808,0.5555033087730408
463,5400,0.790834367275238,0.7967517375946045,0.6544623374938965
464,5401,0.613459587097168,0.652886688709259,0.5912268757820129
465,5402,0.7596846222877502,0.7482908368110657,0.6196305751800537
466,5403,0.28669965267181396,0.2568381428718567,0.32735949754714966
467,5404,0.42593857645988464,0.3439607322216034,0.43373072147369385
468,5405,0.2205844521522522,0.20860184729099274,0.41546469926834106
469,5406,0.7048667669296265,0.7034454345703125,0.5836882591247559
470,5407,0.6743348836898804,0.6817800402641296,0.5588973164558411
471,5408,0.22494855523109436,0.2436296045780182,0.3100068271160126
472,5409,0.8355346918106079,0.8375347256660461,0.6764806509017944
473,5410,0.8613449335098267,0.8541649580001831,0.6837778687477112
474,5411,0.3652939796447754,0.33292144536972046,0.507491946220398
475,5412,0.2942548394203186,0.30227240920066833,0.3548739552497864
476,5413,0.49228763580322266,0.49361535906791687,0.3889208734035492
477,5414,0.7304933071136475,0.7014172077178955,0.6243544816970825
478,5415,0.3652939796447754,0.33292144536972046,0.507491946220398
479,5416,0.4243834316730499,0.4381196200847626,0.5483730435371399
480,5417,0.5126643776893616,0.486067533493042,0.5237028002738953
481,5418,0.3607657849788666,0.38316553831100464,0.5507550239562988
482,5419,0.28669965267181396,0.2568381428718567,0.32735949754714966
483,5420,0.7348780035972595,0.7180454730987549,0.6404863595962524
484,5421,0.8854900002479553,0.8874416351318359,0.6965370774269104
485,5422,0.30233830213546753,0.30297207832336426,0.3751485347747803
486,5423,0.38637831807136536,0.30082353949546814,0.4926629066467285
487,5424,0.2676525115966797,0.2825775444507599,0.4828989803791046
488,5425,0.41059765219688416,0.40799057483673096,0.5364595055580139
489,5426,0.49644923210144043,0.5289475321769714,0.41111671924591064
490,5427,0.5126643776893616,0.486067533493042,0.5237028002738953
491,5428,0.22262193262577057,0.23621433973312378,0.3361537754535675
492,5429,0.47775715589523315,0.5392464995384216,0.6272690296173096
493,5430,0.4618791341781616,0.446193665266037,0.36786454916000366
494,5431,0.3607657849788666,0.38316553831100464,0.5507550239562988
495,5432,0.8009723424911499,0.8005247116088867,0.6303557753562927
496,5433,0.47775715589523315,0.5392464995384216,0.6272690296173096
497,5434,0.30260735750198364,0.34438344836235046,0.39658045768737793
498,5435,0.7888263463973999,0.7835730314254761,0.6244562268257141
499,5436,0.49228763580322266,0.49361535906791687,0.3889208734035492
500,5437,0.49644923210144043,0.5289475321769714,0.41111671924591064
501,5438,0.5044159889221191,0.48832857608795166,0.612845242023468
502,5439,0.22262193262577057,0.23621433973312378,0.3361537754535675
503,5440,0.47775715589523315,0.5392464995384216,0.6272690296173096
504,5441,0.26845279335975647,0.2806377410888672,0.35860270261764526
505,5442,0.34755071997642517,0.31208187341690063,0.48350730538368225
506,5443,0.5380825400352478,0.5938359498977661,0.56639164686203
507,5444,0.2901461124420166,0.2935587763786316,0.46834155917167664
508,5445,0.22484271228313446,0.27123114466667175,0.35136961936950684
509,5446,0.49644923210144043,0.5289475321769714,0.41111671924591064
510,5447,0.888824462890625,0.8819329738616943,0.6598231792449951
511,5448,0.6880538463592529,0.7098657488822937,0.568767249584198
512,5449,0.7348780035972595,0.7180454730987549,0.6404863595962524
513,5450,0.4275113046169281,0.46657729148864746,0.515659749507904
514,5451,0.7348780035972595,0.7180454730987549,0.6404863595962524
515,5452,0.47775715589523315,0.5392464995384216,0.6272690296173096
516,5453,0.28669965267181396,0.2568381428718567,0.32735949754714966
517,5454,0.7888263463973999,0.7835730314254761,0.6244562268257141
518,5455,0.13162918388843536,0.11801879853010178,0.25163382291793823
519,5456,0.5126643776893616,0.486067533493042,0.5237028002738953
520,5457,0.49228763580322266,0.49361535906791687,0.3889208734035492
521,5458,0.1748843789100647,0.18512719869613647,0.31083932518959045
522,5459,0.16058698296546936,0.1457831859588623,0.3050876259803772
523,5460,0.22484271228313446,0.27123114466667175,0.35136961936950684
524,5461,0.28669965267181396,0.2568381428718567,0.32735949754714966
525,5462,0.44939300417900085,0.4303276836872101,0.49717476963996887
526,5463,0.6993025541305542,0.7076216340065002,0.6214067935943604
527,5464,0.49644923210144043,0.5289475321769714,0.41111671924591064
528,5465,0.4618791341781616,0.446193665266037,0.36786454916000366
529,5466,0.5044159889221191,0.48832857608795166,0.612845242023468
530,5467,0.6746487021446228,0.6528488993644714,0.5940927863121033
531,5468,0.6622056365013123,0.7029613852500916,0.5963190793991089
532,5469,0.3439357578754425,0.3902707099914551,0.5558198690414429
533,5470,0.7240087389945984,0.7182192206382751,0.6179162263870239
534,5471,0.429170161485672,0.3865388333797455,0.3492407500743866
535,5472,0.47775715589523315,0.5392464995384216,0.6272690296173096
536,5473,0.7348780035972595,0.7180454730987549,0.6404863595962524
537,5474,0.49644923210144043,0.5289475321769714,0.41111671924591064
538,5475,0.4275113046169281,0.46657729148864746,0.515659749507904
539,5476,0.27015775442123413,0.2540442943572998,0.44370371103286743
540,5477,0.47775715589523315,0.5392464995384216,0.6272690296173096
541,5478,0.7348780035972595,0.7180454730987549,0.6404863595962524
542,5479,0.5044159889221191,0.48832857608795166,0.612845242023468
543,5480,0.7611448764801025,0.7422102093696594,0.6299140453338623
544,5481,0.19755645096302032,0.19458803534507751,0.3126402795314789
545,5482,0.28669965267181396,0.2568381428718567,0.32735949754714966
546,5483,0.5044159889221191,0.48832857608795166,0.612845242023468
547,5484,0.6993025541305542,0.7076216340065002,0.6214067935943604
548,5485,0.17594030499458313,0.14972028136253357,0.29078707098960876
549,5486,0.30260735750198364,0.34438344836235046,0.39658045768737793
550,5487,0.30260735750198364,0.34438344836235046,0.39658045768737793
551,5488,0.8017074465751648,0.7861204743385315,0.619879961013794
552,5489,0.7730937600135803,0.7396190166473389,0.645906925201416
553,5490,0.5044159889221191,0.48832857608795166,0.612845242023468
554,5491,0.17594030499458313,0.14972028136253357,0.29078707098960876
555,5492,0.7348780035972595,0.7180454730987549,0.6404863595962524
556,5493,0.3747977614402771,0.4191962480545044,0.35631969571113586
557,5494,0.3789171874523163,0.3491915762424469,0.5354458689689636
558,5495,0.47775715589523315,0.5392464995384216,0.6272690296173096
559,5496,0.735974907875061,0.638370931148529,0.546906590461731
560,5497,0.29445067048072815,0.2665199339389801,0.4701698124408722
561,5498,0.2942548394203186,0.30227240920066833,0.3548739552497864
562,5499,0.34755071997642517,0.31208187341690063,0.48350730538368225
563,5500,0.30260735750198364,0.34438344836235046,0.39658045768737793
564,5501,0.21398259699344635,0.21813304722309113,0.4060507118701935
565,5502,0.7610086798667908,0.7847391366958618,0.6634039878845215
566,5503,0.19680452346801758,0.19247199594974518,0.3296067714691162
567,5504,0.46277615427970886,0.4516099691390991,0.36872026324272156
568,5505,0.7348780035972595,0.7180454730987549,0.6404863595962524
569,5506,0.6951526999473572,0.6925551891326904,0.6290721297264099
570,5507,0.38593950867652893,0.4403482675552368,0.5850908160209656
571,5508,0.47775715589523315,0.5392464995384216,0.6272690296173096
572,5509,0.5044159889221191,0.48832857608795166,0.612845242023468
573,5510,0.7954137325286865,0.7572342753410339,0.6182900071144104
574,5511,0.6746487021446228,0.6528488993644714,0.5940927863121033
575,5512,0.17087440192699432,0.14093172550201416,0.38901638984680176
576,5513,0.2942548394203186,0.30227240920066833,0.3548739552497864
577,5514,0.19755645096302032,0.19458803534507751,0.3126402795314789
578,5515,0.2301761507987976,0.22203315794467926,0.32863906025886536
579,5516,0.34755071997642517,0.31208187341690063,0.48350730538368225
580,5517,0.19755645096302032,0.19458803534507751,0.3126402795314789
581,5518,0.5044159889221191,0.48832857608795166,0.612845242023468
582,5519,0.2754291296005249,0.30352455377578735,0.49244746565818787
583,5520,0.23871909081935883,0.24822667241096497,0.3592166602611542
584,5521,0.21962624788284302,0.20717310905456543,0.29038330912590027
585,5522,0.148921936750412,0.14264535903930664,0.3003140389919281
586,5523,0.790834367275238,0.7967517375946045,0.6544623374938965
587,5524,0.21955297887325287,0.20965567231178284,0.3393823206424713
588,5525,0.33760690689086914,0.346795916557312,0.5039044618606567
589,5526,0.1748843789100647,0.18512719869613647,0.31083932518959045
590,5527,0.2511802017688751,0.23606984317302704,0.4568086862564087
591,5528,0.8250880241394043,0.8398339152336121,0.6599620580673218
592,5529,0.3607657849788666,0.38316553831100464,0.5507550239562988
593,5530,0.3652939796447754,0.33292144536972046,0.507491946220398
594,5531,0.7348780035972595,0.7180454730987549,0.6404863595962524
595,5532,0.8215085864067078,0.8214078545570374,0.6345956325531006
596,5533,0.5148464441299438,0.49538788199424744,0.5996232628822327
597,5534,0.7048667669296265,0.7034454345703125,0.5836882591247559
598,5535,0.35615599155426025,0.3551449179649353,0.5357359647750854
599,5536,0.8209917545318604,0.8143614530563354,0.6587771773338318
600,5537,0.7348780035972595,0.7180454730987549,0.6404863595962524
601,5538,0.35615599155426025,0.3551449179649353,0.5357359647750854
602,5539,0.7151630520820618,0.6614698171615601,0.5888609290122986
603,5540,0.21955297887325287,0.20965567231178284,0.3393823206424713
604,5541,0.6663689613342285,0.6975924968719482,0.6471595764160156
605,5542,0.5126643776893616,0.486067533493042,0.5237028002738953
606,5543,0.13162918388843536,0.11801879853010178,0.25163382291793823
607,5544,0.7348780035972595,0.7180454730987549,0.6404863595962524
608,5545,0.3747977614402771,0.4191962480545044,0.35631969571113586
609,5546,0.7348780035972595,0.7180454730987549,0.6404863595962524
610,5547,0.7348780035972595,0.7180454730987549,0.6404863595962524
611,5548,0.35615599155426025,0.3551449179649353,0.5357359647750854
612,5549,0.3439357578754425,0.3902707099914551,0.5558198690414429
613,5550,0.7348780035972595,0.7180454730987549,0.6404863595962524
614,5551,0.7191757559776306,0.7031729817390442,0.5843037366867065
615,5552,0.22262193262577057,0.23621433973312378,0.3361537754535675
616,5553,0.7348780035972595,0.7180454730987549,0.6404863595962524
617,5554,0.7458475828170776,0.7030264139175415,0.5898960828781128
618,5555,0.6746487021446228,0.6528488993644714,0.5940927863121033
619,5556,0.6993025541305542,0.7076216340065002,0.6214067935943604
620,5557,0.7803344130516052,0.7806558609008789,0.6514236927032471
621,5558,0.26845279335975647,0.2806377410888672,0.35860270261764526
622,5559,0.8009723424911499,0.8005247116088867,0.6303557753562927
623,5560,0.35615599155426025,0.3551449179649353,0.5357359647750854
624,5561,0.34755071997642517,0.31208187341690063,0.48350730538368225
625,5562,0.30233830213546753,0.30297207832336426,0.3751485347747803
626,5563,0.13162918388843536,0.11801879853010178,0.25163382291793823
627,5564,0.35615599155426025,0.3551449179649353,0.5357359647750854
628,5565,0.5545059442520142,0.593657374382019,0.619355320930481
629,5566,0.6503559947013855,0.7126587629318237,0.6451031565666199
630,5567,0.2942548394203186,0.30227240920066833,0.3548739552497864
631,5568,0.21955297887325287,0.20965567231178284,0.3393823206424713
632,5569,0.8271534442901611,0.8341303467750549,0.6509408354759216
633,5570,0.7348780035972595,0.7180454730987549,0.6404863595962524
634,5571,0.8741624355316162,0.8781692385673523,0.6825823783874512
635,5572,0.17594030499458313,0.14972028136253357,0.29078707098960876
636,5573,0.6951526999473572,0.6925551891326904,0.6290721297264099
637,5574,0.19652335345745087,0.1850695013999939,0.34148383140563965
638,5575,0.2942548394203186,0.30227240920066833,0.3548739552497864
639,5576,0.4618791341781616,0.446193665266037,0.36786454916000366
640,5577,0.7348780035972595,0.7180454730987549,0.6404863595962524
641,5578,0.5148464441299438,0.49538788199424744,0.5996232628822327
642,5579,0.2942548394203186,0.30227240920066833,0.3548739552497864
643,5580,0.5380825400352478,0.5938359498977661,0.56639164686203
644,5581,0.30260735750198364,0.34438344836235046,0.39658045768737793
645,5582,0.3607657849788666,0.38316553831100464,0.5507550239562988
646,5583,0.3848911225795746,0.38363951444625854,0.34370172023773193
647,5584,0.22262193262577057,0.23621433973312378,0.3361537754535675
648,5585,0.705356240272522,0.7439066171646118,0.6199608445167542
649,5586,0.5126643776893616,0.486067533493042,0.5237028002738953
650,5587,0.7151630520820618,0.6614698171615601,0.5888609290122986
651,5588,0.38593950867652893,0.4403482675552368,0.5850908160209656
652,5589,0.7611448764801025,0.7422102093696594,0.6299140453338623
653,5590,0.8550131320953369,0.8613407611846924,0.6589111089706421
654,5591,0.14896446466445923,0.14891240000724792,0.272413432598114
655,5592,0.49228763580322266,0.49361535906791687,0.3889208734035492
656,5593,0.49644923210144043,0.5289475321769714,0.41111671924591064
657,5594,0.7730937600135803,0.7396190166473389,0.645906925201416
658,5595,0.26401543617248535,0.24638989567756653,0.42073991894721985
659,5596,0.38593950867652893,0.4403482675552368,0.5850908160209656
660,5597,0.5380825400352478,0.5938359498977661,0.56639164686203
661,5598,0.6993025541305542,0.7076216340065002,0.6214067935943604
662,5599,0.49644923210144043,0.5289475321769714,0.41111671924591064
663,5600,0.7611448764801025,0.7422102093696594,0.6299140453338623
664,5601,0.3848911225795746,0.38363951444625854,0.34370172023773193
665,5602,0.47541508078575134,0.40822798013687134,0.33809807896614075
666,5603,0.22494855523109436,0.2436296045780182,0.3100068271160126
667,5604,0.49228763580322266,0.49361535906791687,0.3889208734035492
668,5605,0.7730937600135803,0.7396190166473389,0.645906925201416
669,5606,0.47541508078575134,0.40822798013687134,0.33809807896614075
670,5607,0.49644923210144043,0.5289475321769714,0.41111671924591064
671,5608,0.33760690689086914,0.346795916557312,0.5039044618606567
672,5609,0.7348780035972595,0.7180454730987549,0.6404863595962524
673,5610,0.49644923210144043,0.5289475321769714,0.41111671924591064
674,5611,0.613459587097168,0.652886688709259,0.5912268757820129
675,5612,0.44304272532463074,0.4187065362930298,0.35966208577156067
676,5613,0.3747977614402771,0.4191962480545044,0.35631969571113586
677,5614,0.7599653601646423,0.7776036262512207,0.634429395198822
678,5615,0.2942548394203186,0.30227240920066833,0.3548739552497864
679,5616,0.4618791341781616,0.446193665266037,0.36786454916000366
680,5617,0.8138689398765564,0.7989005446434021,0.6584329009056091
681,5618,0.49644923210144043,0.5289475321769714,0.41111671924591064
682,5619,0.19755645096302032,0.19458803534507751,0.3126402795314789
683,5620,0.6951526999473572,0.6925551891326904,0.6290721297264099
684,5621,0.1748843789100647,0.18512719869613647,0.31083932518959045
685,5622,0.7730937600135803,0.7396190166473389,0.645906925201416
686,5623,0.7151630520820618,0.6614698171615601,0.5888609290122986
687,5624,0.28225404024124146,0.2752363979816437,0.48302799463272095
688,5625,0.7348780035972595,0.7180454730987549,0.6404863595962524
689,5626,0.14896446466445923,0.14891240000724792,0.272413432598114
690,5627,0.28669965267181396,0.2568381428718567,0.32735949754714966
691,5628,0.49228763580322266,0.49361535906791687,0.3889208734035492
692,5629,0.4618791341781616,0.446193665266037,0.36786454916000366
693,5630,0.19755645096302032,0.19458803534507751,0.3126402795314789
694,5631,0.7611448764801025,0.7422102093696594,0.6299140453338623
695,5632,0.2640877068042755,0.31865808367729187,0.5009304285049438
696,5633,0.25037863850593567,0.25992894172668457,0.4751614034175873
697,5634,0.7826981544494629,0.7645737528800964,0.6137608885765076
698,5635,0.7151630520820618,0.6614698171615601,0.5888609290122986
699,5636,0.6951526999473572,0.6925551891326904,0.6290721297264099
700,5637,0.30260735750198364,0.34438344836235046,0.39658045768737793
701,5638,0.41059765219688416,0.40799057483673096,0.5364595055580139
702,5639,0.21955297887325287,0.20965567231178284,0.3393823206424713
703,5640,0.34755071997642517,0.31208187341690063,0.48350730538368225
704,5641,0.6746487021446228,0.6528488993644714,0.5940927863121033
705,5642,0.4618791341781616,0.446193665266037,0.36786454916000366
706,5643,0.22494855523109436,0.2436296045780182,0.3100068271160126
707,5644,0.2017061710357666,0.20134639739990234,0.3951248824596405
708,5645,0.5148464441299438,0.49538788199424744,0.5996232628822327
709,5646,0.8613449335098267,0.8541649580001831,0.6837778687477112
710,5647,0.317961186170578,0.3469697833061218,0.48891568183898926
711,5648,0.28669965267181396,0.2568381428718567,0.32735949754714966
712,5649,0.41059765219688416,0.40799057483673096,0.5364595055580139
713,5650,0.19755645096302032,0.19458803534507751,0.3126402795314789
714,5651,0.2640877068042755,0.31865808367729187,0.5009304285049438
715,5652,0.790834367275238,0.7967517375946045,0.6544623374938965
716,5653,0.6746487021446228,0.6528488993644714,0.5940927863121033
717,5654,0.47541508078575134,0.40822798013687134,0.33809807896614075
718,5655,0.47775715589523315,0.5392464995384216,0.6272690296173096
719,5656,0.30472004413604736,0.31337082386016846,0.31749582290649414
720,5657,0.47775715589523315,0.5392464995384216,0.6272690296173096
721,5658,0.2640877068042755,0.31865808367729187,0.5009304285049438
722,5659,0.6951526999473572,0.6925551891326904,0.6290721297264099
723,5660,0.30260735750198364,0.34438344836235046,0.39658045768737793
724,5661,0.5044159889221191,0.48832857608795166,0.612845242023468
725,5662,0.16171646118164062,0.1391204595565796,0.31553658843040466
726,5663,0.6993025541305542,0.7076216340065002,0.6214067935943604
727,5664,0.31915029883384705,0.288885235786438,0.4841158390045166
728,5665,0.7348780035972595,0.7180454730987549,0.6404863595962524
729,5666,0.6200567483901978,0.5873600244522095,0.51351398229599
730,5667,0.3560316860675812,0.3033822476863861,0.301679402589798
731,5668,0.735974907875061,0.638370931148529,0.546906590461731
732,5669,0.7348780035972595,0.7180454730987549,0.6404863595962524
733,5670,0.18835720419883728,0.19975203275680542,0.41417232155799866
734,5671,0.5380825400352478,0.5938359498977661,0.56639164686203
735,5672,0.5396047234535217,0.4445157051086426,0.5800714492797852
736,5673,0.28669965267181396,0.2568381428718567,0.32735949754714966
737,5674,0.7344890236854553,0.706571638584137,0.5740805864334106
738,5675,0.47775715589523315,0.5392464995384216,0.6272690296173096
739,5676,0.30260735750198364,0.34438344836235046,0.39658045768737793
740,5677,0.2640877068042755,0.31865808367729187,0.5009304285049438
741,5678,0.17879143357276917,0.17612455785274506,0.2956418991088867
742,5679,0.7730937600135803,0.7396190166473389,0.645906925201416
743,5680,0.5044159889221191,0.48832857608795166,0.612845242023468
744,5681,0.7575243711471558,0.7550114393234253,0.6461553573608398
745,5682,0.49644923210144043,0.5289475321769714,0.41111671924591064
746,5683,0.19755645096302032,0.19458803534507751,0.3126402795314789
747,5684,0.22494855523109436,0.2436296045780182,0.3100068271160126
748,5685,0.7240087389945984,0.7182192206382751,0.6179162263870239
749,5686,0.7348780035972595,0.7180454730987549,0.6404863595962524
750,5687,0.6993025541305542,0.7076216340065002,0.6214067935943604
751,5688,0.21376144886016846,0.1771552413702011,0.3985534608364105
752,5689,0.28669965267181396,0.2568381428718567,0.32735949754714966
753,5690,0.2942548394203186,0.30227240920066833,0.3548739552497864
754,5691,0.7348780035972595,0.7180454730987549,0.6404863595962524
755,5692,0.19755645096302032,0.19458803534507751,0.3126402795314789
756,5693,0.3789171874523163,0.3491915762424469,0.5354458689689636
757,5694,0.30260735750198364,0.34438344836235046,0.39658045768737793
758,5695,0.35615599155426025,0.3551449179649353,0.5357359647750854
759,5696,0.35615599155426025,0.3551449179649353,0.5357359647750854
760,5697,0.30233830213546753,0.30297207832336426,0.3751485347747803
761,5698,0.5396047234535217,0.4445157051086426,0.5800714492797852
762,5699,0.790834367275238,0.7967517375946045,0.6544623374938965
763,5700,0.5671881437301636,0.5611847639083862,0.5485073328018188
764,5701,0.8280507922172546,0.8317152261734009,0.6390736699104309
765,5702,0.20886299014091492,0.19053833186626434,0.31808558106422424
766,5703,0.5148464441299438,0.49538788199424744,0.5996232628822327
767,5704,0.5874485373497009,0.5684019327163696,0.5483832955360413
768,5705,0.41818714141845703,0.4203926920890808,0.5555033087730408
769,5706,0.26845279335975647,0.2806377410888672,0.35860270261764526
770,5707,0.2676525115966797,0.2825775444507599,0.4828989803791046
771,5708,0.6056044697761536,0.6081042885780334,0.5802088975906372
772,5709,0.7348780035972595,0.7180454730987549,0.6404863595962524
773,5710,0.30233830213546753,0.30297207832336426,0.3751485347747803
774,5711,0.3848911225795746,0.38363951444625854,0.34370172023773193
775,5712,0.8104188442230225,0.8290197849273682,0.6479569673538208
776,5713,0.22262193262577057,0.23621433973312378,0.3361537754535675
777,5714,0.7348780035972595,0.7180454730987549,0.6404863595962524
778,5715,0.49228763580322266,0.49361535906791687,0.3889208734035492
779,5716,0.34231922030448914,0.33498769998550415,0.3209451138973236
780,5717,0.5380825400352478,0.5938359498977661,0.56639164686203
781,5718,0.30233830213546753,0.30297207832336426,0.3751485347747803
782,5719,0.30260735750198364,0.34438344836235046,0.39658045768737793
783,5720,0.24871312081813812,0.2454497367143631,0.3418188989162445
784,5721,0.7348780035972595,0.7180454730987549,0.6404863595962524
785,5722,0.3652939796447754,0.33292144536972046,0.507491946220398
786,5723,0.47775715589523315,0.5392464995384216,0.6272690296173096
787,5724,0.17594030499458313,0.14972028136253357,0.29078707098960876
788,5725,0.5044159889221191,0.48832857608795166,0.612845242023468
789,5726,0.5380825400352478,0.5938359498977661,0.56639164686203
790,5727,0.47775715589523315,0.5392464995384216,0.6272690296173096
791,5728,0.5380825400352478,0.5938359498977661,0.56639164686203
792,5729,0.4618791341781616,0.446193665266037,0.36786454916000366
793,5730,0.30260735750198364,0.34438344836235046,0.39658045768737793
794,5731,0.7348780035972595,0.7180454730987549,0.6404863595962524
795,5732,0.5396047234535217,0.4445157051086426,0.5800714492797852
796,5733,0.17879143357276917,0.17612455785274506,0.2956418991088867
797,5734,0.6282260417938232,0.5496872067451477,0.5323926210403442
798,5735,0.2942548394203186,0.30227240920066833,0.3548739552497864
799,5736,0.49228763580322266,0.49361535906791687,0.3889208734035492
800,5737,0.2901461124420166,0.2935587763786316,0.46834155917167664
801,5738,0.8659495115280151,0.8740901947021484,0.6903776526451111
802,5739,0.5148464441299438,0.49538788199424744,0.5996232628822327
803,5740,0.18792475759983063,0.1961863785982132,0.30622944235801697
804,5741,0.3652939796447754,0.33292144536972046,0.507491946220398
805,5742,0.17594030499458313,0.14972028136253357,0.29078707098960876
806,5743,0.47775715589523315,0.5392464995384216,0.6272690296173096
807,5744,0.20886299014091492,0.19053833186626434,0.31808558106422424
808,5745,0.38593950867652893,0.4403482675552368,0.5850908160209656
809,5746,0.2942548394203186,0.30227240920066833,0.3548739552497864
810,5747,0.17879143357276917,0.17612455785274506,0.2956418991088867
811,5748,0.4139038026332855,0.38548094034194946,0.5306150913238525
812,5749,0.49228763580322266,0.49361535906791687,0.3889208734035492
813,5750,0.30233830213546753,0.30297207832336426,0.3751485347747803
814,5751,0.47775715589523315,0.5392464995384216,0.6272690296173096
815,5752,0.7803344130516052,0.7806558609008789,0.6514236927032471
816,5753,0.47775715589523315,0.5392464995384216,0.6272690296173096
817,5754,0.13162918388843536,0.11801879853010178,0.25163382291793823
818,5755,0.7348780035972595,0.7180454730987549,0.6404863595962524
819,5756,0.4030058681964874,0.36618006229400635,0.5335136651992798
820,5757,0.2942548394203186,0.30227240920066833,0.3548739552497864
821,5758,0.49644923210144043,0.5289475321769714,0.41111671924591064
822,5759,0.5126643776893616,0.486067533493042,0.5237028002738953
823,5760,0.3439357578754425,0.3902707099914551,0.5558198690414429
824,5761,0.5044159889221191,0.48832857608795166,0.612845242023468
825,5762,0.35615599155426025,0.3551449179649353,0.5357359647750854
826,5763,0.17594030499458313,0.14972028136253357,0.29078707098960876
827,5764,0.5380825400352478,0.5938359498977661,0.56639164686203
828,5765,0.7151630520820618,0.6614698171615601,0.5888609290122986
829,5766,0.46277615427970886,0.4516099691390991,0.36872026324272156
830,5767,0.49644923210144043,0.5289475321769714,0.41111671924591064
831,5768,0.3652939796447754,0.33292144536972046,0.507491946220398
832,5769,0.8271534442901611,0.8341303467750549,0.6509408354759216
833,5770,0.6746487021446228,0.6528488993644714,0.5940927863121033
834,5771,0.3966624438762665,0.4017392098903656,0.5676117539405823
835,5772,0.6503559947013855,0.7126587629318237,0.6451031565666199
836,5773,0.30260735750198364,0.34438344836235046,0.39658045768737793
837,5774,0.16058698296546936,0.1457831859588623,0.3050876259803772
838,5775,0.21955297887325287,0.20965567231178284,0.3393823206424713
839,5776,0.47775715589523315,0.5392464995384216,0.6272690296173096
840,5777,0.44939300417900085,0.4303276836872101,0.49717476963996887
841,5778,0.7348780035972595,0.7180454730987549,0.6404863595962524
842,5779,0.47541508078575134,0.40822798013687134,0.33809807896614075
843,5780,0.16058698296546936,0.1457831859588623,0.3050876259803772
844,5781,0.17594030499458313,0.14972028136253357,0.29078707098960876
845,5782,0.2301761507987976,0.22203315794467926,0.32863906025886536
846,5783,0.2901461124420166,0.2935587763786316,0.46834155917167664
847,5784,0.49644923210144043,0.5289475321769714,0.41111671924591064
848,5785,0.21852076053619385,0.24067573249340057,0.40836843848228455
849,5786,0.6805141568183899,0.6918003559112549,0.6441037058830261
850,5787,0.2301761507987976,0.22203315794467926,0.32863906025886536
851,5788,0.22494855523109436,0.2436296045780182,0.3100068271160126
852,5789,0.18792475759983063,0.1961863785982132,0.30622944235801697
853,5790,0.30260735750198364,0.34438344836235046,0.39658045768737793
854,5791,0.3607657849788666,0.38316553831100464,0.5507550239562988
855,5792,0.7730937600135803,0.7396190166473389,0.645906925201416
856,5793,0.5671881437301636,0.5611847639083862,0.5485073328018188
857,5794,0.3439357578754425,0.3902707099914551,0.5558198690414429
858,5795,0.22262193262577057,0.23621433973312378,0.3361537754535675
859,5796,0.3848911225795746,0.38363951444625854,0.34370172023773193
860,5797,0.7001131176948547,0.6802685856819153,0.5903863906860352
861,5798,0.4243834316730499,0.4381196200847626,0.5483730435371399
862,5799,0.33760690689086914,0.346795916557312,0.5039044618606567
863,5800,0.5044159889221191,0.48832857608795166,0.612845242023468
864,5801,0.2942548394203186,0.30227240920066833,0.3548739552497864
865,5802,0.26141732931137085,0.2784901261329651,0.44011518359184265
866,5803,0.7710200548171997,0.7895557880401611,0.635816216468811
867,5804,0.49192187190055847,0.47153183817863464,0.4798499345779419
868,5805,0.47775715589523315,0.5392464995384216,0.6272690296173096
869,5806,0.28101423382759094,0.3066295385360718,0.4730170965194702
870,5807,0.22494855523109436,0.2436296045780182,0.3100068271160126
871,5808,0.28669965267181396,0.2568381428718567,0.32735949754714966
872,5809,0.49228763580322266,0.49361535906791687,0.3889208734035492
873,5810,0.13162918388843536,0.11801879853010178,0.25163382291793823
874,5811,0.2942548394203186,0.30227240920066833,0.3548739552497864
875,5812,0.47541508078575134,0.40822798013687134,0.33809807896614075
876,5813,0.7730937600135803,0.7396190166473389,0.645906925201416
877,5814,0.16704291105270386,0.15520060062408447,0.2852688133716583
878,5815,0.4275113046169281,0.46657729148864746,0.515659749507904
879,5816,0.7348780035972595,0.7180454730987549,0.6404863595962524
880,5817,0.5517077445983887,0.45650550723075867,0.5025798082351685
881,5818,0.687154233455658,0.6888208985328674,0.651978611946106
882,5819,0.7954137325286865,0.7572342753410339,0.6182900071144104
883,5820,0.5148464441299438,0.49538788199424744,0.5996232628822327
884,5821,0.8174724578857422,0.822100818157196,0.649585485458374
885,5822,0.30233830213546753,0.30297207832336426,0.3751485347747803
886,5823,0.33760690689086914,0.346795916557312,0.5039044618606567
887,5824,0.7458475828170776,0.7030264139175415,0.5898960828781128
888,5825,0.13162918388843536,0.11801879853010178,0.25163382291793823
889,5826,0.38637831807136536,0.30082353949546814,0.4926629066467285
890,5827,0.2301761507987976,0.22203315794467926,0.32863906025886536
891,5828,0.47775715589523315,0.5392464995384216,0.6272690296173096
892,5829,0.7348780035972595,0.7180454730987549,0.6404863595962524
893,5830,0.2301761507987976,0.22203315794467926,0.32863906025886536
894,5831,0.5917786955833435,0.5612010955810547,0.49568629264831543
895,5832,0.19755645096302032,0.19458803534507751,0.3126402795314789
896,5833,0.2511802017688751,0.23606984317302704,0.4568086862564087
897,5834,0.3439357578754425,0.3902707099914551,0.5558198690414429
898,5835,0.5671881437301636,0.5611847639083862,0.5485073328018188
899,5836,0.19755645096302032,0.19458803534507751,0.3126402795314789
900,5837,0.7344890236854553,0.706571638584137,0.5740805864334106
901,5838,0.5148464441299438,0.49538788199424744,0.5996232628822327
902,5839,0.5148464441299438,0.49538788199424744,0.5996232628822327
903,5840,0.3607657849788666,0.38316553831100464,0.5507550239562988
904,5841,0.2205844521522522,0.20860184729099274,0.41546469926834106
905,5842,0.735974907875061,0.638370931148529,0.546906590461731
906,5843,0.4030058681964874,0.36618006229400635,0.5335136651992798
907,5844,0.7048667669296265,0.7034454345703125,0.5836882591247559
908,5845,0.5396047234535217,0.4445157051086426,0.5800714492797852
909,5846,0.7348780035972595,0.7180454730987549,0.6404863595962524
910,5847,0.3747977614402771,0.4191962480545044,0.35631969571113586
911,5848,0.5396047234535217,0.4445157051086426,0.5800714492797852
912,5849,0.49644923210144043,0.5289475321769714,0.41111671924591064
913,5850,0.2942548394203186,0.30227240920066833,0.3548739552497864
914,5851,0.17879143357276917,0.17612455785274506,0.2956418991088867
915,5852,0.8271534442901611,0.8341303467750549,0.6509408354759216
916,5853,0.26086968183517456,0.25414878129959106,0.44852903485298157
917,5854,0.49644923210144043,0.5289475321769714,0.41111671924591064
918,5855,0.2205844521522522,0.20860184729099274,0.41546469926834106
919,5856,0.7151630520820618,0.6614698171615601,0.5888609290122986
920,5857,0.28225404024124146,0.2752363979816437,0.48302799463272095
921,5858,0.34755071997642517,0.31208187341690063,0.48350730538368225
922,5859,0.6951526999473572,0.6925551891326904,0.6290721297264099
923,5860,0.22484271228313446,0.27123114466667175,0.35136961936950684
924,5861,0.7348780035972595,0.7180454730987549,0.6404863595962524
925,5862,0.2041812688112259,0.2243567258119583,0.3197123110294342
926,5863,0.8659495115280151,0.8740901947021484,0.6903776526451111
927,5864,0.7348780035972595,0.7180454730987549,0.6404863595962524
928,5865,0.20886299014091492,0.19053833186626434,0.31808558106422424
929,5866,0.22494855523109436,0.2436296045780182,0.3100068271160126
930,5867,0.8446837067604065,0.8531781435012817,0.667478621006012
931,5868,0.38637831807136536,0.30082353949546814,0.4926629066467285
932,5869,0.5396047234535217,0.4445157051086426,0.5800714492797852
933,5870,0.5888572931289673,0.5800032019615173,0.5340437889099121
934,5871,0.30233830213546753,0.30297207832336426,0.3751485347747803
935,5872,0.7048667669296265,0.7034454345703125,0.5836882591247559
936,5873,0.6746487021446228,0.6528488993644714,0.5940927863121033
937,5874,0.28101423382759094,0.3066295385360718,0.4730170965194702
938,5875,0.49228763580322266,0.49361535906791687,0.3889208734035492
939,5876,0.5396047234535217,0.4445157051086426,0.5800714492797852
940,5877,0.17594030499458313,0.14972028136253357,0.29078707098960876
941,5878,0.2942548394203186,0.30227240920066833,0.3548739552497864
942,5879,0.34755071997642517,0.31208187341690063,0.48350730538368225
943,5880,0.7097052931785583,0.7340014576911926,0.5790612697601318
944,5881,0.16058698296546936,0.1457831859588623,0.3050876259803772
945,5882,0.644650936126709,0.6348443031311035,0.5791889429092407
946,5883,0.49192187190055847,0.47153183817863464,0.4798499345779419
947,5884,0.16977877914905548,0.1637430638074875,0.3585014343261719
948,5885,0.8355346918106079,0.8375347256660461,0.6764806509017944
949,5886,0.2942548394203186,0.30227240920066833,0.3548739552497864
950,5887,0.49644923210144043,0.5289475321769714,0.41111671924591064
951,5888,0.8355346918106079,0.8375347256660461,0.6764806509017944
952,5889,0.33760690689086914,0.346795916557312,0.5039044618606567
953,5890,0.6663689613342285,0.6975924968719482,0.6471595764160156
954,5891,0.33760690689086914,0.346795916557312,0.5039044618606567
955,5892,0.7730937600135803,0.7396190166473389,0.645906925201416
956,5893,0.7348780035972595,0.7180454730987549,0.6404863595962524
957,5894,0.22494855523109436,0.2436296045780182,0.3100068271160126
958,5895,0.4618791341781616,0.446193665266037,0.36786454916000366
959,5896,0.7730937600135803,0.7396190166473389,0.645906925201416
960,5897,0.5044159889221191,0.48832857608795166,0.612845242023468
961,5898,0.3747977614402771,0.4191962480545044,0.35631969571113586
962,5899,0.13162918388843536,0.11801879853010178,0.25163382291793823
963,5900,0.41818714141845703,0.4203926920890808,0.5555033087730408
964,5901,0.47775715589523315,0.5392464995384216,0.6272690296173096
965,5902,0.26086968183517456,0.25414878129959106,0.44852903485298157
966,5903,0.2640877068042755,0.31865808367729187,0.5009304285049438
967,5904,0.7611448764801025,0.7422102093696594,0.6299140453338623
968,5905,0.5044159889221191,0.48832857608795166,0.612845242023468
969,5906,0.6951526999473572,0.6925551891326904,0.6290721297264099
970,5907,0.7348780035972595,0.7180454730987549,0.6404863595962524
971,5908,0.5671881437301636,0.5611847639083862,0.5485073328018188
972,5909,0.26401543617248535,0.24638989567756653,0.42073991894721985
973,5910,0.5148464441299438,0.49538788199424744,0.5996232628822327
974,5911,0.38637831807136536,0.30082353949546814,0.4926629066467285
975,5912,0.17594030499458313,0.14972028136253357,0.29078707098960876
976,5913,0.7348780035972595,0.7180454730987549,0.6404863595962524
977,5914,0.26401543617248535,0.24638989567756653,0.42073991894721985
978,5915,0.3789171874523163,0.3491915762424469,0.5354458689689636
979,5916,0.24871312081813812,0.2454497367143631,0.3418188989162445
980,5917,0.28669965267181396,0.2568381428718567,0.32735949754714966
981,5918,0.13162918388843536,0.11801879853010178,0.25163382291793823
982,5919,0.7348780035972595,0.7180454730987549,0.6404863595962524
983,5920,0.49644923210144043,0.5289475321769714,0.41111671924591064
984,5921,0.47775715589523315,0.5392464995384216,0.6272690296173096
985,5922,0.3781769275665283,0.4270547926425934,0.5580452680587769
986,5923,0.7730937600135803,0.7396190166473389,0.645906925201416
987,5924,0.7348780035972595,0.7180454730987549,0.6404863595962524
988,5925,0.5044159889221191,0.48832857608795166,0.612845242023468
989,5926,0.33760690689086914,0.346795916557312,0.5039044618606567
990,5927,0.8851151466369629,0.8842217326164246,0.668377697467804
991,5928,0.6746487021446228,0.6528488993644714,0.5940927863121033
992,5929,0.41059765219688416,0.40799057483673096,0.5364595055580139
993,5930,0.7611448764801025,0.7422102093696594,0.6299140453338623
994,5931,0.2942548394203186,0.30227240920066833,0.3548739552497864
995,5932,0.8371588587760925,0.8452087640762329,0.662276029586792
996,5933,0.7348780035972595,0.7180454730987549,0.6404863595962524
997,5934,0.7611448764801025,0.7422102093696594,0.6299140453338623
998,5935,0.17594030499458313,0.14972028136253357,0.29078707098960876
999,5936,0.7730937600135803,0.7396190166473389,0.645906925201416
1000,5937,0.42593857645988464,0.3439607322216034,0.43373072147369385
1001,5938,0.6841000914573669,0.6830062866210938,0.5975345969200134
1002,5939,0.5148464441299438,0.49538788199424744,0.5996232628822327
1003,5940,0.2640877068042755,0.31865808367729187,0.5009304285049438
1004,5941,0.3789171874523163,0.3491915762424469,0.5354458689689636
1005,5942,0.8177491426467896,0.8010863661766052,0.631984293460846
1006,5943,0.3439357578754425,0.3902707099914551,0.5558198690414429
1007,5944,0.5148464441299438,0.49538788199424744,0.5996232628822327
1008,5945,0.21450118720531464,0.24457934498786926,0.4134310185909271
1009,5946,0.28669965267181396,0.2568381428718567,0.32735949754714966
1010,5947,0.6637101173400879,0.6560548543930054,0.5576134920120239
1011,5948,0.22262193262577057,0.23621433973312378,0.3361537754535675
1012,5949,0.28669965267181396,0.2568381428718567,0.32735949754714966
1013,5950,0.3560316860675812,0.3033822476863861,0.301679402589798
1014,5951,0.28669965267181396,0.2568381428718567,0.32735949754714966
1015,5952,0.7730937600135803,0.7396190166473389,0.645906925201416
1016,5953,0.5396047234535217,0.4445157051086426,0.5800714492797852
1017,5954,0.47775715589523315,0.5392464995384216,0.6272690296173096
1018,5955,0.49228763580322266,0.49361535906791687,0.3889208734035492
1019,5956,0.7722048759460449,0.7530904412269592,0.5790280699729919
1020,5957,0.6951526999473572,0.6925551891326904,0.6290721297264099
1021,5958,0.6114348769187927,0.5672354102134705,0.5253965258598328
1022,5959,0.49644923210144043,0.5289475321769714,0.41111671924591064
1023,5960,0.19755645096302032,0.19458803534507751,0.3126402795314789
1024,5961,0.5148464441299438,0.49538788199424744,0.5996232628822327
1025,5962,0.27015775442123413,0.2540442943572998,0.44370371103286743
1026,5963,0.41059765219688416,0.40799057483673096,0.5364595055580139
1027,5964,0.6944685578346252,0.656818151473999,0.5500780940055847
1028,5965,0.47541508078575134,0.40822798013687134,0.33809807896614075
1029,5966,0.7954137325286865,0.7572342753410339,0.6182900071144104
1030,5967,0.49228763580322266,0.49361535906791687,0.3889208734035492
1031,5968,0.30260735750198364,0.34438344836235046,0.39658045768737793
1032,5969,0.7348780035972595,0.7180454730987549,0.6404863595962524
1033,5970,0.4243834316730499,0.4381196200847626,0.5483730435371399
1034,5971,0.5671881437301636,0.5611847639083862,0.5485073328018188
1035,5972,0.47541508078575134,0.40822798013687134,0.33809807896614075
1036,5973,0.5044159889221191,0.48832857608795166,0.612845242023468
1037,5974,0.21955297887325287,0.20965567231178284,0.3393823206424713
1038,5975,0.18792475759983063,0.1961863785982132,0.30622944235801697
1039,5976,0.49644923210144043,0.5289475321769714,0.41111671924591064
1040,5977,0.34755071997642517,0.31208187341690063,0.48350730538368225
1041,5978,0.7803344130516052,0.7806558609008789,0.6514236927032471
1042,5979,0.429170161485672,0.3865388333797455,0.3492407500743866
1043,5980,0.7888263463973999,0.7835730314254761,0.6244562268257141
1044,5981,0.6746487021446228,0.6528488993644714,0.5940927863121033
1045,5982,0.3607657849788666,0.38316553831100464,0.5507550239562988
1046,5983,0.17594030499458313,0.14972028136253357,0.29078707098960876
1047,5984,0.22484271228313446,0.27123114466667175,0.35136961936950684
1048,5985,0.47775715589523315,0.5392464995384216,0.6272690296173096
1049,5986,0.28225404024124146,0.2752363979816437,0.48302799463272095
1050,5987,0.7575243711471558,0.7550114393234253,0.6461553573608398
1051,5988,0.8550131320953369,0.8613407611846924,0.6589111089706421
1052,5989,0.44304272532463074,0.4187065362930298,0.35966208577156067
1053,5990,0.7348780035972595,0.7180454730987549,0.6404863595962524
1054,5991,0.7048667669296265,0.7034454345703125,0.5836882591247559
1055,5992,0.5380825400352478,0.5938359498977661,0.56639164686203
1056,5993,0.2640877068042755,0.31865808367729187,0.5009304285049438
1057,5994,0.2942548394203186,0.30227240920066833,0.3548739552497864
1058,5995,0.28101423382759094,0.3066295385360718,0.4730170965194702
1059,5996,0.49644923210144043,0.5289475321769714,0.41111671924591064
1060,5997,0.853655219078064,0.8509904742240906,0.6563081741333008
1061,5998,0.3789171874523163,0.3491915762424469,0.5354458689689636
1062,5999,0.7954137325286865,0.7572342753410339,0.6182900071144104
1063,6000,0.3652939796447754,0.33292144536972046,0.507491946220398
1064,6001,0.49644923210144043,0.5289475321769714,0.41111671924591064
1065,6002,0.6746487021446228,0.6528488993644714,0.5940927863121033
1066,6003,0.8659495115280151,0.8740901947021484,0.6903776526451111
1067,6004,0.7803344130516052,0.7806558609008789,0.6514236927032471
1068,6005,0.30233830213546753,0.30297207832336426,0.3751485347747803
1069,6006,0.5148464441299438,0.49538788199424744,0.5996232628822327
1070,6007,0.33760690689086914,0.346795916557312,0.5039044618606567
1071,6008,0.17594030499458313,0.14972028136253357,0.29078707098960876
1072,6009,0.6993025541305542,0.7076216340065002,0.6214067935943604
1073,6010,0.3326566219329834,0.3088286519050598,0.40681925415992737
1074,6011,0.44304272532463074,0.4187065362930298,0.35966208577156067
1075,6012,0.5044159889221191,0.48832857608795166,0.612845242023468
1076,6013,0.5671881437301636,0.5611847639083862,0.5485073328018188
1077,6014,0.38637831807136536,0.30082353949546814,0.4926629066467285
1078,6015,0.7191757559776306,0.7031729817390442,0.5843037366867065
1079,6016,0.6951526999473572,0.6925551891326904,0.6290721297264099
1080,6017,0.30260735750198364,0.34438344836235046,0.39658045768737793
1081,6018,0.2676525115966797,0.2825775444507599,0.4828989803791046
1082,6019,0.47775715589523315,0.5392464995384216,0.6272690296173096
1083,6020,0.25037863850593567,0.25992894172668457,0.4751614034175873
1084,6021,0.5917786955833435,0.5612010955810547,0.49568629264831543
1085,6022,0.790834367275238,0.7967517375946045,0.6544623374938965
1086,6023,0.34755071997642517,0.31208187341690063,0.48350730538368225
1087,6024,0.22484271228313446,0.27123114466667175,0.35136961936950684
1088,6025,0.13162918388843536,0.11801879853010178,0.25163382291793823
1089,6026,0.5380825400352478,0.5938359498977661,0.56639164686203
1090,6027,0.29980528354644775,0.28622567653656006,0.30725783109664917
1091,6028,0.2942548394203186,0.30227240920066833,0.3548739552497864
1092,6029,0.49228763580322266,0.49361535906791687,0.3889208734035492
1093,6030,0.5044159889221191,0.48832857608795166,0.612845242023468
1094,6031,0.46277615427970886,0.4516099691390991,0.36872026324272156
1095,6032,0.6993025541305542,0.7076216340065002,0.6214067935943604
1096,6033,0.2017061710357666,0.20134639739990234,0.3951248824596405
1097,6034,0.21955297887325287,0.20965567231178284,0.3393823206424713
1098,6035,0.30260735750198364,0.34438344836235046,0.39658045768737793
1099,6036,0.7348780035972595,0.7180454730987549,0.6404863595962524
1100,6037,0.5396047234535217,0.4445157051086426,0.5800714492797852
1101,6038,0.21376144886016846,0.1771552413702011,0.3985534608364105
1102,6039,0.19755645096302032,0.19458803534507751,0.3126402795314789
1103,6040,0.6746487021446228,0.6528488993644714,0.5940927863121033
1104,6041,0.34755071997642517,0.31208187341690063,0.48350730538368225
1105,6042,0.2205844521522522,0.20860184729099274,0.41546469926834106
1106,6043,0.25037863850593567,0.25992894172668457,0.4751614034175873
1107,6044,0.17594030499458313,0.14972028136253357,0.29078707098960876
1108,6045,0.2942548394203186,0.30227240920066833,0.3548739552497864
1109,6046,0.28449544310569763,0.235581636428833,0.4317198097705841
1110,6047,0.7304933071136475,0.7014172077178955,0.6243544816970825
1111,6048,0.4953620731830597,0.44221052527427673,0.46716421842575073
1112,6049,0.5917786955833435,0.5612010955810547,0.49568629264831543
1113,6050,0.7348780035972595,0.7180454730987549,0.6404863595962524
1114,6051,0.5044159889221191,0.48832857608795166,0.612845242023468
1115,6052,0.3747977614402771,0.4191962480545044,0.35631969571113586
1116,6053,0.6622056365013123,0.7029613852500916,0.5963190793991089
1117,6054,0.7611448764801025,0.7422102093696594,0.6299140453338623
1118,6055,0.8215085864067078,0.8214078545570374,0.6345956325531006
1119,6056,0.5396047234535217,0.4445157051086426,0.5800714492797852
1120,6057,0.3439357578754425,0.3902707099914551,0.5558198690414429
1121,6058,0.33760690689086914,0.346795916557312,0.5039044618606567
1122,6059,0.6746487021446228,0.6528488993644714,0.5940927863121033
1123,6060,0.19680452346801758,0.19247199594974518,0.3296067714691162
1124,6061,0.7191757559776306,0.7031729817390442,0.5843037366867065
1125,6062,0.7328265905380249,0.738726794719696,0.5828359127044678
1126,6063,0.790834367275238,0.7967517375946045,0.6544623374938965
1127,6064,0.2301761507987976,0.22203315794467926,0.32863906025886536
1128,6065,0.4275113046169281,0.46657729148864746,0.515659749507904
1129,6066,0.2942548394203186,0.30227240920066833,0.3548739552497864
1130,6067,0.21962624788284302,0.20717310905456543,0.29038330912590027
1131,6068,0.6743348836898804,0.6817800402641296,0.5588973164558411
1132,6069,0.47775715589523315,0.5392464995384216,0.6272690296173096
1133,6070,0.7151630520820618,0.6614698171615601,0.5888609290122986
1134,6071,0.38593950867652893,0.4403482675552368,0.5850908160209656
1135,6072,0.907177209854126,0.9093528389930725,0.6891160607337952
1136,6073,0.30233830213546753,0.30297207832336426,0.3751485347747803
1137,6074,0.429170161485672,0.3865388333797455,0.3492407500743866
1138,6075,0.5148464441299438,0.49538788199424744,0.5996232628822327
1139,6076,0.5044159889221191,0.48832857608795166,0.612845242023468
1140,6077,0.38593950867652893,0.4403482675552368,0.5850908160209656
1141,6078,0.20886299014091492,0.19053833186626434,0.31808558106422424
1142,6079,0.6746487021446228,0.6528488993644714,0.5940927863121033
1143,6080,0.30260735750198364,0.34438344836235046,0.39658045768737793
1144,6081,0.6951526999473572,0.6925551891326904,0.6290721297264099
1145,6082,0.7730937600135803,0.7396190166473389,0.645906925201416
1146,6083,0.47775715589523315,0.5392464995384216,0.6272690296173096
1147,6084,0.5380825400352478,0.5938359498977661,0.56639164686203
1148,6085,0.3652939796447754,0.33292144536972046,0.507491946220398
1149,6086,0.3607657849788666,0.38316553831100464,0.5507550239562988
1150,6087,0.41059765219688416,0.40799057483673096,0.5364595055580139
1151,6088,0.21962624788284302,0.20717310905456543,0.29038330912590027
1152,6089,0.7304933071136475,0.7014172077178955,0.6243544816970825
1153,6090,0.3747977614402771,0.4191962480545044,0.35631969571113586
1154,6091,0.41818714141845703,0.4203926920890808,0.5555033087730408
1155,6092,0.21955297887325287,0.20965567231178284,0.3393823206424713
1156,6093,0.277226060628891,0.24142569303512573,0.45815718173980713
1157,6094,0.19755645096302032,0.19458803534507751,0.3126402795314789
1158,6095,0.2090584635734558,0.203984335064888,0.3946595788002014
1159,6096,0.3995690941810608,0.3747214078903198,0.4543055295944214
1160,6097,0.47775715589523315,0.5392464995384216,0.6272690296173096
1161,6098,0.7611448764801025,0.7422102093696594,0.6299140453338623
1162,6099,0.1511608362197876,0.13892537355422974,0.3571333587169647
1163,6100,0.2640877068042755,0.31865808367729187,0.5009304285049438
1164,6101,0.38593950867652893,0.4403482675552368,0.5850908160209656
1165,6102,0.3607657849788666,0.38316553831100464,0.5507550239562988
1166,6103,0.735974907875061,0.638370931148529,0.546906590461731
1167,6104,0.47775715589523315,0.5392464995384216,0.6272690296173096
1168,6105,0.6951526999473572,0.6925551891326904,0.6290721297264099
1169,6106,0.8689867258071899,0.8571038246154785,0.6494002342224121
1170,6107,0.7954137325286865,0.7572342753410339,0.6182900071144104
1171,6108,0.5380825400352478,0.5938359498977661,0.56639164686203
1172,6109,0.41059765219688416,0.40799057483673096,0.5364595055580139
1173,6110,0.7611448764801025,0.7422102093696594,0.6299140453338623
1174,6111,0.26086968183517456,0.25414878129959106,0.44852903485298157
1175,6112,0.49644923210144043,0.5289475321769714,0.41111671924591064
1176,6113,0.7348780035972595,0.7180454730987549,0.6404863595962524
1177,6114,0.5148464441299438,0.49538788199424744,0.5996232628822327
1178,6115,0.7730937600135803,0.7396190166473389,0.645906925201416
1179,6116,0.5148464441299438,0.49538788199424744,0.5996232628822327
1180,6117,0.5044159889221191,0.48832857608795166,0.612845242023468
1181,6118,0.38637831807136536,0.30082353949546814,0.4926629066467285
1182,6119,0.30233830213546753,0.30297207832336426,0.3751485347747803
1183,6120,0.5396047234535217,0.4445157051086426,0.5800714492797852
1184,6121,0.5380825400352478,0.5938359498977661,0.56639164686203
1185,6122,0.7151630520820618,0.6614698171615601,0.5888609290122986
1186,6123,0.8355346918106079,0.8375347256660461,0.6764806509017944
1187,6124,0.28101423382759094,0.3066295385360718,0.4730170965194702
1188,6125,0.47775715589523315,0.5392464995384216,0.6272690296173096
1189,6126,0.28669965267181396,0.2568381428718567,0.32735949754714966
1190,6127,0.7855327129364014,0.7891777753829956,0.6145032048225403
1191,6128,0.49644923210144043,0.5289475321769714,0.41111671924591064
1192,6129,0.15766271948814392,0.13717851042747498,0.3393218219280243
1193,6130,0.5396047234535217,0.4445157051086426,0.5800714492797852
1194,6131,0.28669965267181396,0.2568381428718567,0.32735949754714966
1195,6132,0.49228763580322266,0.49361535906791687,0.3889208734035492
1196,6133,0.49644923210144043,0.5289475321769714,0.41111671924591064
1197,6134,0.35615599155426025,0.3551449179649353,0.5357359647750854
1198,6135,0.3789171874523163,0.3491915762424469,0.5354458689689636
1199,6136,0.17594030499458313,0.14972028136253357,0.29078707098960876
1200,6137,0.429170161485672,0.3865388333797455,0.3492407500743866
1201,6138,0.3995690941810608,0.3747214078903198,0.4543055295944214
1202,6139,0.2742690443992615,0.26204949617385864,0.43809178471565247
1203,6140,0.15766271948814392,0.13717851042747498,0.3393218219280243
1204,6141,0.7151630520820618,0.6614698171615601,0.5888609290122986
1205,6142,0.2742690443992615,0.26204949617385864,0.43809178471565247
1206,6143,0.3747977614402771,0.4191962480545044,0.35631969571113586
1207,6144,0.42436328530311584,0.3695763051509857,0.5170860886573792
1208,6145,0.7611448764801025,0.7422102093696594,0.6299140453338623
1209,6146,0.7348780035972595,0.7180454730987549,0.6404863595962524
1210,6147,0.6944685578346252,0.656818151473999,0.5500780940055847
1211,6148,0.28669965267181396,0.2568381428718567,0.32735949754714966
1212,6149,0.5044159889221191,0.48832857608795166,0.612845242023468
1213,6150,0.7240087389945984,0.7182192206382751,0.6179162263870239
1214,6151,0.2942548394203186,0.30227240920066833,0.3548739552497864
1215,6152,0.3439357578754425,0.3902707099914551,0.5558198690414429
1216,6153,0.42436328530311584,0.3695763051509857,0.5170860886573792
1217,6154,0.7730937600135803,0.7396190166473389,0.645906925201416
1218,6155,0.30233830213546753,0.30297207832336426,0.3751485347747803
1219,6156,0.3439357578754425,0.3902707099914551,0.5558198690414429
1220,6157,0.47775715589523315,0.5392464995384216,0.6272690296173096
1221,6158,0.4618791341781616,0.446193665266037,0.36786454916000366
1222,6159,0.3848911225795746,0.38363951444625854,0.34370172023773193
1223,6160,0.7803344130516052,0.7806558609008789,0.6514236927032471
1224,6161,0.26845279335975647,0.2806377410888672,0.35860270261764526
1225,6162,0.26845279335975647,0.2806377410888672,0.35860270261764526
1226,6163,0.5044159889221191,0.48832857608795166,0.612845242023468
1227,6164,0.47541508078575134,0.40822798013687134,0.33809807896614075
1228,6165,0.30233830213546753,0.30297207832336426,0.3751485347747803
1229,6166,0.49644923210144043,0.5289475321769714,0.41111671924591064
1230,6167,0.49644923210144043,0.5289475321769714,0.41111671924591064
1231,6168,0.49644923210144043,0.5289475321769714,0.41111671924591064
1232,6169,0.19680452346801758,0.19247199594974518,0.3296067714691162
1233,6170,0.3966624438762665,0.4017392098903656,0.5676117539405823
1234,6171,0.5240183472633362,0.5557137727737427,0.5051255226135254
