,index,Expr-998-ep-27.pt
0,8000,0.034567784518003464
1,8001,0.02015020325779915
2,8002,0.040844034403562546
3,8003,0.07858765125274658
4,8004,0.027978796511888504
5,8005,0.06229034438729286
6,8006,0.061648186296224594
7,8007,0.054153747856616974
8,8008,0.642840564250946
9,8009,0.017277784645557404
10,8010,0.47763320803642273
11,8011,0.04166232421994209
12,8012,0.012790150940418243
13,8013,0.0307196956127882
14,8014,0.04800589382648468
15,8015,0.06024113669991493
16,8016,0.04021165519952774
17,8017,0.7963405251502991
18,8018,0.08955048769712448
19,8019,0.0587429441511631
20,8020,0.2968961000442505
21,8021,0.32845553755760193
22,8022,0.04955880343914032
23,8023,0.01196256373077631
24,8024,0.012936202809214592
25,8025,0.00879320316016674
26,8026,0.06574515253305435
27,8027,0.3204263746738434
28,8028,0.010645106434822083
29,8029,0.37287625670433044
30,8030,0.12106867134571075
31,8031,0.03586873039603233
32,8032,0.0072538480162620544
33,8033,0.006500668823719025
34,8034,0.06806007772684097
35,8035,0.1232251450419426
36,8036,0.010166365653276443
37,8037,0.04955604299902916
38,8038,0.6906749606132507
39,8039,0.17022961378097534
40,8040,0.04243157431483269
41,8041,0.9103214144706726
42,8042,0.06125028803944588
43,8043,0.05987163633108139
44,8044,0.1088680699467659
45,8045,0.10976596176624298
46,8046,0.6382280588150024
47,8047,0.3445551097393036
48,8048,0.09339870512485504
49,8049,0.7336096167564392
50,8050,0.0349118709564209
51,8051,0.4170500934123993
52,8052,0.19326333701610565
53,8053,0.14006772637367249
54,8054,0.8492437601089478
55,8055,0.06247484311461449
56,8056,0.3597992956638336
57,8057,0.5951407551765442
58,8058,0.6473268866539001
59,8059,0.05548761412501335
60,8060,0.15238462388515472
61,8061,0.012458848766982555
62,8062,0.47524335980415344
63,8063,0.2795712351799011
64,8064,0.017019659280776978
65,8065,0.8297430276870728
66,8066,0.2925223112106323
67,8067,0.055998675525188446
68,8068,0.07820628583431244
69,8069,0.2875623106956482
70,8070,0.12415007501840591
71,8071,0.5209128856658936
72,8072,0.8217949271202087
73,8073,0.19487829506397247
74,8074,0.13870380818843842
75,8075,0.8171931505203247
76,8076,0.22459694743156433
77,8077,0.04376080259680748
78,8078,0.08523744344711304
79,8079,0.02596019022166729
80,8080,0.48831379413604736
81,8081,0.05695819482207298
82,8082,0.011178357526659966
83,8083,0.06872918456792831
84,8084,0.06481289118528366
85,8085,0.0182728860527277
86,8086,0.4702572524547577
87,8087,0.01734844408929348
88,8088,0.3473100960254669
89,8089,0.033292774111032486
90,8090,0.1344953328371048
91,8091,0.025622930377721786
92,8092,0.011115065775811672
93,8093,0.12843073904514313
94,8094,0.018489301204681396
95,8095,0.5060215592384338
96,8096,0.11853588372468948
97,8097,0.3815828859806061
98,8098,0.9527278542518616
99,8099,0.06535833328962326
100,8100,0.0574253648519516
101,8101,0.692208468914032
102,8102,0.4275432825088501
103,8103,0.8813484907150269
104,8104,0.1673232764005661
105,8105,0.9145474433898926
106,8106,0.11356019228696823
107,8107,0.2721555531024933
108,8108,0.08535747975111008
109,8109,0.07655584067106247
110,8110,0.39734718203544617
111,8111,0.032075345516204834
112,8112,0.04884059727191925
113,8113,0.019951922819018364
114,8114,0.6073096394538879
115,8115,0.020074766129255295
116,8116,0.6012125611305237
117,8117,0.23969319462776184
118,8118,0.11654219031333923
119,8119,0.24436458945274353
120,8120,0.030909322202205658
121,8121,0.009564533829689026
122,8122,0.33230292797088623
123,8123,0.016522379592061043
124,8124,0.23840215802192688
125,8125,0.4156409204006195
126,8126,0.19631129503250122
127,8127,0.23814959824085236
128,8128,0.0538577102124691
129,8129,0.005075804423540831
130,8130,0.02678009122610092
131,8131,0.08960092067718506
132,8132,0.08956670016050339
133,8133,0.13526231050491333
134,8134,0.2516911029815674
135,8135,0.08537618070840836
136,8136,0.046134404838085175
137,8137,0.017366018146276474
138,8138,0.2182842344045639
139,8139,0.013556249439716339
140,8140,0.13704414665699005
141,8141,0.027321642264723778
142,8142,0.0714544877409935
143,8143,0.009099571034312248
144,8144,0.10185863077640533
145,8145,0.32262566685676575
146,8146,0.16322258114814758
147,8147,0.47526198625564575
148,8148,0.20499953627586365
149,8149,0.1595918834209442
150,8150,0.04187528416514397
151,8151,0.027150295674800873
152,8152,0.03367161005735397
153,8153,0.6873207688331604
154,8154,0.16783155500888824
155,8155,0.00974338036030531
156,8156,0.7010039687156677
157,8157,0.23283767700195312
158,8158,0.03246290609240532
159,8159,0.033722907304763794
160,8160,0.22224101424217224
161,8161,0.0342036709189415
162,8162,0.015083526261150837
163,8163,0.5963171720504761
164,8164,0.16844704747200012
165,8165,0.1175152137875557
166,8166,0.13863468170166016
167,8167,0.10252930968999863
168,8168,0.03966916352510452
169,8169,0.03224603086709976
170,8170,0.1862953156232834
171,8171,0.6779467463493347
172,8172,0.007977505214512348
173,8173,0.7393105626106262
174,8174,0.019656836986541748
175,8175,0.09370989352464676
176,8176,0.056281547993421555
177,8177,0.4758390188217163
178,8178,0.2458018660545349
179,8179,0.05392937362194061
180,8180,0.03217858076095581
181,8181,0.04233545437455177
182,8182,0.12619929015636444
183,8183,0.10425646603107452
184,8184,0.8726643323898315
185,8185,0.09288200736045837
186,8186,0.07085859775543213
187,8187,0.39013394713401794
188,8188,0.9516503810882568
189,8189,0.006238039582967758
190,8190,0.2562033236026764
191,8191,0.1028171107172966
192,8192,0.055914368480443954
193,8193,0.05889898166060448
194,8194,0.22248996794223785
195,8195,0.454559326171875
196,8196,0.02819870598614216
197,8197,0.10838530212640762
198,8198,0.07977208495140076
199,8199,0.042758964002132416
200,8200,0.7281485795974731
201,8201,0.32898029685020447
202,8202,0.047496311366558075
203,8203,0.02457904815673828
204,8204,0.11303476244211197
205,8205,0.2861441671848297
206,8206,0.010326855815947056
207,8207,0.08824069052934647
208,8208,0.11985651403665543
209,8209,0.02920125611126423
210,8210,0.00599694112315774
211,8211,0.07432667165994644
212,8212,0.12162648886442184
213,8213,0.024772631004452705
214,8214,0.5347995162010193
215,8215,0.8005332946777344
216,8216,0.07667681574821472
217,8217,0.02732326276600361
218,8218,0.06523095071315765
219,8219,0.027178538963198662
220,8220,0.2163202315568924
221,8221,0.9374739527702332
222,8222,0.03760993853211403
223,8223,0.006415707059204578
224,8224,0.43981555104255676
225,8225,0.935901939868927
226,8226,0.20442500710487366
227,8227,0.053693365305662155
228,8228,0.12630406022071838
229,8229,0.11655237525701523
230,8230,0.1258196383714676
231,8231,0.7452332973480225
232,8232,0.055674005299806595
233,8233,0.0408143624663353
234,8234,0.6893560290336609
235,8235,0.04951776564121246
236,8236,0.07573051750659943
237,8237,0.030920982360839844
238,8238,0.04192572459578514
239,8239,0.139348566532135
240,8240,0.5825185775756836
241,8241,0.006254193838685751
242,8242,0.6732823252677917
243,8243,0.058685075491666794
244,8244,0.034449122846126556
245,8245,0.023348495364189148
246,8246,0.0051824357360601425
247,8247,0.15443748235702515
248,8248,0.07955854386091232
249,8249,0.019707471132278442
250,8250,0.02920076809823513
251,8251,0.13220389187335968
252,8252,0.05126415938138962
253,8253,0.2749638259410858
254,8254,0.1101769283413887
255,8255,0.19777227938175201
256,8256,0.2757223844528198
257,8257,0.05039311945438385
258,8258,0.1830349713563919
259,8259,0.05766315385699272
260,8260,0.21829138696193695
261,8261,0.009625321254134178
262,8262,0.052828799933195114
263,8263,0.014268185012042522
264,8264,0.016573239117860794
265,8265,0.460671067237854
266,8266,0.012283950112760067
267,8267,0.021933233365416527
268,8268,0.08352632820606232
269,8269,0.20779629051685333
270,8270,0.07086653262376785
271,8271,0.10953541100025177
272,8272,0.2794545590877533
273,8273,0.09071765094995499
274,8274,0.23410145938396454
275,8275,0.5973743796348572
276,8276,0.05988968908786774
277,8277,0.5362500548362732
278,8278,0.013134158216416836
279,8279,0.039151545614004135
280,8280,0.05837223678827286
281,8281,0.15551652014255524
282,8282,0.058311834931373596
283,8283,0.036794450134038925
284,8284,0.24120405316352844
285,8285,0.05488521605730057
286,8286,0.03668341413140297
287,8287,0.037332333624362946
288,8288,0.09144933521747589
289,8289,0.12524749338626862
290,8290,0.11969509720802307
291,8291,0.03230787068605423
292,8292,0.5456610918045044
293,8293,0.07781937718391418
294,8294,0.3944374918937683
295,8295,0.010727159678936005
296,8296,0.030700836330652237
297,8297,0.07781173288822174
298,8298,0.8416804075241089
299,8299,0.7092462778091431
300,8300,0.48563700914382935
301,8301,0.3913809061050415
302,8302,0.08707468211650848
303,8303,0.2806257903575897
304,8304,0.6240110397338867
305,8305,0.4572409391403198
306,8306,0.18230031430721283
307,8307,0.010828751139342785
308,8308,0.0696273073554039
309,8309,0.01267939992249012
310,8310,0.25055986642837524
311,8311,0.21504487097263336
312,8312,0.396114319562912
313,8313,0.16102388501167297
314,8314,0.012168742716312408
315,8315,0.09657691419124603
316,8316,0.05965856462717056
317,8317,0.039633966982364655
318,8318,0.1919083148241043
319,8319,0.6498687863349915
320,8320,0.35851725935935974
321,8321,0.01697743870317936
322,8322,0.020669154822826385
323,8323,0.02462090738117695
324,8324,0.23953096568584442
325,8325,0.007486251648515463
326,8326,0.03277617320418358
327,8327,0.013418435119092464
328,8328,0.05302762985229492
329,8329,0.20449277758598328
330,8330,0.15097422897815704
331,8331,0.014378415420651436
332,8332,0.33853381872177124
333,8333,0.02333572320640087
334,8334,0.02136773057281971
335,8335,0.05954727157950401
336,8336,0.08932570368051529
337,8337,0.032430585473775864
338,8338,0.11090079694986343
339,8339,0.11892969161272049
340,8340,0.06664816290140152
341,8341,0.09343945980072021
342,8342,0.09558861702680588
343,8343,0.798553466796875
344,8344,0.2809014916419983
345,8345,0.05300423875451088
346,8346,0.01645323820412159
347,8347,0.5784755945205688
348,8348,0.5454286932945251
349,8349,0.3210424482822418
350,8350,0.062419742345809937
351,8351,0.017418229952454567
352,8352,0.7062621712684631
353,8353,0.1743205189704895
354,8354,0.41798654198646545
355,8355,0.08159931749105453
356,8356,0.041717056185007095
357,8357,0.011758738197386265
358,8358,0.25260913372039795
359,8359,0.1158810406923294
360,8360,0.05597272887825966
361,8361,0.1276206076145172
362,8362,0.00972006842494011
363,8363,0.940128743648529
364,8364,0.14278826117515564
365,8365,0.1455865353345871
366,8366,0.04404739290475845
367,8367,0.05860086530447006
368,8368,0.29391294717788696
369,8369,0.058764949440956116
370,8370,0.04610298201441765
371,8371,0.23283517360687256
372,8372,0.4492220878601074
373,8373,0.016636760905385017
374,8374,0.8718398809432983
375,8375,0.12674589455127716
376,8376,0.05709923058748245
377,8377,0.00816055852919817
378,8378,0.08574024587869644
379,8379,0.21146388351917267
380,8380,0.030626138672232628
381,8381,0.22354990243911743
382,8382,0.014005989767611027
383,8383,0.16855689883232117
384,8384,0.007272307761013508
385,8385,0.3938353657722473
386,8386,0.1958383321762085
387,8387,0.2852191925048828
388,8388,0.9094542860984802
389,8389,0.013207090087234974
390,8390,0.30290061235427856
391,8391,0.19220449030399323
392,8392,0.3315291404724121
393,8393,0.8409257531166077
394,8394,0.02208918333053589
395,8395,0.03871013969182968
396,8396,0.9381832480430603
397,8397,0.03649735450744629
398,8398,0.6705769896507263
399,8399,0.02868097834289074
400,8400,0.1588321030139923
401,8401,0.05434458330273628
402,8402,0.13392533361911774
403,8403,0.02635831944644451
404,8404,0.31912270188331604
405,8405,0.02542160265147686
406,8406,0.012250665575265884
407,8407,0.02413307875394821
408,8408,0.3875891864299774
409,8409,0.044863928109407425
410,8410,0.6471622586250305
411,8411,0.0441206656396389
412,8412,0.015067468397319317
413,8413,0.018615715205669403
414,8414,0.04887126386165619
415,8415,0.016032855957746506
416,8416,0.09819748997688293
417,8417,0.04004380851984024
418,8418,0.5565794110298157
419,8419,0.15886035561561584
420,8420,0.07513481378555298
421,8421,0.265713632106781
422,8422,0.8421729207038879
423,8423,0.4661533236503601
424,8424,0.01303782407194376
425,8425,0.01465226337313652
426,8426,0.002315012738108635
427,8427,0.11606786400079727
428,8428,0.31413859128952026
429,8429,0.02953708916902542
430,8430,0.1036594957113266
431,8431,0.0754609927535057
432,8432,0.1261874884366989
433,8433,0.09805456548929214
434,8434,0.16059044003486633
435,8435,0.18364383280277252
436,8436,0.03114350698888302
437,8437,0.006925041787326336
438,8438,0.5838086009025574
439,8439,0.003944747149944305
440,8440,0.037809818983078
441,8441,0.028871215879917145
442,8442,0.060553137212991714
443,8443,0.0741041824221611
444,8444,0.0631873682141304
445,8445,0.017166240140795708
446,8446,0.03381736949086189
447,8447,0.04217981919646263
448,8448,0.1576402485370636
449,8449,0.05022398382425308
450,8450,0.27682092785835266
451,8451,0.021588927134871483
452,8452,0.1801878660917282
453,8453,0.21418800950050354
454,8454,0.02139023318886757
455,8455,0.12617193162441254
456,8456,0.10437127947807312
457,8457,0.013903391547501087
458,8458,0.029553085565567017
459,8459,0.009580058045685291
460,8460,0.6078207492828369
461,8461,0.49951881170272827
462,8462,0.1024061068892479
463,8463,0.670647382736206
464,8464,0.025340814143419266
465,8465,0.24623268842697144
466,8466,0.05252079665660858
467,8467,0.014144452288746834
468,8468,0.1136251837015152
469,8469,0.1430463045835495
470,8470,0.007240156643092632
471,8471,0.36269208788871765
472,8472,0.006995731499046087
473,8473,0.009464508853852749
474,8474,0.04952031001448631
475,8475,0.8769238591194153
476,8476,0.2487989217042923
477,8477,0.145782008767128
478,8478,0.008784139528870583
479,8479,0.3618335425853729
480,8480,0.026651617139577866
481,8481,0.06960233300924301
482,8482,0.17797209322452545
483,8483,0.035164374858140945
484,8484,0.8308072686195374
485,8485,0.0051107341423630714
486,8486,0.07858658581972122
487,8487,0.06933379918336868
488,8488,0.6874356269836426
489,8489,0.10480742901563644
490,8490,0.4958460330963135
491,8491,0.33111897110939026
492,8492,0.07093910872936249
493,8493,0.7447779774665833
494,8494,0.12787844240665436
495,8495,0.33936408162117004
496,8496,0.019128361716866493
497,8497,0.006274111103266478
498,8498,0.16587987542152405
499,8499,0.2074468582868576
500,8500,0.03711867332458496
501,8501,0.016954319551587105
502,8502,0.010608523152768612
503,8503,0.44905567169189453
504,8504,0.21867743134498596
505,8505,0.012559672817587852
506,8506,0.06105915829539299
507,8507,0.11420653760433197
508,8508,0.008687173016369343
509,8509,0.5291478633880615
510,8510,0.2672351598739624
511,8511,0.11391064524650574
512,8512,0.04130189120769501
513,8513,0.06342136859893799
514,8514,0.04570142179727554
515,8515,0.12689411640167236
516,8516,0.024954352527856827
517,8517,0.02860977314412594
518,8518,0.46167275309562683
519,8519,0.010981161147356033
520,8520,0.04882265627384186
521,8521,0.049693651497364044
522,8522,0.010782730765640736
523,8523,0.6643211841583252
524,8524,0.012636908330023289
525,8525,0.01855866052210331
526,8526,0.003992166370153427
527,8527,0.13976681232452393
528,8528,0.03275206685066223
529,8529,0.43885523080825806
530,8530,0.08557386696338654
531,8531,0.17077800631523132
532,8532,0.06080491468310356
533,8533,0.006785389501601458
534,8534,0.012429379858076572
535,8535,0.027728060260415077
536,8536,0.3268566131591797
537,8537,0.07594253122806549
538,8538,0.16628554463386536
539,8539,0.08971409499645233
540,8540,0.12077168375253677
541,8541,0.06352973729372025
542,8542,0.17897522449493408
543,8543,0.0491928867995739
544,8544,0.09001687914133072
545,8545,0.13068614900112152
546,8546,0.23764155805110931
547,8547,0.37499338388442993
548,8548,0.4890097379684448
549,8549,0.010809145867824554
550,8550,0.7188558578491211
551,8551,0.015293020755052567
552,8552,0.01151898130774498
553,8553,0.9435687065124512
554,8554,0.15053071081638336
555,8555,0.03171787038445473
556,8556,0.16001322865486145
557,8557,0.07246381789445877
558,8558,0.1371256560087204
559,8559,0.11231223493814468
560,8560,0.11289232969284058
561,8561,0.037397030740976334
562,8562,0.8016551733016968
563,8563,0.4523901045322418
564,8564,0.39038991928100586
565,8565,0.19609291851520538
566,8566,0.36300161480903625
567,8567,0.060826826840639114
568,8568,0.06261927634477615
569,8569,0.017081178724765778
570,8570,0.029209813103079796
571,8571,0.2615399956703186
572,8572,0.12991058826446533
573,8573,0.01986977644264698
574,8574,0.14361602067947388
575,8575,0.057245343923568726
576,8576,0.32741010189056396
577,8577,0.2762811779975891
578,8578,0.30514633655548096
579,8579,0.023323729634284973
580,8580,0.020356444641947746
581,8581,0.24825835227966309
582,8582,0.03116687200963497
583,8583,0.19195212423801422
584,8584,0.004946640692651272
585,8585,0.6889387369155884
586,8586,0.4211176931858063
587,8587,0.07895044982433319
588,8588,0.0775366872549057
589,8589,0.020082347095012665
590,8590,0.7398532032966614
591,8591,0.25580957531929016
592,8592,0.0873226597905159
593,8593,0.08116623014211655
594,8594,0.03497084230184555
595,8595,0.24532948434352875
596,8596,0.1163794994354248
597,8597,0.4027484059333801
598,8598,0.08600152283906937
599,8599,0.008513553068041801
600,8600,0.2922682464122772
601,8601,0.5206966400146484
602,8602,0.01940772496163845
603,8603,0.9548420310020447
604,8604,0.046553611755371094
605,8605,0.07856637239456177
606,8606,0.015082322061061859
607,8607,0.17774872481822968
608,8608,0.32791343331336975
609,8609,0.00792127475142479
610,8610,0.005471344571560621
611,8611,0.05986859276890755
612,8612,0.10014129430055618
613,8613,0.10800134390592575
614,8614,0.19520466029644012
615,8615,0.2599199414253235
616,8616,0.06081778556108475
617,8617,0.02044766955077648
618,8618,0.1037224531173706
619,8619,0.01461446937173605
620,8620,0.024919817224144936
621,8621,0.016931453719735146
622,8622,0.11914122849702835
623,8623,0.30002090334892273
624,8624,0.38480281829833984
625,8625,0.04647718369960785
626,8626,0.22104798257350922
627,8627,0.2909396290779114
628,8628,0.03552789241075516
629,8629,0.0906105563044548
630,8630,0.642372727394104
631,8631,0.050896503031253815
632,8632,0.011004640720784664
633,8633,0.14411140978336334
634,8634,0.10159806162118912
635,8635,0.15308913588523865
636,8636,0.2142074704170227
637,8637,0.011186535470187664
638,8638,0.04688258096575737
639,8639,0.005002389196306467
640,8640,0.041640762239694595
641,8641,0.40067604184150696
642,8642,0.3432773947715759
643,8643,0.03783809021115303
644,8644,0.03426477685570717
645,8645,0.015850529074668884
646,8646,0.10510914772748947
647,8647,0.03143278509378433
648,8648,0.87312912940979
649,8649,0.10349056869745255
650,8650,0.0031551518477499485
651,8651,0.012330367229878902
652,8652,0.23031513392925262
653,8653,0.03398054093122482
654,8654,0.3062165081501007
655,8655,0.007449849508702755
656,8656,0.01284862495958805
657,8657,0.08217959105968475
658,8658,0.27933114767074585
659,8659,0.014794133603572845
660,8660,0.028223833069205284
661,8661,0.13639245927333832
662,8662,0.7184078097343445
663,8663,0.2658087909221649
664,8664,0.054813168942928314
665,8665,0.1015046089887619
666,8666,0.07117662578821182
667,8667,0.3922918438911438
668,8668,0.0425158254802227
669,8669,0.026720993220806122
670,8670,0.07278205454349518
671,8671,0.12343219667673111
672,8672,0.05346551910042763
673,8673,0.9327632784843445
674,8674,0.04617193713784218
675,8675,0.714721143245697
676,8676,0.06941299140453339
677,8677,0.16109001636505127
678,8678,0.009232018142938614
679,8679,0.1457590013742447
680,8680,0.262593150138855
681,8681,0.10926699638366699
682,8682,0.0533197745680809
683,8683,0.9527600407600403
684,8684,0.2564502954483032
685,8685,0.016519181430339813
686,8686,0.024884769693017006
687,8687,0.24946770071983337
688,8688,0.20328152179718018
689,8689,0.03133518248796463
690,8690,0.12858310341835022
691,8691,0.04621622711420059
692,8692,0.009460719302296638
693,8693,0.45989882946014404
694,8694,0.5792145729064941
695,8695,0.010936574079096317
696,8696,0.011628909967839718
697,8697,0.38239428400993347
698,8698,0.07121119648218155
699,8699,0.4696555435657501
700,8700,0.04097435995936394
701,8701,0.05853717029094696
702,8702,0.11645670980215073
703,8703,0.1902962028980255
704,8704,0.49217212200164795
705,8705,0.024490736424922943
706,8706,0.9449977278709412
707,8707,0.07866734266281128
708,8708,0.5460906624794006
709,8709,0.08119004219770432
710,8710,0.23147740960121155
711,8711,0.8449554443359375
712,8712,0.023131467401981354
713,8713,0.029237978160381317
714,8714,0.2711769938468933
715,8715,0.44234395027160645
716,8716,0.01855054497718811
717,8717,0.26342126727104187
718,8718,0.07445767521858215
719,8719,0.2442667931318283
720,8720,0.028706487268209457
721,8721,0.06291547417640686
722,8722,0.033500008285045624
723,8723,0.3164564073085785
724,8724,0.02257285639643669
725,8725,0.021572686731815338
726,8726,0.5823363661766052
727,8727,0.14688146114349365
728,8728,0.10228283703327179
729,8729,0.2032683789730072
730,8730,0.008756713010370731
731,8731,0.06431577354669571
732,8732,0.02084355242550373
733,8733,0.37027987837791443
734,8734,0.689420223236084
735,8735,0.012269564904272556
736,8736,0.15079425275325775
737,8737,0.020799366757273674
738,8738,0.10864146053791046
739,8739,0.12506654858589172
740,8740,0.03525470197200775
741,8741,0.014535975642502308
742,8742,0.0357867069542408
743,8743,0.020149890333414078
744,8744,0.7294334173202515
745,8745,0.04243249446153641
746,8746,0.05667508393526077
747,8747,0.02139240875840187
748,8748,0.6304507255554199
749,8749,0.2050289809703827
750,8750,0.1710505485534668
751,8751,0.026221705600619316
752,8752,0.027650153264403343
753,8753,0.00590791180729866
754,8754,0.05876924842596054
755,8755,0.8989109396934509
756,8756,0.20875594019889832
757,8757,0.08809352666139603
758,8758,0.09837380051612854
759,8759,0.09782771021127701
760,8760,0.04417410120368004
761,8761,0.28986379504203796
762,8762,0.9096530079841614
763,8763,0.05940163880586624
764,8764,0.26710188388824463
765,8765,0.04362841695547104
766,8766,0.09663110971450806
767,8767,0.0051559386774897575
768,8768,0.8144893050193787
769,8769,0.10356728732585907
770,8770,0.035865046083927155
771,8771,0.10350530594587326
772,8772,0.0059401062317192554
773,8773,0.01810060814023018
774,8774,0.17500025033950806
775,8775,0.04443327337503433
776,8776,0.08331407606601715
777,8777,0.09171681106090546
778,8778,0.15825751423835754
779,8779,0.03984501585364342
780,8780,0.5118849873542786
781,8781,0.04941987246274948
782,8782,0.019593441858887672
783,8783,0.16942721605300903
784,8784,0.5303215980529785
785,8785,0.028725871816277504
786,8786,0.055911920964717865
787,8787,0.010626144707202911
788,8788,0.2128070741891861
789,8789,0.23132985830307007
790,8790,0.11779939383268356
791,8791,0.008947226218879223
792,8792,0.007821829058229923
793,8793,0.08393175154924393
794,8794,0.08611058443784714
795,8795,0.26455286145210266
796,8796,0.024373279884457588
797,8797,0.6108748316764832
798,8798,0.01766275428235531
799,8799,0.017139727249741554
800,8800,0.0483238659799099
801,8801,0.42840784788131714
802,8802,0.5271583795547485
803,8803,0.07762361317873001
804,8804,0.013538425788283348
805,8805,0.017941299825906754
806,8806,0.135189950466156
807,8807,0.13144664466381073
808,8808,0.058787424117326736
809,8809,0.29192426800727844
810,8810,0.024936102330684662
811,8811,0.054390303790569305
812,8812,0.13308145105838776
813,8813,0.29750946164131165
814,8814,0.127395898103714
815,8815,0.10578575730323792
816,8816,0.02445976808667183
817,8817,0.1537138819694519
818,8818,0.028520777821540833
819,8819,0.1372670978307724
820,8820,0.26132267713546753
821,8821,0.30784791707992554
822,8822,0.021899929270148277
823,8823,0.1483178287744522
824,8824,0.016702603548765182
825,8825,0.22463957965373993
826,8826,0.007654423825442791
827,8827,0.04219293221831322
828,8828,0.04668007045984268
829,8829,0.1692885011434555
830,8830,0.36167290806770325
831,8831,0.2151714265346527
832,8832,0.005733996629714966
833,8833,0.21315136551856995
834,8834,0.06195979565382004
835,8835,0.10734977573156357
836,8836,0.022592227905988693
837,8837,0.3508891761302948
838,8838,0.00661712558940053
839,8839,0.11628406494855881
840,8840,0.004889904987066984
841,8841,0.09334195405244827
842,8842,0.09046792984008789
843,8843,0.039268992841243744
844,8844,0.020262835547327995
845,8845,0.11198810487985611
846,8846,0.6043781638145447
847,8847,0.14840058982372284
848,8848,0.031746454536914825
849,8849,0.22011561691761017
850,8850,0.9142686724662781
851,8851,0.5989456176757812
852,8852,0.132915660738945
853,8853,0.05814114958047867
854,8854,0.019380608573555946
855,8855,0.22143413126468658
856,8856,0.010027586482465267
857,8857,0.026645934209227562
858,8858,0.011903082020580769
859,8859,0.014685682952404022
860,8860,0.03515330329537392
861,8861,0.4416164457798004
862,8862,0.9194319248199463
863,8863,0.012422819621860981
864,8864,0.020839162170886993
865,8865,0.0014692532131448388
866,8866,0.22012421488761902
867,8867,0.12031448632478714
868,8868,0.397923082113266
869,8869,0.24478454887866974
870,8870,0.11201401054859161
871,8871,0.13591204583644867
872,8872,0.014239242300391197
873,8873,0.007082129362970591
874,8874,0.20780867338180542
875,8875,0.079877108335495
876,8876,0.06263641268014908
877,8877,0.056732289493083954
878,8878,0.6451234221458435
879,8879,0.012785064987838268
880,8880,0.40523549914360046
881,8881,0.014955253340303898
882,8882,0.10168685764074326
883,8883,0.03519819676876068
884,8884,0.45889750123023987
885,8885,0.04679543897509575
886,8886,0.07591287046670914
887,8887,0.07572854310274124
888,8888,0.023445313796401024
889,8889,0.1669660210609436
890,8890,0.21232716739177704
891,8891,0.030044369399547577
892,8892,0.12830455601215363
893,8893,0.08421184122562408
894,8894,0.11441221833229065
895,8895,0.2382066696882248
896,8896,0.006979416124522686
897,8897,0.545848548412323
898,8898,0.26704880595207214
899,8899,0.0787108913064003
900,8900,0.0013037800090387464
901,8901,0.31614574790000916
902,8902,0.016527021303772926
903,8903,0.030508019030094147
904,8904,0.03723028302192688
905,8905,0.13205558061599731
906,8906,0.1654779016971588
907,8907,0.05964422598481178
908,8908,0.03052246943116188
909,8909,0.018356753513216972
910,8910,0.7315261960029602
911,8911,0.058447059243917465
912,8912,0.1173294261097908
913,8913,0.019845113158226013
914,8914,0.15846548974514008
915,8915,0.02061239629983902
916,8916,0.23124587535858154
917,8917,0.01966679096221924
918,8918,0.8741299510002136
919,8919,0.040537457913160324
920,8920,0.07981471717357635
921,8921,0.03138202428817749
922,8922,0.04040153697133064
923,8923,0.976141631603241
924,8924,0.0397903248667717
925,8925,0.05174439400434494
926,8926,0.007624478545039892
927,8927,0.07078724354505539
928,8928,0.028530269861221313
929,8929,0.09126025438308716
930,8930,0.02661171555519104
931,8931,0.5677164793014526
932,8932,0.19118627905845642
933,8933,0.009861885569989681
934,8934,0.07705014199018478
935,8935,0.36827707290649414
936,8936,0.6413614749908447
937,8937,0.009590737521648407
938,8938,0.1113160252571106
939,8939,0.0133493822067976
940,8940,0.02756848745048046
941,8941,0.07391209900379181
942,8942,0.04002728313207626
943,8943,0.04341527819633484
944,8944,0.24046066403388977
945,8945,0.06208724156022072
946,8946,0.06898863613605499
947,8947,0.1098107248544693
948,8948,0.5277289748191833
949,8949,0.14039327204227448
950,8950,0.21094326674938202
951,8951,0.18575887382030487
952,8952,0.7530435919761658
953,8953,0.5431602597236633
954,8954,0.34928467869758606
955,8955,0.5979170203208923
956,8956,0.01942170038819313
957,8957,0.11575766652822495
958,8958,0.11958204954862595
959,8959,0.052503712475299835
960,8960,0.16053198277950287
961,8961,0.44892945885658264
962,8962,0.02420138753950596
963,8963,0.5224934816360474
964,8964,0.04599849507212639
965,8965,0.2252025604248047
966,8966,0.5853880047798157
967,8967,0.004013011697679758
968,8968,0.12548743188381195
969,8969,0.7782782316207886
970,8970,0.02256861887872219
971,8971,0.04890241101384163
972,8972,0.04328089579939842
973,8973,0.2391575574874878
974,8974,0.19234761595726013
975,8975,0.5298248529434204
976,8976,0.006804498378187418
977,8977,0.2747804522514343
978,8978,0.26095858216285706
979,8979,0.051979463547468185
980,8980,0.16382740437984467
981,8981,0.03167574480175972
982,8982,0.0363401360809803
983,8983,0.4275301396846771
984,8984,0.0189016405493021
985,8985,0.07094474881887436
986,8986,0.0797227993607521
987,8987,0.022922039031982422
988,8988,0.1768031120300293
989,8989,0.20438244938850403
990,8990,0.028609847649931908
991,8991,0.747268795967102
992,8992,0.4745928943157196
993,8993,0.20208469033241272
994,8994,0.4358164072036743
995,8995,0.01694912277162075
996,8996,0.013439618051052094
997,8997,0.059451960027217865
998,8998,0.4740654528141022
999,8999,0.03880022093653679
1000,9000,0.22194530069828033
1001,9001,0.01730143278837204
1002,9002,0.05877683311700821
1003,9003,0.06180781498551369
1004,9004,0.025291966274380684
1005,9005,0.02155095338821411
1006,9006,0.08481588959693909
1007,9007,0.006547503639012575
1008,9008,0.13151569664478302
1009,9009,0.3620119094848633
1010,9010,0.8863223791122437
1011,9011,0.1123027354478836
1012,9012,0.042626090347766876
1013,9013,0.03246435150504112
1014,9014,0.05693046748638153
1015,9015,0.018958715721964836
1016,9016,0.11515013128519058
1017,9017,0.3705652058124542
1018,9018,0.02707139402627945
1019,9019,0.006742686498910189
1020,9020,0.12170443683862686
1021,9021,0.6214516758918762
1022,9022,0.00885451678186655
1023,9023,0.009517800062894821
1024,9024,0.3754527270793915
1025,9025,0.11265429109334946
1026,9026,0.13065966963768005
1027,9027,0.2115408331155777
1028,9028,0.3443816602230072
1029,9029,0.011284498497843742
1030,9030,0.6090607047080994
1031,9031,0.02325276844203472
1032,9032,0.0251899566501379
1033,9033,0.416686475276947
1034,9034,0.23296678066253662
1035,9035,0.06210985779762268
1036,9036,0.056755825877189636
1037,9037,0.714349627494812
1038,9038,0.8424660563468933
1039,9039,0.0978853777050972
1040,9040,0.23197044432163239
1041,9041,0.8137099146842957
1042,9042,0.06421958655118942
1043,9043,0.13068227469921112
1044,9044,0.4072355628013611
1045,9045,0.18924014270305634
1046,9046,0.14207850396633148
1047,9047,0.3832555115222931
1048,9048,0.3936571776866913
1049,9049,0.015739407390356064
1050,9050,0.1004147008061409
1051,9051,0.15066708624362946
1052,9052,0.7895654439926147
1053,9053,0.07121869921684265
1054,9054,0.06369821727275848
1055,9055,0.30786848068237305
1056,9056,0.20240196585655212
1057,9057,0.13757936656475067
1058,9058,0.17026029527187347
1059,9059,0.06364662945270538
1060,9060,0.3953987658023834
1061,9061,0.4492051601409912
1062,9062,0.6495773196220398
1063,9063,0.03452857956290245
1064,9064,0.7738776206970215
1065,9065,0.016617977991700172
1066,9066,0.04211807623505592
1067,9067,0.20360997319221497
1068,9068,0.12271158397197723
1069,9069,0.2168167233467102
1070,9070,0.0614759586751461
1071,9071,0.7382540702819824
1072,9072,0.29713723063468933
1073,9073,0.2100636512041092
1074,9074,0.026393698528409004
1075,9075,0.036476392298936844
1076,9076,0.01767062395811081
1077,9077,0.199524387717247
1078,9078,0.497379869222641
1079,9079,0.2659323215484619
1080,9080,0.0005171913653612137
1081,9081,0.41728487610816956
1082,9082,0.25947099924087524
1083,9083,0.032092854380607605
1084,9084,0.7178864479064941
1085,9085,0.08958128094673157
1086,9086,0.06696829944849014
1087,9087,0.007933534681797028
1088,9088,0.2065565586090088
1089,9089,0.05156742408871651
1090,9090,0.4740583300590515
1091,9091,0.11796421557664871
1092,9092,0.021948566660284996
1093,9093,0.1097785234451294
1094,9094,0.4766283333301544
1095,9095,0.08443038910627365
1096,9096,0.06253564357757568
1097,9097,0.06424815952777863
1098,9098,0.22412750124931335
1099,9099,0.011459107510745525
1100,9100,0.006266003008931875
1101,9101,0.03281231224536896
1102,9102,0.5144136548042297
1103,9103,0.06359098106622696
1104,9104,0.11208490282297134
1105,9105,0.00902068056166172
1106,9106,0.7930176854133606
1107,9107,0.1568637490272522
1108,9108,0.08732829988002777
1109,9109,0.14417585730552673
1110,9110,0.08175897598266602
1111,9111,0.03968701511621475
1112,9112,0.03364328294992447
1113,9113,0.2047635018825531
1114,9114,0.03380189090967178
1115,9115,0.25745368003845215
1116,9116,0.6346206665039062
1117,9117,0.024953411892056465
1118,9118,0.006001083645969629
1119,9119,0.09051777422428131
1120,9120,0.054304324090480804
1121,9121,0.25816112756729126
1122,9122,0.1604558825492859
1123,9123,0.04179893061518669
1124,9124,0.21052804589271545
1125,9125,0.11212104558944702
1126,9126,0.13597281277179718
1127,9127,0.13124226033687592
1128,9128,0.6958951950073242
1129,9129,0.11399133503437042
1130,9130,0.18827518820762634
1131,9131,0.07658600062131882
1132,9132,0.047280795872211456
1133,9133,0.016350938007235527
1134,9134,0.24831803143024445
1135,9135,0.6357144117355347
1136,9136,0.009748948737978935
1137,9137,0.2229379117488861
1138,9138,0.7416000366210938
1139,9139,0.022130437195301056
1140,9140,0.03273468464612961
1141,9141,0.5011000037193298
1142,9142,0.124653659760952
1143,9143,0.0401102714240551
1144,9144,0.4263797104358673
1145,9145,0.28077027201652527
1146,9146,0.2034028023481369
1147,9147,0.054656125605106354
1148,9148,0.01731993444263935
1149,9149,0.38113832473754883
1150,9150,0.01142959389835596
1151,9151,0.17797154188156128
1152,9152,0.23937855660915375
1153,9153,0.19405537843704224
1154,9154,0.1527230441570282
1155,9155,0.48019060492515564
1156,9156,0.31839051842689514
1157,9157,0.13504533469676971
1158,9158,0.037266913801431656
1159,9159,0.01113804616034031
1160,9160,0.005806478206068277
1161,9161,0.1657397598028183
1162,9162,0.07702422142028809
1163,9163,0.4999096691608429
1164,9164,0.021891536191105843
1165,9165,0.526555061340332
1166,9166,0.21400420367717743
1167,9167,0.008169428445398808
1168,9168,0.3825194239616394
1169,9169,0.20259316265583038
1170,9170,0.02886485867202282
1171,9171,0.2991209030151367
1172,9172,0.0666055977344513
1173,9173,0.07562483102083206
1174,9174,0.02392404153943062
1175,9175,0.12796719372272491
1176,9176,0.009459208697080612
1177,9177,0.165732741355896
1178,9178,0.2850411534309387
1179,9179,0.11667230725288391
1180,9180,0.29273247718811035
1181,9181,0.5493401288986206
1182,9182,0.027308499440550804
1183,9183,0.22930124402046204
1184,9184,0.7797553539276123
1185,9185,0.10296337306499481
1186,9186,0.5468748211860657
1187,9187,0.04124215617775917
1188,9188,0.011478039436042309
1189,9189,0.05021064355969429
1190,9190,0.18917232751846313
1191,9191,0.02051403373479843
1192,9192,0.12149866670370102
1193,9193,0.015716146677732468
1194,9194,0.08992700278759003
1195,9195,0.04501234367489815
1196,9196,0.048498235642910004
1197,9197,0.03718838840723038
1198,9198,0.027832454070448875
1199,9199,0.12063837796449661
1200,9200,0.16512128710746765
1201,9201,0.7430472373962402
1202,9202,0.010198449715971947
1203,9203,0.28346532583236694
1204,9204,0.014255481772124767
1205,9205,0.005092649720609188
1206,9206,0.904668390750885
1207,9207,0.6818659901618958
1208,9208,0.058804627507925034
1209,9209,0.00282121729105711
1210,9210,0.07821671664714813
1211,9211,0.09944113343954086
1212,9212,0.02367365173995495
1213,9213,0.12771978974342346
1214,9214,0.036880508065223694
1215,9215,0.7062789797782898
1216,9216,0.006668125744909048
1217,9217,0.007063855417072773
1218,9218,0.8044232130050659
1219,9219,0.04663369432091713
1220,9220,0.8018901348114014
1221,9221,0.4333394169807434
1222,9222,0.008560341782867908
1223,9223,0.01752115972340107
1224,9224,0.010940019972622395
1225,9225,0.1907542496919632
1226,9226,0.08376525342464447
1227,9227,0.029786961153149605
1228,9228,0.01799790933728218
1229,9229,0.17900556325912476
1230,9230,0.026612110435962677
1231,9231,0.12754318118095398
1232,9232,0.42661163210868835
1233,9233,0.05582795292139053
1234,9234,0.8012548685073853
1235,9235,0.024443315342068672
1236,9236,0.35234925150871277
1237,9237,0.46496427059173584
1238,9238,0.4934670329093933
1239,9239,0.04408657178282738
1240,9240,0.11827129125595093
1241,9241,0.016030328348279
1242,9242,0.03270462155342102
1243,9243,0.059206899255514145
1244,9244,0.15582644939422607
1245,9245,0.24564212560653687
1246,9246,0.005784226581454277
1247,9247,0.047978464514017105
1248,9248,0.015230688266456127
1249,9249,0.107841357588768
1250,9250,0.012642478570342064
1251,9251,0.08125665038824081
1252,9252,0.042132358998060226
1253,9253,0.07197149842977524
1254,9254,0.0073288921266794205
1255,9255,0.9459621906280518
1256,9256,0.39584964513778687
1257,9257,0.11087025701999664
1258,9258,0.0004437984898686409
1259,9259,0.3264716565608978
1260,9260,0.1958843320608139
1261,9261,0.046950653195381165
1262,9262,0.31714025139808655
1263,9263,0.05504698306322098
1264,9264,0.03104938194155693
1265,9265,0.031358372420072556
1266,9266,0.15615110099315643
1267,9267,0.06608891487121582
1268,9268,0.009737249463796616
1269,9269,0.021757911890745163
1270,9270,0.11704350262880325
1271,9271,0.18759064376354218
1272,9272,0.419269323348999
1273,9273,0.006512156687676907
1274,9274,0.19845525920391083
1275,9275,0.8205921053886414
1276,9276,0.7298825979232788
1277,9277,0.06774132698774338
1278,9278,0.02059217542409897
1279,9279,0.019300801679491997
1280,9280,0.18384118378162384
1281,9281,0.050158970057964325
1282,9282,0.15392188727855682
1283,9283,0.01553917583078146
1284,9284,0.1330338716506958
1285,9285,0.659360945224762
1286,9286,0.13143698871135712
1287,9287,0.027123406529426575
1288,9288,0.10264316946268082
1289,9289,0.11939628422260284
1290,9290,0.034127749502658844
1291,9291,0.055446673184633255
1292,9292,0.09471829235553741
1293,9293,0.5761367082595825
1294,9294,0.04069037362933159
1295,9295,0.43931999802589417
1296,9296,0.20509739220142365
1297,9297,0.03280927613377571
1298,9298,0.14802631735801697
1299,9299,0.02546471543610096
1300,9300,0.4940241873264313
1301,9301,0.6685023903846741
1302,9302,0.011720550246536732
1303,9303,0.15445728600025177
1304,9304,0.0449494868516922
1305,9305,0.2913115620613098
1306,9306,0.043843746185302734
1307,9307,0.08104024827480316
1308,9308,0.01678493805229664
1309,9309,0.004745562560856342
1310,9310,0.020262829959392548
1311,9311,0.875056803226471
1312,9312,0.1497543752193451
1313,9313,0.15195581316947937
1314,9314,0.4700380861759186
1315,9315,0.2593425214290619
1316,9316,0.8213822245597839
1317,9317,0.22825409471988678
1318,9318,0.09976695477962494
1319,9319,0.010982248932123184
1320,9320,0.005336316768079996
1321,9321,0.8567522764205933
1322,9322,0.023548739030957222
1323,9323,0.9227220416069031
1324,9324,0.03729645162820816
1325,9325,0.06568457931280136
1326,9326,0.0762002244591713
1327,9327,0.2802692651748657
1328,9328,0.16129665076732635
1329,9329,0.00662030465900898
1330,9330,0.008394337259232998
1331,9331,0.03904315084218979
1332,9332,0.8247842788696289
1333,9333,0.005650499369949102
1334,9334,0.010086224414408207
1335,9335,0.6771422028541565
1336,9336,0.4531416594982147
1337,9337,0.6357146501541138
1338,9338,0.4742744565010071
1339,9339,0.12087094783782959
1340,9340,0.12096944451332092
1341,9341,0.005943390540778637
1342,9342,0.023634226992726326
1343,9343,0.6534844040870667
1344,9344,0.05536097660660744
1345,9345,0.24471531808376312
1346,9346,0.21684026718139648
1347,9347,0.015304149128496647
1348,9348,0.08854155987501144
1349,9349,0.544443666934967
1350,9350,0.13561372458934784
1351,9351,0.12159937620162964
1352,9352,0.08886360377073288
1353,9353,0.014616260305047035
1354,9354,0.032470401376485825
1355,9355,0.4972892999649048
1356,9356,0.3188727796077728
1357,9357,0.3928978145122528
1358,9358,0.008775582537055016
1359,9359,0.5505775809288025
1360,9360,0.15155227482318878
1361,9361,0.23076386749744415
1362,9362,0.02115439809858799
1363,9363,0.0088403495028615
1364,9364,0.5387229323387146
1365,9365,0.017184028401970863
1366,9366,0.25655025243759155
1367,9367,0.1989908218383789
1368,9368,0.008533382788300514
1369,9369,0.2716396152973175
1370,9370,0.6283621788024902
1371,9371,0.01326693780720234
1372,9372,0.008887670934200287
1373,9373,0.1316802054643631
1374,9374,0.033931389451026917
1375,9375,0.7264672517776489
1376,9376,0.7425937652587891
1377,9377,0.01978161744773388
1378,9378,0.2984964847564697
1379,9379,0.04160023853182793
1380,9380,0.004995662719011307
1381,9381,0.05931199714541435
1382,9382,0.12119981646537781
1383,9383,0.18105627596378326
1384,9384,0.9283725023269653
1385,9385,0.09953548014163971
1386,9386,0.125464528799057
1387,9387,0.017172040417790413
1388,9388,0.00881281215697527
1389,9389,0.20232534408569336
1390,9390,0.09681489318609238
1391,9391,0.05363916605710983
1392,9392,0.1217319592833519
1393,9393,0.49601852893829346
1394,9394,0.1954367607831955
1395,9395,0.18276424705982208
1396,9396,0.07644776999950409
1397,9397,0.5474386811256409
1398,9398,0.0692809447646141
1399,9399,0.04106713831424713
1400,9400,0.02269192971289158
1401,9401,0.6762195229530334
1402,9402,0.11771491914987564
1403,9403,0.293042927980423
1404,9404,0.2559283673763275
1405,9405,0.11951500177383423
1406,9406,0.026907814666628838
1407,9407,0.19434015452861786
1408,9408,0.690043032169342
1409,9409,0.017430312931537628
1410,9410,0.5257899165153503
1411,9411,0.9472181797027588
1412,9412,0.015100694261491299
1413,9413,0.16028419137001038
1414,9414,0.8665354251861572
1415,9415,0.3280613124370575
1416,9416,0.31782230734825134
1417,9417,0.036493733525276184
1418,9418,0.16629710793495178
1419,9419,0.05366086959838867
1420,9420,0.01302182674407959
1421,9421,0.04002489894628525
1422,9422,0.039394184947013855
1423,9423,0.03490610420703888
1424,9424,0.05404210090637207
1425,9425,0.0015430864877998829
1426,9426,0.9078654646873474
1427,9427,0.20721212029457092
1428,9428,0.020776920020580292
1429,9429,0.026569684967398643
1430,9430,0.0453375019133091
1431,9431,0.15383851528167725
1432,9432,0.14225158095359802
1433,9433,0.017634928226470947
1434,9434,0.059359025210142136
1435,9435,0.0637253075838089
1436,9436,0.27036792039871216
1437,9437,0.01664656214416027
1438,9438,0.9522091150283813
1439,9439,0.039959535002708435
1440,9440,0.04199028015136719
1441,9441,0.06403570622205734
1442,9442,0.023707697167992592
1443,9443,0.5663082003593445
1444,9444,0.1070174053311348
1445,9445,0.05795888230204582
1446,9446,0.025515161454677582
1447,9447,0.04217194393277168
1448,9448,0.15789100527763367
1449,9449,0.025286518037319183
1450,9450,0.33223581314086914
1451,9451,0.04463861510157585
1452,9452,0.006892173085361719
1453,9453,0.014097552746534348
1454,9454,0.05750935524702072
1455,9455,0.057680532336235046
1456,9456,0.11637541651725769
1457,9457,0.00788018386811018
1458,9458,0.130524143576622
1459,9459,0.7204317450523376
1460,9460,0.007320730481296778
1461,9461,0.009719200432300568
1462,9462,0.18570083379745483
1463,9463,0.04456792399287224
1464,9464,0.03719437122344971
1465,9465,0.1304607391357422
1466,9466,0.7163918018341064
1467,9467,0.05165539309382439
1468,9468,0.4887464642524719
1469,9469,0.018459642305970192
1470,9470,0.043530941009521484
1471,9471,0.01317420694977045
1472,9472,0.05553014203906059
1473,9473,0.08097583800554276
1474,9474,0.08064588904380798
1475,9475,0.12472828477621078
1476,9476,0.7029297947883606
1477,9477,0.29914000630378723
1478,9478,0.9224276542663574
1479,9479,0.06596439331769943
1480,9480,0.041093021631240845
1481,9481,0.059860341250896454
1482,9482,0.020733259618282318
1483,9483,0.029998894780874252
1484,9484,0.044885117560625076
1485,9485,0.1151113286614418
1486,9486,0.029887421056628227
1487,9487,0.12670357525348663
1488,9488,0.028642432764172554
1489,9489,0.14743822813034058
1490,9490,0.0034597073681652546
1491,9491,0.03806590661406517
1492,9492,0.7640380859375
1493,9493,0.027178244665265083
1494,9494,0.10303719341754913
1495,9495,0.037402112036943436
1496,9496,0.042520806193351746
1497,9497,0.1122979000210762
1498,9498,0.21055299043655396
1499,9499,0.128143772482872
1500,9500,0.031659942120313644
1501,9501,0.03770526498556137
1502,9502,0.0034762495197355747
1503,9503,0.24547818303108215
1504,9504,0.3537501394748688
1505,9505,0.017201576381921768
1506,9506,0.012120512314140797
1507,9507,0.12419923394918442
1508,9508,0.013392760418355465
1509,9509,0.009605740197002888
1510,9510,0.4785734713077545
1511,9511,0.06476091593503952
1512,9512,0.11817031353712082
1513,9513,0.16459520161151886
1514,9514,0.008144238032400608
1515,9515,0.0451166070997715
1516,9516,0.05435772240161896
1517,9517,0.038124967366456985
1518,9518,0.24434061348438263
1519,9519,0.011702402494847775
1520,9520,0.12610065937042236
1521,9521,0.050267402082681656
1522,9522,0.014307183213531971
1523,9523,0.049554359167814255
1524,9524,0.5587670207023621
1525,9525,0.4949986934661865
1526,9526,0.018743056803941727
1527,9527,0.11890601366758347
1528,9528,0.18001355230808258
1529,9529,0.0491674430668354
1530,9530,0.047377653419971466
1531,9531,0.25914621353149414
1532,9532,0.007537781726568937
1533,9533,0.6948955655097961
1534,9534,0.4209425151348114
1535,9535,0.07873386889696121
1536,9536,0.5280405282974243
1537,9537,0.034392956644296646
1538,9538,0.021232934668660164
1539,9539,0.011484821327030659
1540,9540,0.9355118870735168
1541,9541,0.08991272002458572
1542,9542,0.018659841269254684
1543,9543,0.06504996865987778
1544,9544,0.2872275412082672
1545,9545,0.5508909821510315
1546,9546,0.009992231614887714
1547,9547,0.03441594913601875
1548,9548,0.05201006308197975
1549,9549,0.26832133531570435
1550,9550,0.12153223901987076
1551,9551,0.19288386404514313
1552,9552,0.2968032658100128
1553,9553,0.019573112949728966
1554,9554,0.530874490737915
1555,9555,0.5922648310661316
1556,9556,0.34029725193977356
1557,9557,0.13948772847652435
1558,9558,0.47988754510879517
1559,9559,0.08078240603208542
1560,9560,0.45949092507362366
1561,9561,0.23096688091754913
1562,9562,0.007045177277177572
1563,9563,0.005729494150727987
1564,9564,0.0350932702422142
1565,9565,0.8544910550117493
1566,9566,0.1271962672472
1567,9567,0.07134517282247543
1568,9568,0.0037294109351933002
1569,9569,0.02028326876461506
1570,9570,0.028599519282579422
1571,9571,0.5209944248199463
1572,9572,0.05410704389214516
1573,9573,0.03200972452759743
1574,9574,0.03232492879033089
1575,9575,0.04407873749732971
1576,9576,0.5543182492256165
1577,9577,0.8805791139602661
1578,9578,0.0508747361600399
1579,9579,0.0827469676733017
1580,9580,0.14600829780101776
1581,9581,0.008487550541758537
1582,9582,0.05179084464907646
1583,9583,0.05612397566437721
1584,9584,0.5245898365974426
1585,9585,0.03480249270796776
1586,9586,0.05919981375336647
1587,9587,0.5531842112541199
1588,9588,0.7536982297897339
1589,9589,0.011236097663640976
1590,9590,0.14227814972400665
1591,9591,0.17729757726192474
1592,9592,0.1250639259815216
1593,9593,0.030059747397899628
1594,9594,0.1126072034239769
1595,9595,0.018687821924686432
1596,9596,0.07148446887731552
1597,9597,0.006178986746817827
1598,9598,0.03028467856347561
1599,9599,0.18021318316459656
1600,9600,0.39467570185661316
1601,9601,0.07335638999938965
1602,9602,0.9271016716957092
1603,9603,0.012461936101317406
1604,9604,0.040763214230537415
1605,9605,0.026873182505369186
1606,9606,0.3509853184223175
1607,9607,0.07455933094024658
1608,9608,0.10429753363132477
1609,9609,0.06743631511926651
1610,9610,0.2839230000972748
1611,9611,0.11315405368804932
1612,9612,0.03877207636833191
1613,9613,0.20060068368911743
1614,9614,0.032630570232868195
1615,9615,0.2857827842235565
1616,9616,0.09541729092597961
1617,9617,0.2354615479707718
1618,9618,0.017627041786909103
1619,9619,0.1519320011138916
1620,9620,0.02597956359386444
1621,9621,0.4152753949165344
1622,9622,0.017136625945568085
1623,9623,0.4554121494293213
1624,9624,0.37914255261421204
1625,9625,0.47355061769485474
1626,9626,0.011826075613498688
1627,9627,0.08332286030054092
1628,9628,0.008371732197701931
1629,9629,0.1242690458893776
1630,9630,0.024746090173721313
1631,9631,0.0915481299161911
1632,9632,0.4443088471889496
1633,9633,0.031293775886297226
1634,9634,0.007384427823126316
1635,9635,0.71946781873703
1636,9636,0.21299612522125244
1637,9637,0.024590518325567245
1638,9638,0.27053606510162354
1639,9639,0.02813527174293995
1640,9640,0.29636237025260925
1641,9641,0.007830645889043808
1642,9642,0.12505024671554565
1643,9643,0.12376826256513596
1644,9644,0.026551110669970512
1645,9645,0.05516355112195015
1646,9646,0.38633593916893005
1647,9647,0.005450117401778698
1648,9648,0.5434178113937378
1649,9649,0.019841356202960014
1650,9650,0.027292924001812935
1651,9651,0.012678139843046665
1652,9652,0.4258366823196411
1653,9653,0.4991755485534668
1654,9654,0.029477281495928764
1655,9655,0.11769068986177444
1656,9656,0.066135473549366
1657,9657,0.022246913984417915
1658,9658,0.03354410454630852
1659,9659,0.10017112642526627
1660,9660,0.03703685477375984
1661,9661,0.09362518042325974
1662,9662,0.007222359534353018
1663,9663,0.05094321817159653
1664,9664,0.2209436446428299
1665,9665,0.00850011594593525
1666,9666,0.022164588794112206
1667,9667,0.11140164732933044
1668,9668,0.006727821659296751
1669,9669,0.21363040804862976
1670,9670,0.04775493964552879
1671,9671,0.0042691766284406185
1672,9672,0.022745389491319656
1673,9673,0.6638872623443604
1674,9674,0.007286137901246548
1675,9675,0.09044033288955688
1676,9676,0.1802138239145279
1677,9677,0.08789132535457611
1678,9678,0.024786867201328278
1679,9679,0.002588910050690174
1680,9680,0.004827485419809818
1681,9681,0.060756977647542953
1682,9682,0.3679860532283783
1683,9683,0.011247927322983742
1684,9684,0.022273991256952286
1685,9685,0.132338285446167
1686,9686,0.1423906683921814
1687,9687,0.07877415418624878
1688,9688,0.08664842694997787
1689,9689,0.8720619678497314
1690,9690,0.1145324781537056
1691,9691,0.10254000127315521
1692,9692,0.6801142692565918
1693,9693,0.8270710706710815
1694,9694,0.03971247747540474
1695,9695,0.11698687076568604
1696,9696,0.02600834332406521
1697,9697,0.700344979763031
1698,9698,0.5685580372810364
1699,9699,0.030854880809783936
1700,9700,0.19052192568778992
1701,9701,0.08756612986326218
1702,9702,0.039313703775405884
1703,9703,0.141741082072258
1704,9704,0.0058069899678230286
1705,9705,0.02023783139884472
1706,9706,0.031502317637205124
1707,9707,0.12496306747198105
1708,9708,0.10278601944446564
1709,9709,0.15846461057662964
1710,9710,0.15765944123268127
1711,9711,0.15768148005008698
1712,9712,0.015175973996520042
1713,9713,0.1186680719256401
1714,9714,0.08225549012422562
1715,9715,0.027017517015337944
1716,9716,0.1732555627822876
1717,9717,0.0106342239305377
1718,9718,0.9301225543022156
1719,9719,0.8249045610427856
1720,9720,0.2724112272262573
1721,9721,0.06667055189609528
1722,9722,0.017095627263188362
1723,9723,0.018639080226421356
1724,9724,0.06120452657341957
1725,9725,0.04519103839993477
1726,9726,0.09809328615665436
1727,9727,0.5846377611160278
1728,9728,0.4252152740955353
1729,9729,0.005804755259305239
1730,9730,0.09036397933959961
1731,9731,0.11930306255817413
1732,9732,0.013811021111905575
1733,9733,0.020309513434767723
1734,9734,0.02372034825384617
1735,9735,0.05792960524559021
1736,9736,0.004355809185653925
1737,9737,0.025403834879398346
1738,9738,0.22820110619068146
1739,9739,0.04585025832056999
1740,9740,0.12653584778308868
1741,9741,0.01653735525906086
1742,9742,0.018695631995797157
1743,9743,0.04366850480437279
1744,9744,0.2981577515602112
1745,9745,0.005455884151160717
1746,9746,0.6557448506355286
1747,9747,0.9748837947845459
1748,9748,0.06990692019462585
1749,9749,0.02258165366947651
1750,9750,0.2326764017343521
1751,9751,0.0932956412434578
1752,9752,0.004439171403646469
1753,9753,0.12266714125871658
1754,9754,0.03878612816333771
1755,9755,0.10938525199890137
1756,9756,0.1582467257976532
1757,9757,0.017656030133366585
1758,9758,0.36625373363494873
1759,9759,0.03329992666840553
1760,9760,0.031835295259952545
1761,9761,0.19294752180576324
1762,9762,0.0721455067396164
1763,9763,0.011047136969864368
1764,9764,0.16667133569717407
1765,9765,0.13938874006271362
1766,9766,0.5028178691864014
1767,9767,0.010562821291387081
1768,9768,0.3808939456939697
1769,9769,0.26367247104644775
1770,9770,0.4259500801563263
1771,9771,0.033502377569675446
1772,9772,0.03175362944602966
1773,9773,0.01609976217150688
1774,9774,0.07520798593759537
1775,9775,0.06999222934246063
1776,9776,0.005115752574056387
1777,9777,0.052291352301836014
1778,9778,0.13525709509849548
1779,9779,0.137214794754982
1780,9780,0.3879983425140381
1781,9781,0.3442932367324829
1782,9782,0.005548890680074692
1783,9783,0.7494088411331177
1784,9784,0.04493751749396324
1785,9785,0.1737726479768753
1786,9786,0.09477775543928146
1787,9787,0.0390339270234108
1788,9788,0.12776541709899902
1789,9789,0.12017228454351425
1790,9790,0.061452556401491165
1791,9791,0.4990844130516052
1792,9792,0.026825876906514168
1793,9793,0.6852118968963623
1794,9794,0.03806060925126076
1795,9795,0.03458596020936966
1796,9796,0.010545293800532818
1797,9797,0.0403667688369751
1798,9798,0.15225891768932343
1799,9799,0.46352845430374146
1800,9800,0.5776563882827759
1801,9801,0.05348319560289383
1802,9802,0.09284292906522751
1803,9803,0.006490414962172508
1804,9804,0.05714241415262222
1805,9805,0.020788248628377914
1806,9806,0.0468604676425457
1807,9807,0.021254003047943115
1808,9808,0.1655529886484146
1809,9809,0.18607264757156372
1810,9810,0.12328407168388367
1811,9811,0.14187075197696686
1812,9812,0.07997829467058182
1813,9813,0.026774344965815544
1814,9814,0.029531817883253098
1815,9815,0.009984046220779419
1816,9816,0.16174499690532684
1817,9817,0.027893010526895523
1818,9818,0.10453049093484879
1819,9819,0.9088629484176636
1820,9820,0.6276845932006836
1821,9821,0.04928101599216461
1822,9822,0.10766053199768066
1823,9823,0.03237757831811905
1824,9824,0.156555637717247
1825,9825,0.07266664505004883
1826,9826,0.06608501076698303
1827,9827,0.013978465460240841
1828,9828,0.008502245880663395
1829,9829,0.02902679704129696
1830,9830,0.03862401470541954
1831,9831,0.3548549711704254
1832,9832,0.13700667023658752
1833,9833,0.579871654510498
1834,9834,0.3312218487262726
1835,9835,0.015048748813569546
1836,9836,0.02892591804265976
1837,9837,0.04329351335763931
1838,9838,0.2515105903148651
1839,9839,0.22530028223991394
1840,9840,0.012769991531968117
1841,9841,0.21348252892494202
1842,9842,0.02053092233836651
1843,9843,0.056326813995838165
1844,9844,0.09381624311208725
1845,9845,0.04997954145073891
1846,9846,0.03384649008512497
1847,9847,0.028926905244588852
1848,9848,0.07894829660654068
1849,9849,0.013202591799199581
1850,9850,0.01238761655986309
1851,9851,0.07704909145832062
1852,9852,0.1365523338317871
1853,9853,0.11494407057762146
1854,9854,0.07642922550439835
1855,9855,0.013988886028528214
1856,9856,0.4579910933971405
1857,9857,0.04078492522239685
1858,9858,0.6523340940475464
1859,9859,0.4425962269306183
1860,9860,0.09936002641916275
1861,9861,0.16578581929206848
1862,9862,0.005065806210041046
1863,9863,0.20660942792892456
1864,9864,0.0990636795759201
1865,9865,0.278485506772995
1866,9866,0.011473745107650757
1867,9867,0.004518846049904823
1868,9868,0.19520968198776245
1869,9869,0.025501182302832603
1870,9870,0.05849825218319893
1871,9871,0.12350089848041534
1872,9872,0.02136865444481373
1873,9873,0.15570837259292603
1874,9874,0.10965252667665482
1875,9875,0.016445476561784744
1876,9876,0.08631183952093124
1877,9877,0.4377826750278473
1878,9878,0.17758958041667938
1879,9879,0.8524932861328125
1880,9880,0.6769136786460876
1881,9881,0.11514560878276825
1882,9882,0.26410749554634094
1883,9883,0.1746613085269928
1884,9884,0.6243024468421936
1885,9885,0.01686926931142807
1886,9886,0.10712891817092896
1887,9887,0.0068596056662499905
1888,9888,0.020413195714354515
1889,9889,0.20314659178256989
1890,9890,0.11330781131982803
1891,9891,0.18362224102020264
1892,9892,0.05694559961557388
1893,9893,0.2547803521156311
1894,9894,0.00157390465028584
1895,9895,0.7359020709991455
1896,9896,0.0248890221118927
1897,9897,0.04271969944238663
1898,9898,0.2252788543701172
1899,9899,0.023014014586806297
1900,9900,0.08004797250032425
1901,9901,0.3282095789909363
1902,9902,0.01718802936375141
1903,9903,0.03105195239186287
1904,9904,0.07791293412446976
1905,9905,0.6184747815132141
1906,9906,0.14699433743953705
1907,9907,0.016626233235001564
1908,9908,0.3010183870792389
1909,9909,0.12518641352653503
1910,9910,0.1013500764966011
1911,9911,0.12386474758386612
1912,9912,0.04370514675974846
1913,9913,0.08073915541172028
1914,9914,0.33004939556121826
1915,9915,0.028240690007805824
1916,9916,0.3617444634437561
1917,9917,0.36063140630722046
1918,9918,0.04737789183855057
1919,9919,0.0023206607438623905
1920,9920,0.309945672750473
1921,9921,0.29651525616645813
1922,9922,0.08303219079971313
1923,9923,0.010519254021346569
1924,9924,0.4888511896133423
1925,9925,0.1657762974500656
1926,9926,0.005979076959192753
1927,9927,0.06653951853513718
1928,9928,0.03793145343661308
1929,9929,0.15558335185050964
1930,9930,0.16590644419193268
1931,9931,0.11061473190784454
1932,9932,0.019065197557210922
1933,9933,0.7004976868629456
1934,9934,0.40143877267837524
1935,9935,0.12962324917316437
1936,9936,0.003255807561799884
1937,9937,0.03340049833059311
1938,9938,0.10179613530635834
1939,9939,0.05641014501452446
1940,9940,0.00633113831281662
1941,9941,0.011593443341553211
1942,9942,0.2518053352832794
1943,9943,0.04537688568234444
1944,9944,0.1709205061197281
1945,9945,0.05190436914563179
1946,9946,0.015716545283794403
1947,9947,0.02319551445543766
1948,9948,0.5463145971298218
1949,9949,0.6080902218818665
1950,9950,0.2778473198413849
1951,9951,0.04082692787051201
1952,9952,0.35507065057754517
1953,9953,0.037590231746435165
1954,9954,0.11521775275468826
1955,9955,0.006561338901519775
1956,9956,0.4287113547325134
1957,9957,0.013395697809755802
1958,9958,0.11800115555524826
1959,9959,0.11019156873226166
1960,9960,0.1721613109111786
1961,9961,0.08453170955181122
1962,9962,0.47640910744667053
1963,9963,0.3561760187149048
1964,9964,0.10136077553033829
1965,9965,0.33849409222602844
1966,9966,0.01649317890405655
1967,9967,0.141685351729393
1968,9968,0.2889916002750397
1969,9969,0.17183378338813782
1970,9970,0.297324001789093
1971,9971,0.08835513889789581
1972,9972,0.06058942526578903
1973,9973,0.006774998269975185
1974,9974,0.01589786261320114
1975,9975,0.6168605089187622
1976,9976,0.05036277696490288
1977,9977,0.011604644358158112
1978,9978,0.09500166773796082
1979,9979,0.09822971373796463
1980,9980,0.06256083399057388
1981,9981,0.5372875928878784
1982,9982,0.659592866897583
1983,9983,0.21797560155391693
1984,9984,0.02222827821969986
1985,9985,0.1273062825202942
1986,9986,0.19774630665779114
1987,9987,0.040964093059301376
1988,9988,0.013913575559854507
1989,9989,0.003089326433837414
1990,9990,0.33560580015182495
1991,9991,0.8130117654800415
1992,9992,0.23629802465438843
1993,9993,0.018577881157398224
1994,9994,0.08929703384637833
1995,9995,0.03497864678502083
1996,9996,0.05263117328286171
1997,9997,0.1401551365852356
1998,9998,0.5137404203414917
1999,9999,0.05066922679543495
