,Expr-297-ep-2.pt,Expr-638-ep-2.pt,Expr-211-ep-3.pt,Expr-733-ep-2.pt,Expr-944-ep-3.pt,Expr-862-ep-2.pt,Expr-298-ep-5.pt,Expr-707-ep-3.pt,Expr-265-ep-4.pt,Expr-837-ep-2.pt,Expr-457-ep-4.pt,Expr-916-ep-3.pt,Expr-768-ep-2.pt,Expr-438-ep-2.pt,Expr-171-ep-2.pt,Expr-493-ep-3.pt,Expr-108-ep-2.pt
age,0.0019904712350392595,0.0006634746585999496,0.0009952535885540126,-0.0008846618598453704,0.0024327973039174333,-0.0007740863192388092,0.0009952463579562254,-0.0008846841382595949,-0.0011058535892773946,0.0001105730491152146,0.0014375573790179619,-0.0025434106585068283,-0.00110583131086317,0.002543415186693321,-0.0024327944696812542,-0.0016587306397765067,-0.002875157278169116
balance,-0.0014375706999277815,-0.0007740701640929215,0.001548146273490536,-0.00011057633814737233,0.0009952524812245622,-0.00022119363430228578,-0.0022116623448941164,-0.001658769659957593,-0.0025433984119702657,0.0006635253386965134,-0.00011055405973325882,0.0007740646604018631,-0.0018799168325611681,-0.0007740601322153706,0.00044235478034926334,-0.0017692972558348563,-0.00011057464419694796
day,0.0019904712350392595,-0.0005529369319762223,0.0036492100018230555,0.0011058352524287995,0.004423294416191603,-0.002653957210809854,0.0012164391947177,0.0005529202890780516,0.0039809856097887675,0.0004423325019350388,-0.000552939733256208,-0.0015481323000473557,-0.005418584988231334,0.0007740513065358501,0.00044235478034926334,0.0006635259253174874,0.0032069006747117434
duration,0.08514872585845235,0.0778502975498353,0.07320580389678155,0.07464336376729086,0.0724317172677541,0.08183127561923775,0.07984074730400115,0.0812783517313388,0.08658628794362055,0.06922484087519554,0.0538538223898517,0.07895610630545191,0.06579674656618151,0.07132586395530904,0.0823841382085414,0.07652325140062877,0.07641266973675398
campaign,0.0008846858651662126,0.0007741008793030746,-0.0003317246180805089,0.0005529425674922761,-0.0018798967688059554,-0.00022119363430228578,-0.0026539884137722902,-0.0008846841382595949,-0.0014375534374524435,-0.00022118640370460962,0.0012164241469012627,0.00033173859152368923,-0.0006635052419849963,-0.0008846863529184956,-0.0002211641252903851,-0.0011058379548399833,0.0008846441096177493
pdays,-0.00011059249329326004,-0.0003317440952147477,0.00044230129897271375,-0.00011057633814737233,0.0009952524812245622,-0.0008846529352971588,-0.0009952507543179445,-0.0006634913014981203,-0.0019905057270337423,-0.002985709433032002,0.0015481835997210869,-0.0016587585207504807,-0.0017693502165028185,0.002322222349931846,-0.0013270090998082074,-0.0003317524331419852,0.0008846441096177493
previous,0.0018799046189809099,0.0018798862491761215,-0.0004423508387836339,0.0012164018684871492,-0.0006634851782297835,-0.0015481718409368073,0.004976240582504565,-0.00276455502983064,0.00044231745411860146,0.0032069151359072068,0.0008846646940814384,0.00033173859152368923,0.0014375584863475233,0.001327003596117149,0.0015481401502223102,-0.0003317524331419852,0.002211681920897046
job_blue-collar,0.0007740596444630876,0.0006634746585999496,0.0018799057263103602,-0.00044233579096719655,-0.00022115910935160965,-0.000442326866418985,0.0012164391947177,0.001879898495712573,-0.00088466075251592,0.0024328296142092087,0.0018798834478961357,-2.086129613498855e-08,-0.0007740718580433459,0.0008846775272389751,0.0008846808492274372,-0.0001105595963805106,0.0019904890841355716
job_entrepreneur,0.00022116695952656418,0.00011058197366342615,0.00044230129897271375,0.00011055689396932689,-0.00011059249329326004,0.00044232527133736266,2.760414152813695e-08,0.00033172745231657697,-0.0009952273685742696,-0.00022118640370460962,0.0004423386252032646,0.00033173859152368923,-0.00022117917310682245,-0.0003317340633371968,-0.0004423569620518597,-0.0001105595963805106,-0.00022114126025529757
job_housemaid,-0.00011059249329326004,0.0007741008793030746,-0.0003317246180805089,0.00022118311467245189,0.0004423597962880388,-0.00022119363430228578,-0.0008846841382595949,-0.0005529246854397707,0.00011055800129877724,0.0001105730491152146,1.2556325090784526e-08,0.00033173859152368923,0.0003317731164744764,-0.00022116744727884718,-0.0004423569620518597,0.00022114025179453822,-0.00011057464419694796
job_management,-0.0011058112471079573,-0.00011061086309804846,0.0013270130413738368,0.00022118311467245189,0.0004423597962880388,0.001105844176977011,-0.002101095728835767,-0.0004423580693814211,0.00011055800129877724,-0.00011056018300148462,-0.000552939733256208,0.001548150182099861,0.002653970076923695,0.0014375702121754985,-0.0011058162630467328,7.019677839004146e-09,-0.00033176748095842257
job_retired,-0.0014375706999277815,0.0005529080425416,0.0006634941357341884,-0.0032069184249393645,0.0005529264123463884,-7.975408111704496e-10,0.001879898495712573,-0.0006634913014981203,-0.00022114184687627159,0.0011058514075746873,-0.001216399034251081,-0.0039809554811996994,-0.0007740718580433459,-0.0003317340633371968,2.8711471089515328e-08,-0.0005528856652586844,-0.001658745687592944
job_self-employed,-0.00011059249329326004,0.00022114858972177576,0.00022116806685601453,-9.722089022723424e-09,0.0004423597962880388,-0.0008846529352971588,-0.00022116523261994647,-0.00011059861656159686,0.00033175083806025185,0.0008846585708132126,0.00022114578844179,-0.0002211540934128342,1.3663654652162904e-08,-0.0005529269000986714,-0.0006634901941685589,0.00044233308855601283,0.00011055858791975126
job_services,-0.00022115910935160965,-0.0005529369319762223,-0.0015481362086566808,-0.00011057633814737233,0.0013270119340443864,-0.0005528934824773346,0.0005529202890780516,0.00011059422019987775,0.00033175083806025185,-0.0007740790886411331,-0.0007740729653729073,-0.0001105874773544846,0.00011058027971300177,-0.00022116744727884718,-0.0006634901941685589,0.00022114025179453822,-0.0004423340970167722
job_student,0.002653990140678908,0.0016587530170594222,0.0005529275196758388,0.0005529425674922761,-0.0005529185621714339,-0.002764583431512979,-0.0004423580693814211,-0.0004423580693814211,-0.0011058535892773946,0.0003317658858766892,0.0014375573790179619,0.005197384953828377,0.0015481847070506483,0.002101089117815147,-0.0005529235781102093,-0.0008846451180785087,0.0006635108775010501
job_technician,0.0003317335755849138,0.001326993564239598,0.00011060145079766492,0.0006635091835506257,-0.00022115910935160965,0.00044232527133736266,-0.001548143439254468,0.0005529202890780516,-0.0006634679157544454,0.0001105730491152146,0.00022114578844179,-2.086129613498855e-08,-0.0009952646948048205,0.0014375702121754985,-0.0004423569620518597,0.000774092541375837,-0.0004423340970167722
job_unemployed,0.00022116695952656418,0.00044234142648325037,0.00044230129897271375,-0.0005529024070255462,-0.00022115910935160965,-7.975408111704496e-10,-0.00022116523261994647,-0.00022116523261994647,0.00011055800129877724,-0.0011058385414609573,0.000331772009144915,0.00033173859152368923,-0.00033174578916517206,0.00011059200554097703,0.00022116194358778873,0.0005528997046143624,0.001769296247374097
job_unknown,-0.00033172572540995926,-0.00022117747915639807,0.00011060145079766492,0.0003317497307308015,0.0003317335755849138,0.00022119203922066344,-0.0007740579175564699,-0.00022116523261994647,0.00011055800129877724,-0.00033175301976295923,1.2556325090784526e-08,-0.0002211540934128342,0.00011058027971300177,2.5389482627424798e-08,-0.0002211641252903851,-0.0001105595963805106,-0.00033176748095842257
marital_married,-0.0007740517942881331,0.003538623908630467,0.0034280767697063563,0.001990487390185147,0.001437578550102736,-0.0016587384569951569,-0.0006634913014981203,-0.0005529246854397707,-0.0018798795063306173,0.0024328296142092087,0.0006634718573199638,0.0018799096349196853,0.0008846658014109998,0.00044235145836080125,0.0007740546285243122,0.0016587446791321847,0.0039809861964097415
marital_single,0.0011058190972829118,-0.0004423107112730973,0.00033173468291436414,0.0006635091835506257,-0.00044235194611308426,-0.0006635197031804596,0.0013270058107760496,0.00033172745231657697,-0.0009952273685742696,0.0003317658858766892,-0.00033174689649473343,0.0007740646604018631,0.0013269918702891736,0.00033172523765767625,-0.0019904684008030804,-0.0008846451180785087,0.0013269701784959231
education_secondary,0.0013270119340443864,0.0016587530170594222,0.00033173468291436414,0.002432813459063321,0.00011060034346821457,0.00022119203922066344,0.0009952463579562254,-0.0005529246854397707,-0.0012164202053357442,-0.001990490679217305,0.0012164241469012627,0.00011060535940699001,-0.00044231240522352167,-0.0004423602840403218,-0.00011059750923203548,-0.0009952713387816337,0.001105836946379224
education_tertiary,0.002653990140678908,0.0008846674953614242,0.002764557864066708,0.0018799207741267976,0.0017693380029225603,-0.0015481718409368073,-0.0003317318486782961,-0.00022116523261994647,-0.0007740941364575704,0.0006635253386965134,0.0001105791723834404,0.00022117197546533962,0.003538622214680043,-0.0004423602840403218,-0.0011058162630467328,0.0011058519941956613,0.0015481630152573977
education_unknown,0.0005529264123463884,-0.0008846367801512711,-0.0006634840709003331,-0.0007740952437870208,0.0005529264123463884,0.00022119203922066344,0.00022116083625822736,0.0008846797418978758,-0.0007740941364575704,0.0012164180236330369,0.00022114578844179,-0.0001105874773544846,-0.00033174578916517206,-0.00022116744727884718,-0.001437575715866557,0.00011057363573618861,0.00033175142468122587
default_yes,0.0004423597962880388,0.00033177481042490076,0.00022116806685601453,-0.00022114295420572194,-0.00011059249329326004,0.00011056581851753844,0.00022116083625822736,0.00022116083625822736,0.00011055800129877724,-0.00011056018300148462,-0.00011055405973325882,0.00011060535940699001,-0.00022117917310682245,2.5389482627424798e-08,2.8711471089515328e-08,0.00011057363573618861,-0.00011057464419694796
housing_yes,0.0027645567567372575,0.003980949977508641,0.0029857507008281825,0.0012164018684871492,-0.00022115910935160965,0.001105844176977011,-0.0006634913014981203,0.00022116083625822736,-0.0004423346836377462,0.0037598078208437302,0.0021010762846576103,0.0005529314282851638,-0.0007740718580433459,0.0009952441432973247,-0.001437575715866557,-0.0009952713387816337,0.003096334058653394
loan_yes,0.0008846858651662126,0.0009952341114197738,0.00022116806685601453,0.0017692945534236726,0.00011060034346821457,-7.975408111704496e-10,0.0006634869051364012,0.0009952463579562254,0.0005528840701769511,0.0004423325019350388,0.0006634718573199638,0.00044230520758203884,1.3663654652162904e-08,0.0014375702121754985,-0.0004423569620518597,0.0005528997046143624,0.0007740774935593997
contact_telephone,0.0003317335755849138,-0.0017693485225523942,-0.0009952435237201573,0.0015481613213069734,0.00011060034346821457,-0.0033174761164495026,-0.001658769659957593,-0.0022116623448941164,-0.0022116389591504415,0.0008846585708132126,0.0013269907629596123,-0.000774106382994133,0.0006634729646495252,0.0008846775272389751,0.0006634880124659626,-0.001548164023718157,-0.0009952267819532956
contact_unknown,0.00022116695952656418,0.00033177481042490076,0.00033173468291436414,0.0006635091835506257,0.0004423597962880388,0.00033175865527901305,-0.00011059861656159686,-0.00022116523261994647,0.0005528840701769511,6.433056864985076e-09,0.0004423386252032646,0.0005529314282851638,-0.0006635052419849963,0.00033172523765767625,0.00022116194358778873,-0.0003317524331419852,0.0004423180407395755
month_aug,0.0019904712350392595,-0.0004423107112730973,0.00022116806685601453,-0.00044233579096719655,0.0007740596444630876,0.001105844176977011,0.0013270058107760496,0.0017693318796542234,-8.614759572367348e-09,0.0008846585708132126,0.0004423386252032646,0.0009952574971633377,1.3663654652162904e-08,0.003206874487688194,0.0008846808492274372,0.0003317664724976632,0.0012164035624375735
month_dec,0.0007740596444630876,-0.0007740701640929215,-2.4769905460075847e-08,-0.0005529024070255462,-2.5877234910431923e-08,-0.0009952195513555084,-0.00022116523261994647,0.00011059422019987775,-0.0007740941364575704,-0.00011056018300148462,-0.00044231351255308304,-0.0009952396151108323,-0.00022117917310682245,0.00033172523765767625,-0.00011059750923203548,0.0003317664724976632,-0.00022114126025529757
month_feb,0.0013270119340443864,-0.00022117747915639807,0.001548146273490536,0.0011058352524287995,0.0009952524812245622,0.002211629546850058,-0.0022116623448941164,-0.0012163839864346437,-0.0013269868213940939,0.003538674588727031,0.0008846646940814384,0.0005529314282851638,0.003428055598621693,-0.0004423602840403218,-0.0009952496469883831,0.00022114025179453822,0.0016587296313157474
month_jan,-0.00011059249329326004,-0.0008846367801512711,-2.4769905460075847e-08,-0.00011057633814737233,-0.0006634851782297835,0.001105844176977011,-0.0008846841382595949,-0.0012163839864346437,-0.0003317680675793966,0.0003317658858766892,0.0001105791723834404,-0.000774106382994133,0.00022114689577135138,0.0007740513065358501,0.001327006918105611,-0.0014375974076598075,-0.00011057464419694796
month_jul,0.0007740596444630876,0.0006634746585999496,-0.0002211580020221593,0.0003317497307308015,0.0015481451661610857,0.001548170245855185,-0.0014375768231961183,0.00033172745231657697,0.0008846435229967753,0.0006635253386965134,0.0005529052412616142,-0.0001105874773544846,-0.00022117917310682245,0.0007740513065358501,0.0006634880124659626,0.0008846591574341867,-0.00011057464419694796
month_jun,0.0017693380029225603,0.00022114858972177576,0.0017693391102520106,-9.722089022723424e-09,0.00022116695952656418,-0.0005528934824773346,-0.002322228960952466,-0.0012163839864346437,0.00033175083806025185,6.433056864985076e-09,0.0013269907629596123,0.00033173859152368923,-0.0008846384741016955,-0.001437579037855019,0.00011059532752943912,-0.0004423190492003348,-8.028138598348278e-09
month_mar,0.001437578550102736,0.002101079085937596,0.00011060145079766492,0.0005529425674922761,0.0011058190972829118,0.0008846513402155365,0.0005529202890780516,-0.00022116523261994647,-0.0006634679157544454,-0.0009952719254026077,0.0021010762846576103,0.002322235703797859,0.002322210624103871,0.0014375702121754985,0.0022116590558619587,0.002322263584771833,0.001769296247374097
month_may,0.007409069886925246,0.011279419520965672,0.014265154864188778,0.008293678575182706,0.014375779977562453,0.010615944064824911,0.01492866653923064,0.011611191220321948,0.0074090275447558085,0.00984186577372459,0.012606454530964983,0.009178379178376717,0.0025434034608653455,0.011500622389604698,0.01349112282386733,0.006192631588617048,0.009288958627592603
month_nov,-0.00011059249329326004,0.0012164269481812484,-0.0003317246180805089,0.0004423163467891511,-0.0026539822905039534,-0.0018799312937566315,-0.0006634913014981203,-0.001658769659957593,-0.0015481796581555685,-0.0011058385414609573,0.0004423386252032646,-0.0003317207094711838,0.0008846658014109998,0.00011059200554097703,-0.0005529235781102093,0.00022114025179453822,-0.00022114126025529757
month_oct,-0.00011059249329326004,-0.004091545483001613,0.00011060145079766492,-9.722089022723424e-09,-0.0015481373159861311,-0.0006635197031804596,-0.0045339189099881105,-0.0036492071675869875,-0.005086788209180959,0.0002211396651735642,-0.00011055405973325882,-0.0035386294123215256,-0.0012163979269215197,0.0012164369800587993,-0.002985746759262553,-0.0005528856652586844,-0.0023222645932325925
month_sep,0.00011060034346821457,-0.00022117747915639807,-2.4769905460075847e-08,-9.722089022723424e-09,-0.00011059249329326004,0.00022119203922066344,2.760414152813695e-08,0.00011059422019987775,-0.00022114184687627159,6.433056864985076e-09,0.000331772009144915,0.00022117197546533962,0.00011058027971300177,-0.00011060083122049758,-0.0002211641252903851,-0.0003317524331419852,-8.028138598348278e-09
poutcome_other,-0.0005529185621714339,0.0008846674953614242,0.0017693391102520106,-0.0005529024070255462,0.000663493028404738,0.00044232527133736266,2.760414152813695e-08,0.00011059422019987775,-8.614759572367348e-09,0.0017693107085695603,0.0007740980780230888,-0.0005529135462326584,0.00022114689577135138,0.00033172523765767625,-0.0007740568102269085,-0.0008846451180785087,-0.00033176748095842257
poutcome_success,0.030410263887169386,0.0387039934192811,0.038482820059653866,0.03339599590840414,0.02565518414092305,0.042021452583043906,0.028640953488388354,0.032179562039413745,0.032621911494035594,0.0361605946975222,0.04135794703127016,0.035054722428651375,0.03394891197908434,0.040362741110613,0.030852584940108785,0.03980977045122691,0.033395997602354566
poutcome_unknown,0.00011060034346821457,0.0011058007274781234,-0.0009952435237201573,0.00011055689396932689,0.00022116695952656418,-0.00011056741359916078,-0.00011059861656159686,0.0008846797418978758,-0.00022114184687627159,-0.00011056018300148462,0.0012164241469012627,-0.0003317207094711838,-0.0034280878759571642,0.00033172523765767625,0.0007740546285243122,-0.0004423190492003348,0.0009952703303208743
