,Expr-1-ep-17.pt,Expr-154-ep-14.pt,Expr-159-ep-14.pt,Expr-163-ep-14.pt,Expr-179-ep-15.pt,Expr-18-ep-26.pt,Expr-191-ep-41.pt,Expr-207-ep-20.pt,Expr-226-ep-27.pt,Expr-239-ep-12.pt,Expr-251-ep-16.pt,Expr-278-ep-8.pt,Expr-306-ep-9.pt,Expr-310-ep-10.pt,Expr-322-ep-17.pt,Expr-325-ep-18.pt,Expr-326-ep-16.pt,Expr-337-ep-12.pt,Expr-343-ep-15.pt,Expr-354-ep-25.pt,Expr-358-ep-11.pt,Expr-373-ep-8.pt,Expr-380-ep-11.pt,Expr-41-ep-20.pt,Expr-42-ep-21.pt,Expr-443-ep-41.pt,Expr-446-ep-30.pt,Expr-449-ep-11.pt,Expr-458-ep-9.pt,Expr-465-ep-16.pt,Expr-466-ep-24.pt,Expr-473-ep-13.pt,Expr-493-ep-11.pt,Expr-512-ep-20.pt,Expr-540-ep-11.pt,Expr-552-ep-12.pt,Expr-557-ep-31.pt,Expr-561-ep-19.pt,Expr-565-ep-22.pt,Expr-569-ep-23.pt,Expr-586-ep-11.pt,Expr-595-ep-12.pt,Expr-618-ep-9.pt,Expr-666-ep-15.pt,Expr-68-ep-11.pt,Expr-70-ep-16.pt,Expr-707-ep-25.pt,Expr-72-ep-15.pt,Expr-767-ep-11.pt,Expr-772-ep-11.pt,Expr-797-ep-14.pt,Expr-821-ep-12.pt,Expr-827-ep-12.pt,Expr-847-ep-16.pt,Expr-859-ep-19.pt,Expr-888-ep-16.pt,Expr-9-ep-26.pt,Expr-905-ep-24.pt,Expr-916-ep-16.pt,Expr-944-ep-20.pt,Expr-946-ep-20.pt,Expr-95-ep-23.pt,Expr-969-ep-20.pt,Expr-994-ep-24.pt,Expr-995-ep-11.pt
41822,0.0002,0.0001,0.0007,0.0001,0.0006,0.0002,0.0002,0.0002,0.0001,0.0002,0.0002,0.0001,0.0004,0.0002,0.0002,0.0002,0.0006,0.0004,0.0002,0.0001,0.0002,0.0003,0.0007,0.0001,0.0004,0.0001,0.0001,0.0012,0.0004,0.0002,0.0006,0.0002,0.0001,0.0005,0.0002,0.0003,0.0001,0.0002,0.0001,0.0001,0.0002,0.0002,0.0004,0.0002,0.0002,0.0003,0.0002,0.0001,0.0003,0.0002,0.0002,0.0008,0.0002,0.0002,0.0001,0.0004,0.0001,0.0002,0.0001,0.0,0.0002,0.0005,0.0002,0.0005,0.0001
40523,0.0013,0.0016,0.0027,0.0029,0.0022,0.0024,0.0019,0.0006,0.0019,0.0023,0.002,0.0011,0.0018,0.0016,0.0025,0.0011,0.0025,0.002,0.0014,0.0009,0.0018,0.002,0.0026,0.001,0.0026,0.0018,0.0008,0.0029,0.0015,0.0014,0.0022,0.0014,0.0015,0.0029,0.0024,0.0026,0.0015,0.0013,0.0017,0.0012,0.0016,0.0016,0.0018,0.002,0.0021,0.0012,0.0014,0.0014,0.0016,0.0032,0.0021,0.0032,0.0016,0.0012,0.0018,0.0025,0.0008,0.0018,0.0015,0.0016,0.0027,0.0027,0.0022,0.0017,0.0014
39770,0.2342,0.1983,0.2419,0.2261,0.2377,0.2223,0.2074,0.2496,0.261,0.2263,0.2222,0.2208,0.2469,0.2262,0.2254,0.2451,0.2391,0.2139,0.2452,0.2128,0.2177,0.2134,0.2299,0.2249,0.2357,0.2525,0.2451,0.1978,0.2087,0.2076,0.2268,0.222,0.1908,0.2443,0.2329,0.2303,0.1789,0.1998,0.2244,0.236,0.22,0.2257,0.2138,0.2387,0.2234,0.2041,0.2505,0.2478,0.225,0.2252,0.2415,0.2182,0.2478,0.2112,0.244,0.2354,0.2111,0.2399,0.2536,0.266,0.2339,0.2644,0.2167,0.276,0.23
42644,0.5537,0.527,0.6403,0.5343,0.6008,0.5545,0.5295,0.5097,0.5104,0.6003,0.5402,0.5552,0.6387,0.5976,0.4948,0.5882,0.6203,0.4701,0.5858,0.5203,0.5407,0.5695,0.6558,0.551,0.5733,0.4603,0.4249,0.6293,0.5976,0.4574,0.5668,0.533,0.5212,0.5801,0.5844,0.5957,0.469,0.4763,0.4897,0.5473,0.6208,0.5764,0.5956,0.5557,0.5633,0.4587,0.5296,0.5665,0.5868,0.5696,0.5259,0.6418,0.6028,0.5681,0.5496,0.5823,0.4836,0.5709,0.5416,0.543,0.5532,0.58,0.4873,0.5557,0.5148
44055,0.0016,0.001,0.0032,0.0018,0.0035,0.0023,0.0019,0.0006,0.0018,0.0027,0.0017,0.0015,0.0033,0.0024,0.0016,0.0016,0.003,0.0015,0.0022,0.0005,0.0011,0.0026,0.0059,0.0015,0.0034,0.001,0.0003,0.0059,0.0026,0.0015,0.0028,0.0018,0.0017,0.0042,0.0019,0.0024,0.001,0.001,0.0018,0.0012,0.0025,0.0021,0.0027,0.0017,0.0025,0.0012,0.0014,0.0016,0.002,0.0033,0.002,0.0064,0.0019,0.0015,0.0018,0.0024,0.0006,0.0017,0.0015,0.0009,0.002,0.0025,0.002,0.0018,0.0015
44071,0.0055,0.0065,0.0133,0.011,0.0136,0.0081,0.0135,0.0045,0.0079,0.008,0.0088,0.0102,0.0094,0.0087,0.0081,0.0053,0.0121,0.0076,0.0071,0.0059,0.0052,0.0124,0.021,0.0039,0.0128,0.0052,0.0047,0.0189,0.0093,0.0047,0.0131,0.0065,0.0071,0.0161,0.0113,0.0145,0.0108,0.0081,0.0082,0.0059,0.0152,0.0081,0.0188,0.006,0.01,0.0082,0.005,0.0076,0.0153,0.0108,0.0151,0.0269,0.0071,0.0061,0.0048,0.0123,0.006,0.0051,0.0047,0.0034,0.008,0.0139,0.0082,0.0101,0.0033
39591,0.7606,0.7975,0.7866,0.811,0.7823,0.8006,0.7724,0.8217,0.8197,0.7888,0.7959,0.834,0.8094,0.7822,0.8284,0.7915,0.7799,0.843,0.7732,0.8291,0.7915,0.8187,0.7704,0.7749,0.7708,0.8455,0.8321,0.7681,0.7661,0.8041,0.7717,0.8166,0.7831,0.7668,0.8093,0.8059,0.8221,0.8209,0.777,0.8211,0.8151,0.7654,0.7933,0.7881,0.7837,0.8159,0.8176,0.8251,0.8318,0.7908,0.8132,0.7578,0.8015,0.8182,0.815,0.8137,0.8141,0.8125,0.7899,0.8155,0.7895,0.7872,0.8042,0.7931,0.8214
46582,0.0001,0.0002,0.0003,0.0001,0.0003,0.0002,0.0001,0.0001,0.0002,0.0001,0.0001,0.0001,0.0001,0.0001,0.0002,0.0001,0.0002,0.0001,0.0001,0.0001,0.0001,0.0002,0.0004,0.0001,0.0003,0.0001,0.0,0.0006,0.0002,0.0002,0.0004,0.0002,0.0001,0.0003,0.0002,0.0001,0.0003,0.0002,0.0002,0.0001,0.0002,0.0001,0.0003,0.0002,0.0002,0.0002,0.0001,0.0001,0.0001,0.0002,0.0001,0.0007,0.0001,0.0001,0.0001,0.0004,0.0001,0.0002,0.0001,0.0,0.0001,0.0003,0.0002,0.0002,0.0002
39472,0.172,0.1329,0.1463,0.1688,0.1447,0.1854,0.1068,0.0875,0.1996,0.136,0.147,0.1034,0.1185,0.133,0.0963,0.1137,0.137,0.1478,0.1127,0.0774,0.1123,0.1161,0.1137,0.1552,0.1472,0.1587,0.1514,0.1297,0.1098,0.1038,0.1985,0.104,0.1299,0.1596,0.1618,0.1665,0.1312,0.1173,0.1378,0.1094,0.15,0.1278,0.1294,0.1574,0.1588,0.101,0.1501,0.1384,0.1293,0.1412,0.1419,0.1273,0.1448,0.1366,0.1613,0.1455,0.1117,0.1713,0.1435,0.0716,0.1195,0.184,0.154,0.1645,0.0792
48092,0.0001,0.0001,0.0005,0.0002,0.0005,0.0002,0.0002,0.0001,0.0003,0.0002,0.0002,0.0,0.0003,0.0001,0.0002,0.0001,0.0004,0.0001,0.0002,0.0001,0.0001,0.0002,0.0007,0.0001,0.0003,0.0001,0.0,0.0008,0.0003,0.0001,0.0005,0.0002,0.0001,0.0005,0.0001,0.0002,0.0002,0.0001,0.0002,0.0001,0.0002,0.0001,0.0002,0.0001,0.0001,0.0002,0.0002,0.0003,0.0002,0.0003,0.0002,0.0009,0.0001,0.0002,0.0002,0.0003,0.0001,0.0003,0.0002,0.0001,0.0002,0.0004,0.0003,0.0003,0.0001
