,ones,zeros,Unbalance_percent_lr
42644,54,11,16.92
42469,60,5,7.69
42779,29,36,44.62
39678,2,63,3.08
45473,10,55,15.38
46161,20,45,30.77
44551,61,4,6.15
39506,64,1,1.54
48192,30,35,46.15
40389,16,49,24.62
45179,20,45,30.77
42762,2,63,3.08
47914,64,1,1.54
48217,57,8,12.31
47784,53,12,18.46
41366,30,35,46.15
40882,64,1,1.54
41882,3,62,4.62
48239,3,62,4.62
47671,7,58,10.77
41819,56,9,13.85
42904,28,37,43.08
47254,49,16,24.62
39594,44,21,32.31
40194,64,1,1.54
47920,64,1,1.54
48482,50,15,23.08
43658,18,47,27.69
39918,64,1,1.54
47786,54,11,16.92
42382,63,2,3.08
44119,41,24,36.92
43533,22,43,33.85
45114,61,4,6.15
44092,49,16,24.62
47505,25,40,38.46
47452,26,39,40.0
47451,64,1,1.54
45452,47,18,27.69
46618,6,59,9.23
48592,16,49,24.62
43397,55,10,15.38
47889,64,1,1.54
44253,54,11,16.92
43570,64,1,1.54
45059,64,1,1.54
44618,50,15,23.08
45088,11,54,16.92
39087,34,31,47.69
46530,50,15,23.08
43526,21,44,32.31
40665,39,26,40.0
45151,5,60,7.69
45515,55,10,15.38
41585,19,46,29.23
48751,62,3,4.62
45410,5,60,7.69
45149,37,28,43.08
47587,8,57,12.31
45108,64,1,1.54
42147,44,21,32.31
47892,60,5,7.69
39528,15,50,23.08
42768,10,55,15.38
41416,64,1,1.54
42815,24,41,36.92
47525,24,41,36.92
40424,63,2,3.08
43975,15,50,23.08
43227,18,47,27.69
40792,64,1,1.54
43581,54,11,16.92
48444,27,38,41.54
48639,64,1,1.54
47571,48,17,26.15
44489,53,12,18.46
48114,58,7,10.77
39706,64,1,1.54
48719,39,26,40.0
42104,64,1,1.54
42928,8,57,12.31
47287,36,29,44.62
43124,20,45,30.77
40359,7,58,10.77
47736,33,32,49.23
40517,64,1,1.54
45942,50,15,23.08
40731,64,1,1.54
47124,64,1,1.54
40986,64,1,1.54
44791,61,4,6.15
47252,64,1,1.54
44891,60,5,7.69
44470,57,8,12.31
43991,33,32,49.23
45905,20,45,30.77
39774,8,57,12.31
43510,36,29,44.62
46291,63,2,3.08
44320,46,19,29.23
41168,1,64,1.54
48028,1,64,1.54
45818,50,15,23.08
44070,36,29,44.62
41590,1,64,1.54
43997,64,1,1.54
46558,55,10,15.38
42696,63,2,3.08
42448,1,64,1.54
42837,61,4,6.15
46315,24,41,36.92
41821,64,1,1.54
44159,64,1,1.54
40125,60,5,7.69
46663,11,54,16.92
39711,25,40,38.46
48263,60,5,7.69
41492,1,64,1.54
48106,15,50,23.08
43503,8,57,12.31
43718,4,61,6.15
40019,1,64,1.54
48126,20,45,30.77
41204,64,1,1.54
39800,61,4,6.15
40433,29,36,44.62
48586,7,58,10.77
40466,56,9,13.85
40688,10,55,15.38
47576,64,1,1.54
44942,59,6,9.23
48517,3,62,4.62
43525,3,62,4.62
42827,1,64,1.54
48112,61,4,6.15
48736,62,3,4.62
46654,19,46,29.23
39655,1,64,1.54
40083,7,58,10.77
46120,63,2,3.08
40809,16,49,24.62
40849,2,63,3.08
40326,25,40,38.46
47814,46,19,29.23
39143,46,19,29.23
44928,7,58,10.77
42891,7,58,10.77
41081,28,37,43.08
48306,16,49,24.62
41801,42,23,35.38
42090,59,6,9.23
42143,26,39,40.0
45130,1,64,1.54
41636,16,49,24.62
39519,64,1,1.54
44481,4,61,6.15
40077,55,10,15.38
40580,41,24,36.92
39335,7,58,10.77
44104,39,26,40.0
48837,1,64,1.54
44829,1,64,1.54
44790,1,64,1.54
42416,16,49,24.62
46629,22,43,33.85
40588,1,64,1.54
41360,64,1,1.54
47286,57,8,12.31
41344,50,15,23.08
43445,5,60,7.69
43862,1,64,1.54
43638,45,20,30.77
42478,62,3,4.62
40237,1,64,1.54
39555,2,63,3.08
47838,5,60,7.69
47104,1,64,1.54
41698,1,64,1.54
47785,23,42,35.38
45840,13,52,20.0
41175,36,29,44.62
44048,47,18,27.69
44787,1,64,1.54
46475,25,40,38.46
44436,23,42,35.38
44397,55,10,15.38
40141,25,40,38.46
40659,37,28,43.08
40005,4,61,6.15
40230,31,34,47.69
44340,45,20,30.77
45372,1,64,1.54
42272,50,15,23.08
45462,61,4,6.15
41139,55,10,15.38
46866,63,2,3.08
46970,35,30,46.15
43160,2,63,3.08
43634,17,48,26.15
48425,45,20,30.77
47528,58,7,10.77
48820,41,24,36.92
39826,4,61,6.15
48497,5,60,7.69
39833,62,3,4.62
41303,4,61,6.15
48599,3,62,4.62
44322,1,64,1.54
42117,6,59,9.23
46155,20,45,30.77
44018,15,50,23.08
42783,15,50,23.08
41556,50,15,23.08
45198,1,64,1.54
41705,50,15,23.08
44527,40,25,38.46
42951,1,64,1.54
46680,4,61,6.15
44614,5,60,7.69
45073,2,63,3.08
39126,29,36,44.62
42385,24,41,36.92
41558,30,35,46.15
44118,2,63,3.08
39261,62,3,4.62
42437,15,50,23.08
43654,5,60,7.69
41336,7,58,10.77
46803,60,5,7.69
40345,64,1,1.54
45864,15,50,23.08
40158,27,38,41.54
48795,4,61,6.15
48025,53,12,18.46
44866,30,35,46.15
41432,33,32,49.23
44419,1,64,1.54
41073,1,64,1.54
41513,8,57,12.31
47707,7,58,10.77
41910,4,61,6.15
41214,60,5,7.69
47797,63,2,3.08
41568,6,59,9.23
47548,14,51,21.54
41429,58,7,10.77
40599,1,64,1.54
40715,54,11,16.92
46504,1,64,1.54
45674,22,43,33.85
48763,34,31,47.69
40857,63,2,3.08
42074,4,61,6.15
42549,8,57,12.31
41839,24,41,36.92
39839,29,36,44.62
45013,24,41,36.92
39495,28,37,43.08
42319,33,32,49.23
44447,64,1,1.54
47485,58,7,10.77
43276,4,61,6.15
42988,5,60,7.69
46583,43,22,33.85
41903,18,47,27.69
40959,6,59,9.23
40041,16,49,24.62
40764,62,3,4.62
42740,57,8,12.31
41704,42,23,35.38
46748,22,43,33.85
40766,40,25,38.46
41183,55,10,15.38
41854,32,33,49.23
41706,47,18,27.69
48826,26,39,40.0
40615,63,2,3.08
39733,63,2,3.08
46681,64,1,1.54
42649,57,8,12.31
42473,57,8,12.31
45464,45,20,30.77
48113,17,48,26.15
46324,1,64,1.54
41080,30,35,46.15
48016,3,62,4.62
42138,47,18,27.69
39750,27,38,41.54
44380,8,57,12.31
44477,44,21,32.31
42607,6,59,9.23
46520,64,1,1.54
43799,38,27,41.54
43578,30,35,46.15
41559,21,44,32.31
43992,60,5,7.69
48286,9,56,13.85
42679,64,1,1.54
39478,1,64,1.54
40855,18,47,27.69
41532,1,64,1.54
42663,60,5,7.69
48635,64,1,1.54
46257,51,14,21.54
43082,8,57,12.31
47009,56,9,13.85
41571,58,7,10.77
47361,63,2,3.08
39537,61,4,6.15
47970,1,64,1.54
45479,53,12,18.46
44923,60,5,7.69
40604,4,61,6.15
41140,54,11,16.92
42933,2,63,3.08
47278,36,29,44.62
43611,5,60,7.69
45751,61,4,6.15
45155,1,64,1.54
47016,64,1,1.54
47062,7,58,10.77
44573,37,28,43.08
40675,64,1,1.54
43349,63,2,3.08
43728,7,58,10.77
46699,19,46,29.23
48674,1,64,1.54
43269,4,61,6.15
43117,12,53,18.46
39559,54,11,16.92
41388,11,54,16.92
40035,15,50,23.08
45446,49,16,24.62
48288,1,64,1.54
45857,35,30,46.15
47502,17,48,26.15
42022,34,31,47.69
44693,23,42,35.38
