,index,Expr-135-ep-12.pt,Expr-161-ep-9.pt,Expr-224-ep-9.pt,Expr-265-ep-8.pt,Expr-318-ep-9.pt,Expr-401-ep-5.pt,Expr-44-ep-16.pt,Expr-752-ep-10.pt,Expr-791-ep-9.pt,Expr-851-ep-11.pt
0,1176,2.1775038305804628e-07,5.909149695071392e-05,7.000713139859727e-06,0.00016361940652132034,3.948489029426128e-05,0.0017122371355071664,5.967327979305992e-06,0.001449698698706925,4.725235157820862e-06,2.3087109184416477e-06
1,1177,4.539613129850295e-08,0.00019077496835961938,0.00017532463243696839,0.0009021689766086638,6.934273551451042e-05,0.0034056263975799084,6.75378687446937e-05,0.002352688927203417,0.0003742213302757591,6.718743861711118e-06
2,1178,0.716368556022644,0.38191768527030945,0.17115554213523865,0.35604211688041687,0.3579242527484894,0.5565661787986755,0.38283103704452515,0.5426695346832275,0.6800057888031006,0.6455898880958557
3,1179,1.322921775681607e-06,0.0002325568493688479,1.4105092304816935e-05,0.0004673839430324733,9.194031008519232e-05,0.0015339837409555912,1.4898260815243702e-05,0.0012027376797050238,1.719380270515103e-05,9.325511200586334e-06
4,1180,0.224250927567482,0.46423184871673584,0.45128101110458374,0.3219943046569824,0.3638232946395874,0.29334455728530884,0.26416632533073425,0.22055067121982574,0.2694263160228729,0.13901428878307343
5,1181,4.801596560355392e-07,0.0006901980377733707,0.0004018514882773161,0.002745922887697816,0.00014187232591211796,0.003933837171643972,0.0019565075635910034,0.007256980054080486,0.0005159556749276817,1.8221042410004884e-05
6,1182,1.1102628150183591e-06,9.003553714137524e-05,0.0001856658491306007,0.0005099421250633895,2.8527379981824197e-05,0.0013445375952869654,5.975398016744293e-05,0.0011102806311100721,0.0003869407228194177,1.465336299588671e-05
7,1183,5.242353040557646e-07,0.0002265352086396888,3.185743116773665e-05,0.0005688886740244925,5.642927862936631e-05,0.0025010020472109318,2.0920237147947773e-05,0.0013768794015049934,0.0002446280559524894,9.423197298019659e-06
8,1184,4.810863946796973e-12,3.004401150974445e-06,2.5973349693231285e-07,5.220371167524718e-05,8.455986630906409e-07,0.00036881829146295786,2.9174527682584994e-08,0.00024395377840846777,1.0580399703030707e-06,7.035112048470182e-09
9,1185,1.958640893917618e-07,6.763474084436893e-05,1.6600064554950222e-05,0.0002835433406289667,8.06446678325301e-06,0.0020008180290460587,5.641005373036023e-06,0.0016903927316889167,5.5697379139019176e-05,1.8570089821423608e-07
10,1186,0.9085443615913391,0.7543877363204956,0.28547608852386475,0.6284430027008057,0.5173934698104858,0.2725694477558136,0.9459395408630371,0.579693615436554,0.24720372259616852,0.32024937868118286
11,1187,0.00045529199996963143,0.003482603468000889,0.0005381628288887441,0.0051254527643322945,0.007739828433841467,0.0076516615226864815,0.0030048915650695562,0.01020264346152544,0.0018471403745934367,0.0012871172511950135
12,1188,0.028472566977143288,0.06035381183028221,0.03365963324904442,0.09602298587560654,0.08528599143028259,0.11224257946014404,0.016528982669115067,0.15419326722621918,0.2129870504140854,0.03823838755488396
13,1189,1.8874339730245993e-05,3.2014948374126107e-05,6.578360626008362e-05,0.00014876414206810296,0.0001303074968745932,0.0017485206481069326,8.499796422256622e-06,0.0022459402680397034,0.0002243757335236296,4.925082066620234e-06
14,1190,2.2294075563422666e-07,0.0002922427956946194,9.402621071785688e-05,0.000850928423460573,0.00017573685909155756,0.0017850615549832582,8.55997423059307e-05,0.002963155508041382,0.00022089050617069006,3.671561717055738e-05
15,1191,0.04518449679017067,0.027345670387148857,0.028431283310055733,0.025110527873039246,0.0188326183706522,0.039963796734809875,0.022639289498329163,0.05909651890397072,0.04420499503612518,0.02346055395901203
16,1192,0.11354812234640121,0.4530843198299408,0.292952299118042,0.5767161846160889,0.25286293029785156,0.4542650878429413,0.9225974082946777,0.6649043560028076,0.4670625627040863,0.021961847320199013
17,1193,0.06986114382743835,0.07050370424985886,0.11894844472408295,0.1342739313840866,0.04304014891386032,0.22554229199886322,0.9907146692276001,0.17400676012039185,0.12218709290027618,0.006400551181286573
18,1194,1.54898557980232e-07,4.326524503994733e-05,4.6735640353290364e-05,0.0003590731357689947,3.49027213815134e-05,0.002356547862291336,2.113542905135546e-05,0.0005818961071781814,0.0001062130177160725,1.447555291633762e-06
19,1195,0.00018456867837812752,0.005761565640568733,0.004638811107724905,0.010105028748512268,0.005186779424548149,0.014636877924203873,0.015284084714949131,0.016794487833976746,0.002648430410772562,0.002796278800815344
20,1196,0.386173814535141,0.363604336977005,0.14298175275325775,0.2944839298725128,0.24101777374744415,0.387555867433548,0.2637595534324646,0.350608766078949,0.4261108934879303,0.10172391682863235
21,1197,0.6433166861534119,0.4857556223869324,0.396866112947464,0.7495061755180359,0.6373875737190247,0.6119799613952637,0.21784839034080505,0.5948215126991272,0.6747007369995117,0.17662787437438965
22,1198,3.524605517668533e-06,0.0017563599394634366,0.00013917814067099243,0.0010431165574118495,0.0004975917981937528,0.005317403003573418,1.2521804819698445e-06,0.006124612409621477,0.00037039630115032196,1.3297357327246573e-05
23,1199,0.004503742791712284,0.030604055151343346,0.006467312574386597,0.031931258738040924,0.011162062175571918,0.05844048410654068,0.006562681868672371,0.07042384147644043,0.08253861218690872,0.000734936271328479
24,1200,0.0020053000189363956,0.02448156103491783,0.008893397636711597,0.06118965148925781,0.03044656291604042,0.0968221127986908,0.019508354365825653,0.060856062918901443,0.14282572269439697,0.004068904556334019
25,1201,0.6351709961891174,0.8835828304290771,0.6087328791618347,0.8232160210609436,0.7293891310691833,0.7453771233558655,0.5642672777175903,0.6541164517402649,0.6876054406166077,0.07628486305475235
26,1202,0.0001295542169827968,0.00695137120783329,0.0006417006952688098,0.016648685559630394,0.0014848927967250347,0.06585049629211426,9.27253277041018e-05,0.02767186611890793,0.006980602629482746,0.0001660479756537825
27,1203,0.00016788102220743895,0.002164893550798297,0.0003741903055924922,0.0021796280052512884,0.000889774295501411,0.008831780403852463,0.0009261584491468966,0.00866684876382351,0.002041709376499057,0.00026966986479237676
28,1204,0.00043634395115077496,0.17411337792873383,0.027989568188786507,0.20958873629570007,0.11312519758939743,0.18856549263000488,0.013724720105528831,0.20159156620502472,0.2892651855945587,0.02311236597597599
29,1205,0.09042009711265564,0.04803276062011719,0.16761581599712372,0.10957369208335876,0.05561838671565056,0.25372400879859924,0.1949692815542221,0.14722204208374023,0.22326315939426422,0.014137033373117447
30,1206,0.0008595215040259063,0.001979865599423647,0.0022852588444948196,0.004816927015781403,0.003179642604663968,0.010914412327110767,0.000235590006923303,0.014654123224318027,0.0082264868542552,3.219076825189404e-05
31,1207,0.004220570903271437,0.07405532896518707,0.046904854476451874,0.15881982445716858,0.11265838146209717,0.1510588675737381,0.1206827238202095,0.15757527947425842,0.04127608239650726,0.0015368493041023612
32,1208,0.008681138046085835,0.003149363910779357,0.0011271412950009108,0.003021607408300042,0.0012277996866032481,0.01187150925397873,0.0005551832728087902,0.012838359922170639,0.005363829899579287,0.0005893635679967701
33,1209,1.3139828070052317e-07,7.401374750770628e-05,1.252592119271867e-05,0.0005753260920755565,0.00015341296966653317,0.004281563684344292,1.2082746252417564e-05,0.003346516750752926,8.752444409765303e-05,2.9598370474559488e-06
34,1210,0.001714560785330832,0.004357211757451296,0.0008409830625168979,0.003193515120074153,0.009025199338793755,0.013584118336439133,0.012471110559999943,0.010366992093622684,0.0018167970702052116,0.0005849068402312696
35,1211,0.001108941505663097,0.005397773813456297,0.004855315666645765,0.01615452580153942,0.008777668699622154,0.03005949966609478,0.006285945884883404,0.04468882828950882,0.04194248095154762,0.005809834226965904
36,1212,0.0008114451775327325,0.013359207659959793,0.03143880516290665,0.03127027675509453,0.021404171362519264,0.060523804277181625,0.018557464703917503,0.05022471398115158,0.0019516783067956567,0.003173607401549816
37,1213,0.001636585802771151,0.027319099754095078,0.0022732680663466454,0.012982198037207127,0.007208583410829306,0.09521815180778503,0.00026753023848868906,0.02233736217021942,0.0629420280456543,0.00031043615308590233
38,1214,2.8565002139657736e-05,0.0035649521742016077,0.0010718901176005602,0.006629223003983498,0.0011253345292061567,0.00866258516907692,0.00022760148567613214,0.006336138118058443,0.0034788157790899277,0.0004349116934463382
39,1215,0.35208410024642944,0.39946073293685913,0.365974485874176,0.2775759696960449,0.256054550409317,0.44860899448394775,0.215641587972641,0.3249693810939789,0.45025619864463806,0.2678776979446411
40,1216,0.40768587589263916,0.14793884754180908,0.08602599799633026,0.0909648910164833,0.04810907691717148,0.04640955477952957,0.2040112167596817,0.09275387227535248,0.13671496510505676,0.055817171931266785
41,1217,0.0006844645249657333,0.0024410204496234655,0.002765597542747855,0.0030762648675590754,0.005596220958977938,0.011071962304413319,0.00131347740534693,0.009819479659199715,0.0006842890870757401,0.0023213562089949846
42,1218,0.337898850440979,0.14061571657657623,0.324032187461853,0.2362031638622284,0.11151976883411407,0.20967409014701843,0.28730490803718567,0.22829195857048035,0.38513103127479553,0.28062355518341064
43,1219,0.002563571324571967,0.016770929098129272,0.013177684508264065,0.01591431349515915,0.005997304804623127,0.0730581060051918,0.007973279803991318,0.046186305582523346,0.02628137730062008,0.004316448234021664
44,1220,0.0005117759574204683,0.003203220199793577,0.003378707217052579,0.004341724328696728,0.0051058195531368256,0.021902086213231087,0.0003713971236720681,0.01919618807733059,0.012735238298773766,0.00033337093191221356
45,1221,1.3936052312146785e-07,0.0015348750166594982,0.0002342720254091546,0.040365204215049744,0.0002561595174483955,0.022460633888840675,3.0565222459699726e-06,0.03610116243362427,0.002741911681368947,7.411418482661247e-05
46,1222,0.14988505840301514,0.1840948760509491,0.0030349483713507652,0.17148908972740173,0.031130848452448845,0.42157265543937683,0.03669003024697304,0.1624888777732849,0.08725930750370026,0.0034648473374545574
47,1223,0.06350944191217422,0.5122265219688416,0.043379101902246475,0.609426736831665,0.4383968412876129,0.5909567475318909,0.09352714568376541,0.7963520288467407,0.5087823867797852,0.023052331060171127
48,1224,0.42538657784461975,0.4181729555130005,0.07913430780172348,0.36107367277145386,0.32795217633247375,0.6334912180900574,0.7620678544044495,0.470028817653656,0.6439546346664429,0.05229402333498001
49,1225,6.593357829842716e-05,0.001523728366009891,0.009688160382211208,0.007697398774325848,0.004649720154702663,0.03817370533943176,0.03482303395867348,0.03822256252169609,0.009420551359653473,0.0001749467191984877
50,1226,0.9205663800239563,0.9185401201248169,0.8869301080703735,0.7758182883262634,0.8629450798034668,0.7355744242668152,0.9321753978729248,0.8109612464904785,0.8510919213294983,0.7773377895355225
51,1227,0.003441582201048732,0.020585833117365837,0.04540441930294037,0.01899285987019539,0.02413420006632805,0.08207586407661438,0.006646157242357731,0.04090128093957901,0.039762601256370544,0.006923547480255365
52,1228,8.668369991937652e-05,0.005553170572966337,0.00028105618548579514,0.012064896523952484,0.004872262943536043,0.019320009276270866,0.0012891772203147411,0.0074318088591098785,0.0024256559554487467,0.0012195924064144492
53,1229,2.713557296374347e-05,0.008874453604221344,0.000490513863041997,0.009578601457178593,0.0033875834196805954,0.018142161890864372,0.004155383445322514,0.022424452006816864,0.008396938443183899,0.000888305832631886
54,1230,0.32879161834716797,0.16514995694160461,0.11197936534881592,0.2712334990501404,0.20431755483150482,0.34502050280570984,0.3852936625480652,0.2503882646560669,0.2116026133298874,0.02686178870499134
55,1231,2.4777098587946966e-05,0.0023969816975295544,0.000907689391169697,0.0022018577437847853,0.0011886354768648744,0.007721489295363426,0.0003406562900636345,0.00680250721052289,0.002214127918705344,0.0005275777075439692
56,1232,3.1668946576246526e-06,0.000553996826056391,0.0001630353945074603,0.000516464002430439,5.050075560575351e-05,0.0017042242689058185,5.6026292440947145e-06,0.003124132752418518,0.0009435791871510446,3.7965022784192115e-05
57,1233,0.0015457379631698132,0.007377863861620426,0.01229140441864729,0.006113969720900059,0.0029310027603060007,0.017156410962343216,0.006619662046432495,0.025100363418459892,0.002050236100330949,0.0023707107175141573
58,1234,0.0004073932650499046,0.0032963694538921118,0.002592319156974554,0.010328401811420918,0.008004588074982166,0.025683769956231117,0.005062267184257507,0.04785608872771263,0.0024919796269387007,0.0020673128310590982
59,1235,0.0014965408481657505,0.029293540865182877,0.008377810940146446,0.027101028710603714,0.011397259309887886,0.02651035413146019,0.0027603418566286564,0.04732964187860489,0.05998862162232399,0.003890475956723094
60,1236,0.10832790285348892,0.08824799954891205,0.16348950564861298,0.1936412900686264,0.3631815016269684,0.27585384249687195,0.10697708278894424,0.24682766199111938,0.07360735535621643,0.04235418513417244
61,1237,0.8877592086791992,0.6034504175186157,0.6007720828056335,0.5003863573074341,0.5291839838027954,0.6129361391067505,0.9624696373939514,0.7727510333061218,0.7309172749519348,0.6635306477546692
62,1238,0.2898997962474823,0.2505035996437073,0.06537578254938126,0.40624234080314636,0.20484741032123566,0.27303990721702576,0.11322980374097824,0.18961608409881592,0.041908979415893555,0.08366912603378296
63,1239,9.050286462297663e-05,0.010018303990364075,0.019655665382742882,0.012723708525300026,0.005665968172252178,0.03759444132447243,0.0008654402918182313,0.02647111937403679,0.05208488926291466,0.003607462625950575
64,1240,0.007956896908581257,0.005774330347776413,0.008297690190374851,0.0046849031932652,0.003185454523190856,0.005621888674795628,0.0017817780608311296,0.006712479516863823,0.005078952759504318,0.0002901857369579375
65,1241,0.16621577739715576,0.39579281210899353,0.0045677004382014275,0.10697874426841736,0.03109881468117237,0.3639489412307739,0.09105776995420456,0.36978545784950256,0.2262544482946396,0.1255527138710022
66,1242,0.1526412069797516,0.05776144191622734,0.36005899310112,0.06720057874917984,0.07878638803958893,0.20733487606048584,0.2767082154750824,0.09270365536212921,0.1844407320022583,0.04129651561379433
67,1243,0.00023094161588232964,0.005341675132513046,0.0006133795250207186,0.013719402253627777,0.008213499560952187,0.052897389978170395,0.012867678888142109,0.04110391065478325,0.010211998596787453,0.002430080436170101
68,1244,0.011001024395227432,0.020072411745786667,0.01789795607328415,0.02485489472746849,0.030178163200616837,0.052617207169532776,0.02111411653459072,0.03639063984155655,0.012590608559548855,0.009171819314360619
69,1245,0.004483997821807861,0.035045329481363297,0.03225713223218918,0.03755012899637222,0.02363327518105507,0.10803128033876419,0.014058337546885014,0.08289754390716553,0.0481581836938858,0.021374087780714035
70,1246,0.45137491822242737,0.09587137401103973,0.012639032676815987,0.22088389098644257,0.1438893973827362,0.31620851159095764,0.7552899122238159,0.4899069368839264,0.2751828730106354,0.2898019254207611
71,1247,0.012659089639782906,0.030943311750888824,0.03853236511349678,0.014956419356167316,0.01666257157921791,0.06074722111225128,0.016693122684955597,0.05658977851271629,0.07873121649026871,0.043595440685749054
72,1248,0.0010047800606116652,0.007634233217686415,0.010610810481011868,0.011941514909267426,0.0106284711509943,0.019493812695145607,0.0024510067887604237,0.03770475462079048,0.01346411369740963,0.0033825403079390526
73,1249,0.9762646555900574,0.6717036366462708,0.8294755220413208,0.9114739298820496,0.9513243436813354,0.8418926000595093,0.9895442724227905,0.9607296586036682,0.7513667941093445,0.8985711336135864
74,1250,0.1393672376871109,0.08041705936193466,0.08456055819988251,0.10422082990407944,0.05586634576320648,0.10460751503705978,0.17310242354869843,0.2967582643032074,0.08052137494087219,0.18410609662532806
75,1251,0.09917571395635605,0.04704384133219719,0.01918642781674862,0.03875264897942543,0.02797001600265503,0.14813794195652008,0.011073476634919643,0.10647889226675034,0.016667915508151054,0.024672267958521843
76,1252,0.010205763392150402,0.015618241392076015,0.015744149684906006,0.013812721706926823,0.008779586292803288,0.038297899067401886,0.05453447997570038,0.06300052255392075,0.010454271920025349,0.013619592413306236
77,1253,0.0026736073195934296,0.008428234606981277,0.0009412366198375821,0.00993626844137907,0.00820976309478283,0.016014480963349342,0.00890909694135189,0.0178543571382761,0.012893196195363998,0.0007676328532397747
78,1254,5.646367935696617e-05,0.0012378384126350284,0.00043913512490689754,0.006435059010982513,0.0028655382338911295,0.017926374450325966,0.001047495286911726,0.01640366204082966,0.0010115981567651033,0.001838772906921804
79,1255,0.9659281969070435,0.9892065525054932,0.9837696552276611,0.9848936200141907,0.9939583539962769,0.9253425598144531,0.9964649677276611,0.9986575841903687,0.909153163433075,0.995667576789856
80,1256,0.004226272460073233,0.011755491606891155,0.015534952282905579,0.051274437457323074,0.022893760353326797,0.09444601088762283,0.007696801330894232,0.0830250158905983,0.03988931328058243,0.0028452235274016857
81,1257,0.9753563404083252,0.8368930816650391,0.7337362170219421,0.6103788614273071,0.4787306785583496,0.6870418787002563,0.9091886281967163,0.6591262817382812,0.7732645273208618,0.6123285889625549
82,1258,0.000954307965002954,0.002660001628100872,0.005935211665928364,0.00908141490072012,0.006273376289755106,0.04722059145569801,0.002231402788311243,0.023082956671714783,0.009423235431313515,0.0021128321532160044
83,1259,1.0507778824830893e-06,0.0001273463713005185,7.875333722040523e-06,0.00015935451665427536,0.0001706882903818041,0.0016617006622254848,1.0579880836303346e-05,0.0015172470593824983,7.345980702666566e-05,1.2705277185887098e-05
84,1260,0.0005206544883549213,0.003366358345374465,0.0072138370014727116,0.006971099879592657,0.006496730726212263,0.011547073721885681,0.0009754336206242442,0.016067713499069214,0.008980776183307171,0.0025456268340349197
85,1261,0.006448154803365469,0.02913580648601055,0.0031636112835258245,0.014711975120007992,0.02703983709216118,0.04943397641181946,0.011942318640649319,0.039230722934007645,0.04697583615779877,0.008908343501389027
86,1262,0.9713234901428223,0.9787030816078186,0.9567809104919434,0.9431458711624146,0.958435595035553,0.848885178565979,0.9846063852310181,0.9813247323036194,0.8581239581108093,0.5713736414909363
87,1263,0.00016271622735075653,0.004900441039353609,0.003073379397392273,0.012644103728234768,0.000854749814607203,0.027519160881638527,0.0009518061997368932,0.019714901223778725,0.011433732695877552,0.000384787330403924
88,1264,6.395105447154492e-05,0.0009606658131815493,0.0009425127063877881,0.005131576210260391,0.0034186337143182755,0.01359577663242817,0.0038670776411890984,0.010572139173746109,0.00027385479188524187,0.00018691884179133922
89,1265,7.756539707770571e-05,0.0008175338734872639,0.00011335634189890698,0.0013692061183974147,0.0013326996704563498,0.003274955553933978,3.9807273424230516e-05,0.004221050068736076,0.000502571405377239,2.646322172950022e-05
90,1266,0.00018502786406315863,0.0035207003820687532,0.0017337952740490437,0.005925665609538555,0.004984898958355188,0.01963161490857601,0.0006570509867742658,0.007076779846101999,0.004214679356664419,0.00023457825591322035
91,1267,1.71709598362213e-05,0.0006078595179133117,7.364048360614106e-05,0.002342909574508667,0.0011390054132789373,0.0048652952536940575,1.4834972716926131e-05,0.006821279413998127,0.001698140287771821,3.958374145440757e-05
92,1268,3.1389186915475875e-05,0.0024401010014116764,0.01787271909415722,0.021960120648145676,0.0014607502380385995,0.022063298150897026,0.004110321868211031,0.012618537060916424,0.0039807893335819244,0.0018156645819544792
93,1269,2.5514340450172313e-05,0.0008449204615317285,0.0003173220611643046,0.0023806116078048944,0.0014564249431714416,0.00828730221837759,3.68543915101327e-05,0.00860465969890356,0.0010842124465852976,4.700350473285653e-05
94,1270,0.2763492166996002,0.10198767483234406,0.06653723865747452,0.15043601393699646,0.12499246001243591,0.3129768967628479,0.28256484866142273,0.19566968083381653,0.33383265137672424,0.09131389111280441
95,1271,0.45338836312294006,0.06356591731309891,0.15775412321090698,0.22459177672863007,0.58097243309021,0.5373916625976562,0.1297747939825058,0.5157367587089539,0.48850905895233154,0.08891921490430832
96,1272,0.0001777341094566509,0.0015400216216221452,0.0020695372950285673,0.006796894129365683,0.0009793693898245692,0.01589895226061344,0.0010823883349075913,0.010242732241749763,0.002901216270402074,0.0002755816385615617
97,1273,0.7997046709060669,0.8062198758125305,0.32115456461906433,0.6286201477050781,0.6420807242393494,0.459736168384552,0.9636697173118591,0.5157791972160339,0.8164353370666504,0.6186032295227051
98,1274,0.24291649460792542,0.09105443209409714,0.052591729909181595,0.1347629427909851,0.12044772505760193,0.2652673125267029,0.4138370752334595,0.14804601669311523,0.08060967922210693,0.2561759948730469
99,1275,0.013773978687822819,0.0630984976887703,0.055209435522556305,0.0917002335190773,0.07819991558790207,0.08021780848503113,0.03863726183772087,0.06515750288963318,0.05905752256512642,0.07884025573730469
100,1276,0.02845783717930317,0.01113615557551384,0.030383341014385223,0.015550711192190647,0.029024479910731316,0.051801979541778564,0.006558707449585199,0.07376357913017273,0.03433852270245552,0.009471284225583076
101,1277,2.6855036594497506e-06,0.0009693685569800436,7.65146323828958e-05,0.001305747777223587,0.0009232967277057469,0.0070768739096820354,0.0002588352363090962,0.005683871917426586,0.00015128898667171597,1.0514942005102057e-05
102,1278,0.019036825746297836,0.19342929124832153,0.09542389959096909,0.27941805124282837,0.23775960505008698,0.1902986466884613,0.255689412355423,0.18178701400756836,0.24141301214694977,0.042426545172929764
103,1279,0.006692169234156609,0.03749101981520653,0.04405483230948448,0.07478825747966766,0.06224266439676285,0.1224834993481636,0.06150253862142563,0.1334337443113327,0.055180665105581284,0.012543314136564732
104,1280,8.504442121193279e-06,0.010094541124999523,0.0020431058946996927,0.013158618472516537,0.011746438220143318,0.02310815267264843,0.0007388829253613949,0.04678497463464737,0.08572938293218613,0.0020797678735107183
105,1281,0.10197806358337402,0.14610223472118378,0.08336493372917175,0.2537853717803955,0.15896303951740265,0.2863244116306305,0.06565460562705994,0.22126565873622894,0.2597029507160187,0.36768627166748047
106,1282,0.0006767007289454341,0.009793573059141636,0.00400759931653738,0.03113178350031376,0.0066800848580896854,0.044713590294122696,0.002330123446881771,0.037893932312726974,0.0026862500235438347,0.009369666688144207
107,1283,0.0003763107524719089,0.0014580374117940664,0.0014474252238869667,0.0023431868758052588,0.002051493152976036,0.004340203478932381,0.0009346891893073916,0.0054429261945188046,0.0013573671458289027,0.0004180639225523919
108,1284,8.818099013296887e-05,0.0010394937125965953,0.00042620260501280427,0.00261330371722579,0.0026557662058621645,0.017776984721422195,0.0006876515690237284,0.013372211717069149,0.0013051782734692097,0.0007611158071085811
109,1285,0.054555073380470276,0.009424841962754726,0.0062993899919092655,0.012877663597464561,0.014174817129969597,0.0404169000685215,0.09232714772224426,0.05917523801326752,0.023691324517130852,0.009181361645460129
110,1286,8.347327093360946e-05,0.01230925414711237,0.003759062150493264,0.01950802654027939,0.0066221016459167,0.04078968986868858,0.0002146612387150526,0.020823173224925995,0.008332444354891777,9.557326848153025e-05
111,1287,7.95907762949355e-05,0.004352948162704706,0.002437197370454669,0.006547547411173582,0.003006905084475875,0.018618760630488396,0.0046178302727639675,0.025663547217845917,0.010469792410731316,0.0028546496760100126
112,1288,6.977985123057806e-08,1.9047001842409372e-05,1.9202225587378052e-07,4.107942004338838e-05,5.035528829466784e-06,0.00010380005551269278,9.197365535840163e-09,0.00021021816064603627,1.55265188368503e-05,1.5048976820253301e-07
113,1289,8.626208000350744e-05,0.005797871388494968,0.00036517324042506516,0.010579927824437618,0.005684144329279661,0.027715303003787994,0.00018715996702667326,0.017897821962833405,0.005861632991582155,0.00021017187100369483
114,1290,0.0005293939611874521,0.009583402425050735,0.005428492557257414,0.025291478261351585,0.004801007453352213,0.040408506989479065,0.007672130595892668,0.02922375686466694,0.003924994729459286,0.002921011531725526
115,1291,0.0026137675158679485,0.023428156971931458,0.028635084629058838,0.05928834155201912,0.017764955759048462,0.03549715504050255,0.038595907390117645,0.05334720388054848,0.02037506178021431,0.020711097866296768
116,1292,0.00010874748113565147,0.0030601974576711655,0.0003469451912678778,0.0032351191621273756,0.0038366015069186687,0.009071816690266132,0.00035960719105787575,0.00799261312931776,0.0031753547955304384,0.00029750485555268824
117,1293,0.007431400939822197,0.05529489368200302,0.13634097576141357,0.04199138283729553,0.07141698896884918,0.1422041654586792,0.11484983563423157,0.09677565097808838,0.09493686258792877,0.009355501271784306
118,1294,8.833795436657965e-05,0.009413180872797966,0.004321371205151081,0.009737317450344563,0.014686875976622105,0.02201542630791664,0.006261785048991442,0.020657707005739212,0.0003626699326559901,0.004584717098623514
119,1295,0.0008993431692942977,0.13974006474018097,0.025692619383335114,0.3276042938232422,0.234859436750412,0.325041800737381,0.026207568123936653,0.06331680715084076,0.05928969755768776,0.09885787963867188
120,1296,0.050376471132040024,0.10747706145048141,0.06182161718606949,0.11393081396818161,0.07347109168767929,0.12174338102340698,0.01241303700953722,0.0955633595585823,0.11022786796092987,0.04648924991488457
121,1297,0.0021433939691632986,0.06264346837997437,0.038647376000881195,0.09556086361408234,0.029860740527510643,0.18096418678760529,0.007049655541777611,0.1687135398387909,0.1356256902217865,0.020915675908327103
122,1298,3.587975015761913e-06,0.0002985809405799955,4.290732249501161e-05,0.00040800287388265133,0.00010671880590962246,0.002117413328960538,9.410364327777643e-06,0.0013960512587800622,0.0001664674491621554,1.2816066373488866e-05
123,1299,9.58095483838406e-07,0.0001635573134990409,3.5233692869951483e-06,0.00011208030628040433,3.21268271363806e-05,0.0006203767843544483,1.0532056649026345e-06,0.00046778618707321584,4.1691655496833846e-05,4.1313245446872315e-07
124,1300,1.2271041669009719e-05,0.0008191695087589324,4.6734527131775394e-05,0.0009090928360819817,0.000885126122739166,0.00523118581622839,4.8433736083097756e-05,0.001519360695965588,0.0007954092579893768,3.4222539397887886e-05
125,1301,1.5787843921089006e-08,0.0008066853042691946,9.344868158223107e-05,0.0072583300061523914,0.00019120109209325165,0.0074027408845722675,1.6294060287691536e-06,0.0009783244458958507,0.0010984961409121752,3.565523684301297e-06
126,1302,0.04787053167819977,0.25137999653816223,0.008837300352752209,0.09270644932985306,0.060082342475652695,0.37302032113075256,0.08909666538238525,0.21201805770397186,0.19780224561691284,0.014151422306895256
127,1303,1.3863074855180457e-05,0.09403453022241592,0.01151640247553587,0.2731536328792572,0.032133761793375015,0.13015049695968628,0.003528402652591467,0.15595905482769012,0.2150488644838333,0.0007239680271595716
128,1304,8.515357876603957e-06,0.0035147436428815126,0.00025787384947761893,0.003175141755491495,0.0006836291286163032,0.009489944204688072,0.000167510675964877,0.009361871518194675,0.0015350488247349858,6.204901728779078e-05
129,1305,7.247910252772272e-05,0.0007940688519738615,9.152671555057168e-05,0.0008485252619720995,0.0001073582679964602,0.0014138678088784218,0.00036128045758232474,0.002320019295439124,0.00012870166392531246,0.00021213258150964975
130,1306,0.4227471351623535,0.30307865142822266,0.3260587155818939,0.4018263816833496,0.4595659375190735,0.3862963616847992,0.18545544147491455,0.3403156101703644,0.18979522585868835,0.3484548330307007
131,1307,0.00011871493188664317,0.0021356053184717894,0.0011705406941473484,0.0022072438150644302,0.0005530010093934834,0.009119128808379173,0.0007044090307317674,0.008441115729510784,0.0005413605831563473,0.00044465644168667495
132,1308,0.44473451375961304,0.44565874338150024,0.1498984843492508,0.17185193300247192,0.6622627377510071,0.4102938175201416,0.0975395143032074,0.44901156425476074,0.49444282054901123,0.12670862674713135
133,1309,0.07332055270671844,0.10077206045389175,0.051529739052057266,0.08674128353595734,0.06744009256362915,0.14049851894378662,0.0716027021408081,0.1809033453464508,0.15495765209197998,0.05104175955057144
134,1310,0.0004489821440074593,0.015004061162471771,0.009516497142612934,0.027668282389640808,0.006276519503444433,0.03493300452828407,0.016161514446139336,0.04128623381257057,0.0021728104911744595,0.00017889452283270657
135,1311,0.11707683652639389,0.6286401152610779,0.3437057137489319,0.41697606444358826,0.33334943652153015,0.48204305768013,0.6111477613449097,0.37246474623680115,0.19745340943336487,0.3570450246334076
136,1312,5.977358887321316e-05,0.02481379546225071,0.004007241223007441,0.018465904518961906,0.01325054932385683,0.08265367150306702,0.008269877173006535,0.08198308944702148,0.005198516417294741,0.0035218284465372562
137,1313,0.9955604076385498,0.9791507720947266,0.9792798161506653,0.9480312466621399,0.9707340598106384,0.8944377899169922,0.9921815395355225,0.9980113506317139,0.9088605046272278,0.984420120716095
138,1314,9.710560533449097e-08,0.00021263721282593906,3.1108946132007986e-05,0.0009715636260807514,0.00018782337429001927,0.0022590516600757837,2.156516711693257e-05,0.0003347145102452487,0.0007555776974186301,1.7263746485696174e-05
139,1315,1.2875088941655122e-05,0.0021150128450244665,0.0006163908983580768,0.0028344953898340464,0.0023053467739373446,0.005302209407091141,0.00023512798361480236,0.0061372919008135796,0.00363289937376976,0.0011441190727055073
140,1316,5.32210833625868e-06,0.007091077975928783,7.810186798451468e-05,0.009580614976584911,0.0004287071351427585,0.007392610888928175,0.00031173459137789905,0.008229011669754982,0.003358700545504689,0.0001387215597787872
141,1317,0.08492492139339447,0.3755951523780823,0.14816559851169586,0.13746263086795807,0.14216141402721405,0.4683011770248413,0.3147204518318176,0.237357035279274,0.32096734642982483,0.29649803042411804
142,1318,0.024289581924676895,0.050516605377197266,0.13428103923797607,0.07181034982204437,0.013730039820075035,0.13022008538246155,0.11384579539299011,0.1419016718864441,0.11781337112188339,0.03889482095837593
143,1319,0.2726820707321167,0.22146189212799072,0.02113242633640766,0.135405033826828,0.09530110657215118,0.368572860956192,0.14647431671619415,0.3271089196205139,0.38334548473358154,0.3189592957496643
144,1320,0.00012294709449633956,0.0044378903694450855,0.0012606718810275197,0.0045528775081038475,0.00529178511351347,0.014477825723588467,6.623228546231985e-05,0.0269492045044899,0.0025021631736308336,0.00024699183995835483
145,1321,0.0023018321953713894,0.034096915274858475,0.010373382829129696,0.0652599111199379,0.03849403187632561,0.2151561826467514,0.13944247364997864,0.10852973908185959,0.042743243277072906,0.0062239402905106544
146,1322,3.3851679290819447e-06,0.0009556472068652511,3.309054591227323e-05,0.0009374374058097601,0.0001221759885083884,0.0019282142166048288,2.6645413981896127e-06,0.002628827001899481,0.00018898856069426984,9.989856152969878e-06
147,1323,7.374754318334453e-07,0.00024188894894905388,2.2614027329836972e-05,0.00040051888208836317,0.00012909769429825246,0.0026497659273445606,2.0980719455110375e-06,0.0022298130206763744,0.00011520780390128493,4.359180820756592e-07
148,1324,0.0016381752211600542,0.007703399285674095,0.0015826064627617598,0.005002536345273256,0.005356021225452423,0.02169528417289257,0.004153434652835131,0.03183983638882637,0.02144475467503071,0.0018245433457195759
149,1325,0.011496162042021751,0.049719251692295074,0.03262152522802353,0.054689910262823105,0.058901138603687286,0.13334211707115173,0.027161845937371254,0.06465353071689606,0.06828241050243378,0.023326553404331207
150,1326,0.5158048272132874,0.21460334956645966,0.5137156248092651,0.6143650412559509,0.6326531767845154,0.6791563630104065,0.24310904741287231,0.8737016916275024,0.5934818983078003,0.84043949842453
151,1327,3.028941137017682e-06,0.012155051343142986,0.0016719093546271324,0.011805914342403412,0.0018281125230714679,0.008937004022300243,0.001761542516760528,0.0187069121748209,0.009911035187542439,0.0011497604427859187
152,1328,0.00012960610911250114,0.004629794973880053,0.0018980181775987148,0.0048630861565470695,0.0015499878209084272,0.029881052672863007,0.0001538415817776695,0.011870037764310837,0.0006375812226906419,0.00170319271273911
153,1329,0.012235534377396107,0.00684531731531024,0.01998026855289936,0.015468519181013107,0.01822655461728573,0.059315454214811325,0.012029760517179966,0.08172957599163055,0.010376345366239548,0.004819115158170462
154,1330,0.004664095584303141,0.07766585797071457,0.0744962990283966,0.07926271855831146,0.04600119590759277,0.09855552017688751,0.042589928954839706,0.03425528481602669,0.059918880462646484,0.0196944922208786
155,1331,0.04482698068022728,0.04509152099490166,0.15361852943897247,0.0769609734416008,0.03678368777036667,0.04545336216688156,0.09546570479869843,0.055596139281988144,0.05241682380437851,0.039120715111494064
156,1332,0.9946771860122681,0.9657323360443115,0.9011521339416504,0.9041423201560974,0.9731718301773071,0.9029790759086609,0.9992344379425049,0.9741197824478149,0.947045087814331,0.8934838175773621
157,1333,8.361045911442488e-05,0.00840143021196127,0.00029718849691562355,0.00504132267087698,0.001308500417508185,0.013692433945834637,0.0014061928959563375,0.012103560380637646,0.004316030070185661,0.0007347640348598361
158,1334,0.0004041448119096458,0.05475589260458946,0.007097392808645964,0.05910540744662285,0.01036723144352436,0.15763217210769653,0.019154280424118042,0.05228211730718613,0.008097616955637932,0.0006649106508120894
159,1335,0.00018938738503493369,0.0011016551870852709,0.0007889354601502419,0.0014437352074310184,0.0005219896556809545,0.0032124705612659454,0.0019040909828618169,0.004876944702118635,0.0022809880319982767,0.0011685503413900733
160,1336,0.00047768079093657434,0.005104918498545885,0.0012912638485431671,0.005027536302804947,0.002350328490138054,0.0181428249925375,0.002624753164127469,0.01737428829073906,0.003364029573276639,0.011586161330342293
161,1337,0.011720355600118637,0.004065001383423805,0.005190983414649963,0.004426059778779745,0.011540865525603294,0.03749871253967285,0.0071686068549752235,0.03169778361916542,0.00507292989641428,0.01780078001320362
162,1338,0.509025514125824,0.20055419206619263,0.19862128794193268,0.24477604031562805,0.46156367659568787,0.4147322177886963,0.08843579143285751,0.3274351954460144,0.5972515940666199,0.21342973411083221
163,1339,0.8098253011703491,0.6422697305679321,0.5022746920585632,0.6088082194328308,0.4081698954105377,0.5114104151725769,0.8072119355201721,0.6002848148345947,0.9176481366157532,0.3234032988548279
164,1340,0.3708231449127197,0.31090590357780457,0.34444737434387207,0.2035287618637085,0.3737868666648865,0.2129010111093521,0.253063827753067,0.3017122447490692,0.3825208246707916,0.22112344205379486
165,1341,0.006581897381693125,0.013445972464978695,0.0116657093167305,0.011614395305514336,0.011044949293136597,0.04074940085411072,0.0061004990711808205,0.01988658681511879,0.01945490948855877,0.0018448636401444674
166,1342,0.0760551244020462,0.18727773427963257,0.09098520874977112,0.1354806125164032,0.11515217274427414,0.10519994050264359,0.08889148384332657,0.09497326612472534,0.1324404627084732,0.2271776646375656
167,1343,0.02070022001862526,0.05610489472746849,0.033808864653110504,0.10414139181375504,0.057540349662303925,0.18167978525161743,0.31994977593421936,0.08146903663873672,0.08575412631034851,0.011542040854692459
168,1344,0.005320755764842033,0.010587263852357864,0.005067859310656786,0.017754776403307915,0.007255960255861282,0.02658398635685444,0.04670834168791771,0.03283980116248131,0.021803727373480797,0.002600516192615032
169,1345,0.0008603909518569708,0.014952423050999641,0.01353362575173378,0.012848292477428913,0.006128962151706219,0.025919396430253983,0.024129249155521393,0.024903781712055206,0.03605038672685623,0.009426070377230644
170,1346,3.53027498931624e-05,0.0014106560265645385,0.0003193305165041238,0.0009780178079381585,0.0011206356575712562,0.004108565393835306,2.0207418856443837e-05,0.0033987208735197783,0.00018923686002381146,9.260851220460609e-05
171,1347,0.000166508078109473,0.0017969915643334389,0.0010110177099704742,0.006680894643068314,0.00461408169940114,0.027133945375680923,0.016941886395215988,0.01854676939547062,0.006018202751874924,0.00017513398779556155
172,1348,0.00019608670845627785,0.007009242661297321,0.0020459566731005907,0.018609153106808662,0.0015283958055078983,0.030664779245853424,0.001170695060864091,0.01065779384225607,0.03717195987701416,0.003752956399694085
173,1349,0.004728073254227638,0.0435061976313591,0.01441985834389925,0.04515795782208443,0.04997904226183891,0.34748950600624084,0.0025005571078509092,0.10333716124296188,0.5121644735336304,0.030152011662721634
174,1350,3.6799709050683305e-05,0.0021655105520039797,0.004055588040500879,0.00418955460190773,0.004233542829751968,0.013155695982277393,7.251297938637435e-05,0.00601140595972538,0.0017596629913896322,0.0001003364086500369
175,1351,1.2146961658743294e-08,0.0002596964768599719,2.34948965953663e-05,0.0005866409628652036,2.0823283193749376e-05,0.0013837009901180863,1.3075183233013377e-05,0.001936430111527443,6.902086170157418e-05,4.019957032141974e-06
176,1352,1.788760414456192e-06,0.0006279982626438141,0.0001238645927514881,0.0006884026806801558,0.0005610967637039721,0.003724660724401474,6.489893712569028e-05,0.004512394312769175,0.0001962047244887799,0.0001673288643360138
177,1353,0.7650676965713501,0.7536268830299377,0.41868355870246887,0.765838086605072,0.715104877948761,0.6189330816268921,0.7989683747291565,0.7210549712181091,0.7686905264854431,0.61827152967453
178,1354,0.0162946954369545,0.031603530049324036,0.07027849555015564,0.0946122258901596,0.13008715212345123,0.1486162543296814,0.02768528275191784,0.10869944840669632,0.04134151339530945,0.025316687300801277
179,1355,0.022912481799721718,0.07015912979841232,0.009152296930551529,0.047462496906518936,0.036835066974163055,0.13410083949565887,0.017842086032032967,0.20110662281513214,0.0562322735786438,0.0030129707884043455
180,1356,7.264530722750351e-05,0.007397711277008057,0.0001997020881390199,0.003272385336458683,0.003494488773867488,0.016464529559016228,0.007254994940012693,0.012846121564507484,0.007078519556671381,0.0008994194213300943
181,1357,0.012265093624591827,0.02713136374950409,0.049289628863334656,0.025406382977962494,0.024012355133891106,0.03224317356944084,0.029435407370328903,0.04015878960490227,0.017339887097477913,0.002120529068633914
182,1358,0.00024791929172351956,0.003607143647968769,0.00038331319228745997,0.004190977197140455,0.004076918121427298,0.016586830839514732,0.000187160141649656,0.01115944143384695,0.004057826474308968,0.000735376204829663
183,1359,0.0013478448381647468,0.014408625662326813,0.008720007725059986,0.022111108526587486,0.013949497602880001,0.06992547959089279,0.004762616474181414,0.05781378969550133,0.010204188525676727,0.007325537968426943
184,1360,0.1695355623960495,0.17687927186489105,0.009491090662777424,0.17195534706115723,0.05401655286550522,0.3237498998641968,0.028638796880841255,0.32234182953834534,0.13632884621620178,0.08148070424795151
185,1361,0.04372427612543106,0.04948996379971504,0.019154325127601624,0.07016170769929886,0.03850019350647926,0.0481238067150116,0.0429355688393116,0.06742671877145767,0.03195233643054962,0.08325327932834625
186,1362,8.08273907750845e-05,0.0022011548280715942,0.0012115949066355824,0.008227160200476646,0.0014167946064844728,0.014452198520302773,0.0009080067975446582,0.011138261295855045,0.0016953075537458062,0.0014991166535764933
187,1363,0.006214332766830921,0.016880614683032036,0.02898303233087063,0.031333815306425095,0.036661963909864426,0.08844905346632004,0.028320392593741417,0.09285502880811691,0.030439719557762146,0.007074214052408934
188,1364,0.002197218593209982,0.0064542884938418865,0.005208617076277733,0.013505301438272,0.007055208552628756,0.0273669995367527,0.0037502774503082037,0.026363655924797058,0.0176418274641037,0.002494131913408637
189,1365,0.9502428770065308,0.9839379191398621,0.9740904569625854,0.9812183976173401,0.9759806394577026,0.8945003151893616,0.9574381709098816,0.9920759201049805,0.9024421572685242,0.9419592618942261
190,1366,0.21480825543403625,0.06041913479566574,0.022090110927820206,0.05648237094283104,0.010534482076764107,0.16112390160560608,0.14797033369541168,0.2904273569583893,0.044463977217674255,0.0017366340616717935
191,1367,0.0006237832712940872,0.009244543500244617,0.04644789174199104,0.02203451469540596,0.02306881546974182,0.04632144793868065,0.0026574095245450735,0.05983233451843262,0.04351406544446945,0.025285867974162102
192,1368,0.18504491448402405,0.12228278815746307,0.05716506764292717,0.12818677723407745,0.10950206220149994,0.09372264891862869,0.28073960542678833,0.1451020985841751,0.23947179317474365,0.055255018174648285
193,1369,0.5181664228439331,0.23878686130046844,0.07010485976934433,0.33809536695480347,0.27715930342674255,0.5099692344665527,0.17826063930988312,0.8276751637458801,0.4260517656803131,0.45211511850357056
194,1370,0.000603505119215697,0.006569745950400829,0.0035356071311980486,0.002730016363784671,0.0012782696867361665,0.004495131317526102,0.02497917413711548,0.012110895477235317,0.0014542726567015052,0.0006948753725737333
195,1371,0.0001404999493388459,0.0011463380651548505,0.0005369576974771917,0.005682610906660557,0.0012976910220459104,0.009244955144822598,0.003851049579679966,0.011488090269267559,0.003627668134868145,9.23171901376918e-05
196,1372,0.009732983075082302,0.012945064343512058,0.00922713428735733,0.01591220684349537,0.0023016142658889294,0.018979189917445183,0.004785035736858845,0.02122666873037815,0.0016614103224128485,0.004307708237320185
197,1373,7.220961379061919e-06,0.002927931724116206,0.00012150457769166678,0.004493921063840389,0.0009457168634980917,0.00827508419752121,0.0004250737838447094,0.013963377103209496,0.006005574017763138,0.00021484962780959904
198,1374,5.734500518883578e-07,0.004053974058479071,0.0009291193564422429,0.004526852164417505,0.0009710953454487026,0.014713287353515625,0.0018790826434269547,0.014744509942829609,0.0008311158744618297,3.62861537723802e-05
199,1375,0.8642408847808838,0.6124028563499451,0.661888837814331,0.6980473399162292,0.6497370600700378,0.7078207731246948,0.9102527499198914,0.7983604669570923,0.8173942565917969,0.5154431462287903
200,1376,7.319290307350457e-05,0.00200113607570529,0.00027394620701670647,0.002724438440054655,0.0017878770595416427,0.006064862012863159,5.137152402312495e-05,0.008658107370138168,0.0008124920423142612,0.00029147256282158196
201,1377,0.0002072221104754135,0.0009350988548249006,0.0005109541234560311,0.002245300216600299,0.0009193806909024715,0.006297261919826269,0.0005358898197300732,0.0049916706047952175,6.454602407757193e-05,0.0001553291513118893
202,1378,0.0013825360219925642,0.007271071430295706,0.0021551146637648344,0.007839571684598923,0.014477982185781002,0.06316109001636505,0.003751334035769105,0.054892536252737045,0.032990433275699615,0.0005478817620314658
203,1379,0.98897784948349,0.9535114765167236,0.8269412517547607,0.9708739519119263,0.9785671234130859,0.8992312550544739,0.9839037656784058,0.9927403330802917,0.8693529963493347,0.9544284343719482
204,1380,0.003972322680056095,0.04517649486660957,0.04058099538087845,0.04248937591910362,0.025037966668605804,0.08248156309127808,0.05043251812458038,0.07441922277212143,0.10316798835992813,0.01945941336452961
205,1381,0.0006292096222750843,0.016230318695306778,0.03537159785628319,0.021669743582606316,0.012446370907127857,0.04672690108418465,0.0033502306323498487,0.05906245857477188,0.023469693958759308,0.010425960645079613
206,1382,0.01670893281698227,0.010533369146287441,0.03229539468884468,0.045311957597732544,0.030254818499088287,0.0634276270866394,0.0013634462375193834,0.10370863974094391,0.021340984851121902,0.016744593158364296
207,1383,0.000996892573311925,0.0038577450904995203,0.002690511289983988,0.01119148451834917,0.003755999030545354,0.020897090435028076,0.004422449506819248,0.02234133519232273,0.009137916378676891,0.0012357861269265413
208,1384,0.8599927425384521,0.7399195432662964,0.4223860502243042,0.41263455152511597,0.4555824100971222,0.5865246653556824,0.4666341245174408,0.5282865166664124,0.4974775016307831,0.49766799807548523
209,1385,0.0005263732164166868,0.009998342022299767,0.009172175079584122,0.012841109186410904,0.001689134631305933,0.057630766183137894,0.001915200729854405,0.043729159981012344,0.014384748414158821,0.010925211943686008
210,1386,0.22463005781173706,0.08140174299478531,0.2330852597951889,0.14242683351039886,0.1154082715511322,0.18391960859298706,0.09779995679855347,0.15961380302906036,0.0665368065237999,0.07173476368188858
211,1387,0.0023862726520746946,0.05042410269379616,0.04400336369872093,0.011227513663470745,0.014330616220831871,0.03808484598994255,0.010410062968730927,0.04662125185132027,0.014988346956670284,0.009419064968824387
212,1388,1.5253750973442948e-07,2.644210690050386e-05,5.2832251640211325e-06,0.0001239561679540202,6.330903033813229e-06,0.0006099092424847186,9.950358617061283e-07,0.0007986219134181738,0.00011538810940692201,7.73251827013155e-08
213,1389,0.0059267329052090645,0.026754699647426605,0.021778423339128494,0.06270316243171692,0.00602052453905344,0.045639768242836,0.03755258396267891,0.0454387292265892,0.0215620007365942,0.005416439846158028
214,1390,0.2042919099330902,0.20810867846012115,0.11214663833379745,0.5724392533302307,0.5907183289527893,0.5598464012145996,0.507133960723877,0.5029752254486084,0.6724491119384766,0.5567763447761536
215,1391,0.9738191962242126,0.9637292623519897,0.9364685416221619,0.9441668391227722,0.8988121151924133,0.838620126247406,0.9748846888542175,0.9811857342720032,0.8462756872177124,0.9623091816902161
216,1392,0.012306847609579563,0.013225330039858818,0.0067035360261797905,0.015172168612480164,0.013717344962060452,0.022465679794549942,0.004056947771459818,0.031644854694604874,0.018737616017460823,0.007176052778959274
217,1393,0.00847077276557684,0.006356389727443457,0.01638890616595745,0.013516887091100216,0.006570985075086355,0.02697630785405636,0.0012188259279355407,0.04232735559344292,0.017469022423028946,0.003060096874833107
218,1394,5.750525360781467e-06,0.0018613170832395554,0.00031578956986777484,0.001658185152336955,0.0001315916160820052,0.004168573301285505,4.451265704119578e-05,0.004066453315317631,0.002821434522047639,3.8799313188064843e-05
219,1395,0.8088789582252502,0.7920969128608704,0.2781718373298645,0.6130148768424988,0.17221412062644958,0.6003125309944153,0.50413578748703,0.8341060876846313,0.5441248416900635,0.653875470161438
220,1396,0.9925903081893921,0.9571685791015625,0.9621172547340393,0.9629904627799988,0.976457417011261,0.8274099230766296,0.9922009706497192,0.9694331884384155,0.6989371180534363,0.9040924310684204
221,1397,2.2777589947509114e-06,0.00032653010566718876,0.00011707765224855393,0.0013796830317005515,0.0003961110196541995,0.00292229070328176,7.686471508350223e-05,0.0032222147565335035,0.00019045091175939888,7.645655387022998e-06
222,1398,1.533099691641837e-08,3.77100586774759e-05,1.7277247934543993e-06,0.00023601831344421953,1.2603989489434753e-05,0.001207557856105268,8.831148988974746e-06,0.0010292973602190614,7.606264989590272e-05,7.799669674568577e-07
223,1399,0.0009450210491195321,0.009757854975759983,0.003502831095829606,0.008316242136061192,0.00178030994720757,0.014276396483182907,0.0028121434152126312,0.012254566885530949,0.018847797065973282,0.0008487234590575099
224,1400,0.047107938677072525,0.08907365798950195,0.02961857244372368,0.11488129198551178,0.04366353526711464,0.05604097619652748,0.022094612941145897,0.11691735684871674,0.2686004042625427,0.0779653862118721
225,1401,0.00015864695888012648,0.07165210694074631,0.0037262625992298126,0.06044644117355347,0.2657725214958191,0.08735097199678421,0.129875048995018,0.07415171712636948,0.01775307208299637,0.0022531868889927864
226,1402,0.10117007046937943,0.3318858742713928,0.20670562982559204,0.2745899558067322,0.4340841770172119,0.3775690197944641,0.4392836391925812,0.32505062222480774,0.45054367184638977,0.2786293625831604
227,1403,0.9201374650001526,0.2267354428768158,0.21764233708381653,0.45790645480155945,0.48831573128700256,0.4230821132659912,0.5460919737815857,0.14123806357383728,0.3702091574668884,0.798357367515564
228,1404,0.0001413919380865991,0.003012364963069558,0.005969862453639507,0.005014308262616396,0.001415942213498056,0.012065528891980648,0.022925883531570435,0.01953106001019478,0.007556186523288488,0.0007448092801496387
229,1405,1.5810677211902657e-07,6.59987490507774e-05,2.177093665522989e-05,0.0005031264154240489,7.505263783968985e-05,0.0023397072218358517,2.9095650688759633e-07,0.0017250230303034186,0.00025335027021355927,1.3949829735793173e-06
230,1406,0.007173685356974602,0.04618961364030838,0.02881595678627491,0.06697311997413635,0.09182794392108917,0.07416287809610367,0.18284295499324799,0.0634286180138588,0.09621858596801758,0.02863270416855812
231,1407,2.7159025194123387e-05,0.005672764033079147,0.001836599432863295,0.008303023874759674,0.006648525130003691,0.040572911500930786,0.0012338467640802264,0.021622473374009132,0.005132433492690325,0.00019736954709514976
232,1408,0.005527492146939039,0.020298203453421593,0.06636400520801544,0.030685188248753548,0.0238631758838892,0.0442996509373188,0.039885807782411575,0.05934955179691315,0.05210014805197716,0.006028099916875362
233,1409,0.21947787702083588,0.40376341342926025,0.12891365587711334,0.22441545128822327,0.2956506907939911,0.28084924817085266,0.1390099674463272,0.03175050765275955,0.27802419662475586,0.14280422031879425
234,1410,0.00019130979490000755,0.0013379041338339448,0.00016731991490814835,0.0012345373397693038,0.0023045847192406654,0.00959058292210102,1.7062489860109054e-05,0.004381284117698669,0.0006442450103349984,7.163318514358252e-05
235,1411,0.005254183430224657,0.018238333985209465,0.0005323989898897707,0.019756410270929337,0.01648229919373989,0.06789732724428177,0.036563336849212646,0.0710332915186882,0.008695208467543125,0.011528970673680305
236,1412,0.0030167042277753353,0.006963521707803011,0.017828913405537605,0.014698190614581108,0.014890140853822231,0.024178171530365944,0.00648051593452692,0.03030550293624401,0.008524676784873009,0.0022382077295333147
237,1413,0.5063382387161255,0.885247528553009,0.0521659255027771,0.3723517060279846,0.33306050300598145,0.5071651339530945,0.685066819190979,0.4067161977291107,0.8209123015403748,0.3479252755641937
238,1414,1.3422265510598663e-05,0.015578987076878548,0.010103769600391388,0.09854292124509811,0.004011981189250946,0.14928384125232697,0.025853268802165985,0.2459493726491928,0.23768162727355957,0.006938513368368149
239,1415,0.0001473835582146421,0.0031301663257181644,0.003826197236776352,0.013116899877786636,0.003860140684992075,0.09252960234880447,0.005108605604618788,0.025043316185474396,0.015348454937338829,0.0001313131069764495
240,1416,0.0012179530458524823,0.004347929265350103,0.002654783660545945,0.006241995841264725,0.0071291676722466946,0.009090898558497429,0.007315963506698608,0.014130848459899426,0.006988236214965582,0.004162989091128111
241,1417,0.0005843460094183683,0.016426321119070053,0.004027918446809053,0.00906192883849144,0.003810547525063157,0.10362343490123749,0.0013909625122323632,0.05742131918668747,0.021321285516023636,0.002862042747437954
242,1418,0.14768901467323303,0.060353659093379974,0.10927898436784744,0.09247522056102753,0.09881765395402908,0.08064212650060654,0.10323498398065567,0.10195278376340866,0.1226147711277008,0.14407318830490112
243,1419,0.000506537442561239,0.1191500797867775,0.02528851106762886,0.06093304231762886,0.023660296574234962,0.0959739238023758,0.01941559463739395,0.0715237706899643,0.1985360085964203,0.001172956544905901
244,1420,6.4064770413097e-05,0.000741351512260735,0.0002162347809644416,0.0009914260590448976,0.0005669589154422283,0.003895183326676488,8.622778841527179e-05,0.0032451413571834564,0.00028107682010158896,0.00027782851248048246
245,1421,7.768803698127158e-06,0.0013985737459734082,0.00031535723246634007,0.00241345027461648,0.0003969348908867687,0.002558281645178795,0.0006572726415470243,0.0023491927422583103,0.0010965237161144614,0.00014930912584532052
246,1422,0.03673243895173073,0.3822019398212433,0.18068023025989532,0.3576122522354126,0.11245742440223694,0.4423380196094513,0.12808512151241302,0.47661808133125305,0.7209323644638062,0.16916850209236145
247,1423,0.0010951269650831819,0.008358319289982319,0.014533482491970062,0.012085141614079475,0.009227924048900604,0.0535866804420948,0.009597270749509335,0.030114416033029556,0.0323219820857048,0.0017089807661250234
248,1424,3.719677988556214e-05,0.0006469137733802199,0.0004438729374669492,0.0018250392749905586,0.0003344283904880285,0.0038483196403831244,0.00032341305632144213,0.005025561433285475,0.003987883683294058,8.807779522612691e-05
249,1425,0.1113726794719696,0.06328298896551132,0.07319340854883194,0.03667648136615753,0.03695615381002426,0.05167880281805992,0.003858584212139249,0.06389312446117401,0.0803188905119896,0.042452968657016754
250,1426,0.796519935131073,0.30415040254592896,0.42152461409568787,0.4973243772983551,0.5775761008262634,0.4563637375831604,0.7645581960678101,0.5680477023124695,0.18127630650997162,0.11204350739717484
251,1427,0.004048869479447603,0.02298286184668541,0.005417549517005682,0.026063572615385056,0.040176887065172195,0.08624777942895889,0.01093175821006298,0.07330428808927536,0.17951080203056335,0.008566831238567829
252,1428,0.0010917000472545624,0.005964163690805435,0.0077562774531543255,0.00458556367084384,0.013650914654135704,0.04854559898376465,0.0004928593407385051,0.030942661687731743,0.006245066877454519,0.0020872242748737335
253,1429,0.01288439892232418,0.050309497863054276,0.057846952229738235,0.034328706562519073,0.010043133981525898,0.06774351000785828,0.04028919339179993,0.10108537971973419,0.04630478844046593,0.060689982026815414
254,1430,0.007415940519422293,0.007131338119506836,0.00012810844054911286,0.0023551310878247023,0.0037543915677815676,0.01717887446284294,0.00042918778490275145,0.018761510029435158,0.0004527744313236326,0.0043275984935462475
255,1431,0.01759163662791252,0.015636080875992775,0.00529424799606204,0.008007205091416836,0.013868413865566254,0.0204573106020689,0.014926268719136715,0.03000733256340027,0.027905011549592018,0.00677700387313962
256,1432,0.0005698761087842286,0.009335815906524658,0.0024493017699569464,0.005180285312235355,0.0033124068286269903,0.010397921316325665,0.0010273384395986795,0.01234679576009512,0.0060446597635746,0.0013347611529752612
257,1433,0.0009393812506459653,0.052089255303144455,0.00032532415934838355,0.01536412164568901,0.0018333399202674627,0.08809317648410797,9.20656748348847e-05,0.09875274449586868,0.07554402202367783,0.0030794544145464897
258,1434,5.498637165146647e-06,0.011150488629937172,0.021347811445593834,0.014746187254786491,0.00567293306812644,0.042888812720775604,0.0002484787255525589,0.04782117158174515,0.012230929918587208,0.0006362409330904484
259,1435,0.05382922664284706,0.07780894637107849,0.04560759663581848,0.07469010353088379,0.042741574347019196,0.166556254029274,0.04197922721505165,0.1159878745675087,0.1823207139968872,0.03612397611141205
260,1436,0.7797447443008423,0.8737166523933411,0.48803481459617615,0.9021918773651123,0.880021870136261,0.7086690664291382,0.4271484613418579,0.714429497718811,0.7962692379951477,0.49851906299591064
261,1437,2.0609402326954296e-06,0.0025512073189020157,0.0007946910336613655,0.0015296668279916048,0.00048469266039319336,0.007639657706022263,0.0003298554220236838,0.011751879937946796,0.00027066876646131277,0.00011945325240958482
262,1438,0.9931879043579102,0.9786251187324524,0.9674514532089233,0.9881518483161926,0.9704545140266418,0.9303426742553711,0.9994788765907288,0.9973509311676025,0.9293071031570435,0.9949475526809692
263,1439,0.02442333474755287,0.028560640290379524,0.013236554339528084,0.011633305810391903,0.01770341582596302,0.044389788061380386,0.0015999029856175184,0.03969632089138031,0.019896073266863823,0.013246061280369759
264,1440,1.09410020741052e-05,0.00032555125653743744,7.731232471996918e-05,0.0009643519297242165,0.0003486798668745905,0.003786817193031311,0.00016945453535299748,0.0035789301618933678,0.00017511093756183982,7.197486411314458e-05
265,1441,4.100823858266267e-08,0.0001263011508854106,2.7537566893443e-06,0.00028387768543325365,9.253399184672162e-06,0.0005020643584430218,7.99018664565665e-07,0.00033218818134628236,0.00021148048108443618,6.223351647349773e-07
266,1442,0.8707310557365417,0.6970796585083008,0.37214037775993347,0.30437591671943665,0.5342216491699219,0.5468473434448242,0.7200919389724731,0.5585945844650269,0.5721790790557861,0.5829077363014221
267,1443,0.16450609266757965,0.31840312480926514,0.33225777745246887,0.27595552802085876,0.31078603863716125,0.19468213617801666,0.4124271273612976,0.32486528158187866,0.39425361156463623,0.25453266501426697
268,1444,0.12389559298753738,0.23989757895469666,0.12747950851917267,0.3800235390663147,0.2562161386013031,0.21209964156150818,0.6259315609931946,0.2604668438434601,0.05632493644952774,0.11720777302980423
269,1445,8.234299002651824e-07,0.0016814107075333595,0.000831513898447156,0.0007839683094061911,6.143339851405472e-05,0.0037031813990324736,0.0014465352287515998,0.0036749718710780144,0.0003915411070920527,2.4534796466468833e-05
270,1446,0.00029719414305873215,0.0018138878513127565,0.0007010280387476087,0.002905155997723341,0.0015011616051197052,0.020368415862321854,8.159737262758426e-06,0.0036494582891464233,0.0006194235174916685,0.00044221762800589204
271,1447,0.0012951665557920933,0.07196643203496933,0.003473051358014345,0.039486922323703766,0.011414168402552605,0.09685765951871872,0.0019243108108639717,0.021496232599020004,0.022402016445994377,0.0031027381774038076
272,1448,3.7552550224972947e-07,0.00010978659702232108,2.7452653739601374e-05,0.000506142619997263,0.0002763393858913332,0.0027935903053730726,1.757069185259752e-05,0.003099294612184167,0.0016597480280324817,1.6436724763480015e-05
273,1449,0.09239622205495834,0.061957065016031265,0.14312389492988586,0.0951341986656189,0.12884846329689026,0.14768797159194946,0.22440007328987122,0.18227264285087585,0.23627969622612,0.11813725531101227
274,1450,0.004935818258672953,0.05741051211953163,0.012638960964977741,0.028785500675439835,0.02340446226298809,0.11999106407165527,0.025178274139761925,0.08599045127630234,0.06319765746593475,0.01031136978417635
275,1451,0.0014433009782806039,0.0035320643801242113,0.0004915360477752984,0.0018260247306898236,0.001275274553336203,0.011468498967587948,0.00029333645943552256,0.012399709783494473,0.0019878470338881016,0.0005158706335350871
276,1452,0.00021831488993484527,0.0017054277705028653,0.003142798552289605,0.010095884092152119,0.01888587884604931,0.02094162069261074,0.0096543924883008,0.029371239244937897,0.007722968701273203,0.004181922413408756
277,1453,0.004903064575046301,0.03649594634771347,0.00991835631430149,0.021813899278640747,0.01613716408610344,0.07773230224847794,0.00028013245901092887,0.05079656466841698,0.013597049750387669,0.006350284907966852
278,1454,0.0003492638934403658,0.01836223155260086,0.008318405598402023,0.015811512246727943,0.01274970080703497,0.07131347805261612,0.016605554148554802,0.04148975759744644,0.051288701593875885,0.01631002686917782
279,1455,0.001964505296200514,0.02023736573755741,0.01666553132236004,0.035372164100408554,0.02618052251636982,0.03899310529232025,0.010967353358864784,0.03916298598051071,0.023509835824370384,0.006535681895911694
280,1456,0.27663177251815796,0.18283790349960327,0.040884919464588165,0.10618608444929123,0.16502012312412262,0.09580695629119873,0.28499075770378113,0.22134840488433838,0.1455126404762268,0.020743194967508316
281,1457,8.918921230360866e-05,0.0014557967660948634,0.0005642601754516363,0.003443614114075899,0.0015038219280540943,0.009843431413173676,0.0004649089532904327,0.011994351632893085,0.0005284856888465583,0.0009554174030199647
282,1458,0.0002860708045773208,0.005715874023735523,0.0022241051774472,0.0054696607403457165,0.006767958868294954,0.01735525019466877,0.000723659002687782,0.014394366182386875,0.0026981118135154247,0.00773036852478981
283,1459,0.02638164907693863,0.04784225672483444,0.03482320159673691,0.10031053423881531,0.06455198675394058,0.13369499146938324,0.1255941540002823,0.11244063079357147,0.2430906444787979,0.03362857177853584
284,1460,0.44465363025665283,0.30369648337364197,0.14175960421562195,0.3598296046257019,0.14483322203159332,0.32218363881111145,0.6567178964614868,0.2796008586883545,0.19143342971801758,0.11972533166408539
285,1461,0.6263682246208191,0.5634554624557495,0.5609660148620605,0.5301473736763,0.8427383303642273,0.6359104514122009,0.8209332823753357,0.7852604985237122,0.5471756458282471,0.017642594873905182
286,1462,0.29289954900741577,0.17174561321735382,0.0399351567029953,0.3099530041217804,0.17764608561992645,0.31858089566230774,0.46008560061454773,0.18466055393218994,0.07755305618047714,0.48011842370033264
287,1463,0.00020780441991519183,0.0018887149635702372,0.0012249996652826667,0.0016297238180413842,0.0005046480218879879,0.0038130609318614006,0.0003852138470392674,0.005166699178516865,0.002115040086209774,0.00033190709655173123
288,1464,0.012731132097542286,0.04427091032266617,0.031452521681785583,0.05311854928731918,0.020619317889213562,0.23715519905090332,0.3569139242172241,0.0679643377661705,0.1879599392414093,0.03060726448893547
289,1465,1.0995782758982386e-05,0.0011250360403209925,0.0004295094695407897,0.0034560582134872675,0.000918933073990047,0.00881544966250658,0.0006105783977545798,0.008723321370780468,0.0006453527021221817,4.5071967178955674e-05
290,1466,0.025706617161631584,0.01080016978085041,0.028043461963534355,0.015751948580145836,0.0047654155641794205,0.023881930857896805,0.02823222242295742,0.03482609987258911,0.02054704912006855,0.02393106371164322
291,1467,4.936824188916944e-05,0.004741253796964884,0.0005074788350611925,0.003553032176569104,0.0040911054238677025,0.008465868420898914,0.00023435693583451211,0.01422415766865015,0.006552080623805523,0.0020131845958530903
292,1468,0.0009098371374420822,0.009894704446196556,0.0047645242884755135,0.014687546528875828,0.008365661837160587,0.0271904394030571,0.005310724023729563,0.03703511878848076,0.022140827029943466,0.0048578898422420025
293,1469,0.0187881700694561,0.05036573484539986,0.015146276913583279,0.01962115243077278,0.041018709540367126,0.08186247944831848,0.017041027545928955,0.11507933586835861,0.009255551733076572,0.018838100135326385
