,Expr-135-ep-12.pt,Expr-161-ep-9.pt,Expr-224-ep-9.pt,Expr-265-ep-8.pt,Expr-318-ep-9.pt,Expr-401-ep-5.pt,Expr-44-ep-16.pt,Expr-752-ep-10.pt,Expr-791-ep-9.pt,Expr-851-ep-11.pt
Age,0.020408185971837467,0.01700680880319505,0.017006787313085026,0.017006792178770325,-2.7166742855300186e-08,0.023809546516055158,0.013605426768867335,0.013605453124662659,0.0272108640800528,0.006802710546117252
DailyRate,0.010204109204869694,0.006802732036227277,0.006802710546117252,0.006802715411802551,-2.7166742855300186e-08,0.013605469749087384,0.010204087714759669,0.006802715411802551,-2.7166742855300186e-08,0.006802710546117252
DistanceFromHome,0.023809525025945133,0.027210885570162824,0.03061226273880524,0.013605453124662659,0.01360544825897736,0.023809546516055158,0.006802748660652003,0.034013606658598206,0.020408185971837467,0.020408185971837467
Gender,0.020408185971837467,0.013605469749087384,0.010204109204869694,0.017006792178770325,0.01360544825897736,0.006802732036227277,1.0947791895254966e-08,0.006802715411802551,0.01360544825897736,0.006802710546117252
HourlyRate,0.006802710546117252,0.006802732036227277,-2.7166742855300186e-08,0.006802715411802551,0.006802710546117252,0.013605469749087384,0.017006825427619776,0.013605453124662659,0.003401371492009586,-2.7166742855300186e-08
MonthlyIncome,0.0272108640800528,0.013605469749087384,0.017006787313085026,0.023809529891630432,0.010204109204869694,0.010204071090334943,0.023809503535835108,0.020408190837522766,0.023809525025945133,0.023809525025945133
MonthlyRate,0.020408185971837467,0.010204071090334943,0.006802710546117252,-0.003401361355165222,0.006802710546117252,0.013605469749087384,0.0034013500018995613,0.010204054465910217,0.010204109204869694,0.0272108640800528
OverTime,0.05442175532684845,0.04761903910409837,0.03741494084702057,0.051020421138426086,0.04761907721863312,0.057823115871066144,0.05782313249549087,0.051020421138426086,0.05102041627274079,0.034013601792912906
PercentSalaryHike,0.006802710546117252,0.006802732036227277,-0.0034013662208505213,0.0034013763576948852,0.003401371492009586,-5.676632830464712e-09,0.010204087714759669,-2.230105755618439e-08,-0.0034013662208505213,0.006802710546117252
PerformanceRating,0.006802710546117252,0.0034013333774748356,0.003401371492009586,-2.230105755618439e-08,0.006802710546117252,-5.676632830464712e-09,1.0947791895254966e-08,-0.003401361355165222,0.003401371492009586,0.003401371492009586
TotalWorkingYears,0.010204109204869694,0.0034013333774748356,-2.7166742855300186e-08,0.0034013763576948852,0.003401371492009586,0.013605469749087384,0.006802748660652003,0.010204054465910217,0.006802710546117252,0.006802710546117252
YearsAtCompany,0.006802710546117252,0.006802732036227277,-2.7166742855300186e-08,0.006802715411802551,0.003401371492009586,-5.676632830464712e-09,0.0034013500018995613,0.006802715411802551,0.020408185971837467,0.006802710546117252
YearsInCurrentRole,0.017006787313085026,0.006802732036227277,0.023809525025945133,0.020408190837522766,0.01360544825897736,0.020408147857302716,0.023809503535835108,0.013605453124662659,0.003401371492009586,0.01360544825897736
YearsSinceLastPromotion,0.017006787313085026,0.020408147857302716,0.003401371492009586,0.020408190837522766,0.020408185971837467,0.020408147857302716,0.013605426768867335,0.020408190837522766,0.020408185971837467,0.010204109204869694
YearsWithCurrManager,0.023809525025945133,0.023809546516055158,0.03741494084702057,0.03061226760449054,0.010204109204869694,0.027210885570162824,0.010204087714759669,0.034013606658598206,0.034013601792912906,0.0272108640800528
BusinessTravel_Non-Travel,0.017006787313085026,0.010204071090334943,0.003401371492009586,0.0034013763576948852,0.006802710546117252,0.006802732036227277,0.010204087714759669,-2.230105755618439e-08,0.003401371492009586,0.003401371492009586
BusinessTravel_Travel_Frequently,0.006802710546117252,0.006802732036227277,0.017006787313085026,0.010204054465910217,0.010204109204869694,0.0034013333774748356,0.020408164481727442,0.0034013763576948852,0.020408185971837467,0.010204109204869694
BusinessTravel_Travel_Rarely,0.003401371492009586,-5.676632830464712e-09,0.003401371492009586,0.010204054465910217,0.006802710546117252,0.0034013333774748356,0.0034013500018995613,0.006802715411802551,-2.7166742855300186e-08,0.010204109204869694
Department_Human Resources,-0.006802705274958187,-5.676632830464712e-09,-2.7166742855300186e-08,-2.230105755618439e-08,-2.7166742855300186e-08,-5.676632830464712e-09,-0.006802726765068212,-0.003401361355165222,-2.7166742855300186e-08,-2.7166742855300186e-08
Department_Research & Development,0.010204109204869694,0.020408147857302716,0.010204109204869694,0.023809529891630432,0.017006787313085026,0.013605469749087384,0.006802748660652003,-2.230105755618439e-08,0.01360544825897736,0.006802710546117252
Department_Sales,0.020408185971837467,0.006802732036227277,0.01360544825897736,0.010204054465910217,-2.7166742855300186e-08,0.006802732036227277,1.0947791895254966e-08,-0.01020409906802533,0.010204109204869694,0.003401371492009586
EducationField_Human Resources,0.003401371492009586,-5.676632830464712e-09,-2.7166742855300186e-08,-2.230105755618439e-08,-2.7166742855300186e-08,-5.676632830464712e-09,0.0034013500018995613,-0.003401361355165222,0.003401371492009586,-2.7166742855300186e-08
EducationField_Life Sciences,0.003401371492009586,0.013605469749087384,0.003401371492009586,0.006802715411802551,0.006802710546117252,0.006802732036227277,1.0947791895254966e-08,0.010204054465910217,0.006802710546117252,-2.7166742855300186e-08
EducationField_Marketing,0.010204109204869694,0.0034013333774748356,0.006802710546117252,0.006802715411802551,0.003401371492009586,0.006802732036227277,0.006802748660652003,-2.230105755618439e-08,0.003401371492009586,-2.7166742855300186e-08
EducationField_Medical,0.006802710546117252,0.013605469749087384,0.01360544825897736,0.013605453124662659,0.003401371492009586,0.006802732036227277,0.010204087714759669,0.006802715411802551,0.006802710546117252,0.003401371492009586
EducationField_Other,-0.006802705274958187,-5.676632830464712e-09,-2.7166742855300186e-08,-2.230105755618439e-08,-2.7166742855300186e-08,-5.676632830464712e-09,0.0034013500018995613,-2.230105755618439e-08,-2.7166742855300186e-08,-2.7166742855300186e-08
EducationField_Technical Degree,0.003401371492009586,0.006802732036227277,-2.7166742855300186e-08,0.0034013763576948852,0.01360544825897736,0.010204071090334943,0.017006825427619776,0.013605453124662659,0.010204109204869694,0.010204109204869694
JobRole_Healthcare Representative,0.006802710546117252,-5.676632830464712e-09,0.003401371492009586,-2.230105755618439e-08,0.010204109204869694,-0.0034013447307404965,-0.006802726765068212,-2.230105755618439e-08,-2.7166742855300186e-08,0.003401371492009586
JobRole_Human Resources,-0.0034013662208505213,-5.676632830464712e-09,-2.7166742855300186e-08,-2.230105755618439e-08,-2.7166742855300186e-08,-5.676632830464712e-09,1.0947791895254966e-08,-2.230105755618439e-08,-2.7166742855300186e-08,-2.7166742855300186e-08
JobRole_Laboratory Technician,0.003401371492009586,0.006802732036227277,0.006802710546117252,-0.003401361355165222,-0.006802705274958187,0.010204071090334943,0.010204087714759669,0.006802715411802551,-0.0034013662208505213,-0.0034013662208505213
JobRole_Manager,0.003401371492009586,-5.676632830464712e-09,0.003401371492009586,-2.230105755618439e-08,0.003401371492009586,-0.0034013447307404965,1.0947791895254966e-08,-2.230105755618439e-08,0.006802710546117252,0.003401371492009586
JobRole_Manufacturing Director,-2.7166742855300186e-08,0.0034013333774748356,-2.7166742855300186e-08,-2.230105755618439e-08,-2.7166742855300186e-08,-0.0034013447307404965,-0.003401387710960546,-0.003401361355165222,-2.7166742855300186e-08,0.003401371492009586
JobRole_Research Director,-2.7166742855300186e-08,-5.676632830464712e-09,-2.7166742855300186e-08,-2.230105755618439e-08,-2.7166742855300186e-08,-5.676632830464712e-09,0.006802748660652003,0.0034013763576948852,0.01360544825897736,-2.7166742855300186e-08
JobRole_Research Scientist,0.006802710546117252,0.006802732036227277,0.006802710546117252,0.010204054465910217,-2.7166742855300186e-08,0.01700680880319505,0.006802748660652003,0.010204054465910217,0.003401371492009586,0.010204109204869694
JobRole_Sales Executive,0.003401371492009586,0.010204071090334943,0.010204109204869694,0.017006792178770325,0.010204109204869694,0.0034013333774748356,0.010204087714759669,0.010204054465910217,0.01360544825897736,-2.7166742855300186e-08
JobRole_Sales Representative,-2.7166742855300186e-08,-5.676632830464712e-09,-2.7166742855300186e-08,-2.230105755618439e-08,-2.7166742855300186e-08,-5.676632830464712e-09,1.0947791895254966e-08,-2.230105755618439e-08,0.003401371492009586,-2.7166742855300186e-08
MaritalStatus_Divorced,-2.7166742855300186e-08,0.013605469749087384,0.006802710546117252,0.010204054465910217,0.01360544825897736,-5.676632830464712e-09,1.0947791895254966e-08,0.006802715411802551,0.010204109204869694,0.01360544825897736
MaritalStatus_Married,0.017006787313085026,0.006802732036227277,0.003401371492009586,0.0034013763576948852,0.017006787313085026,-5.676632830464712e-09,0.006802748660652003,0.0034013763576948852,0.006802710546117252,-2.7166742855300186e-08
MaritalStatus_Single,0.01360544825897736,0.006802732036227277,0.006802710546117252,0.006802715411802551,0.010204109204869694,0.010204071090334943,-0.003401387710960546,0.0034013763576948852,0.003401371492009586,0.010204109204869694
Education_1,-0.0034013662208505213,0.0034013333774748356,0.006802710546117252,0.006802715411802551,-2.7166742855300186e-08,-0.0034013447307404965,0.006802748660652003,0.0034013763576948852,0.010204109204869694,0.006802710546117252
Education_2,-0.0034013662208505213,0.0034013333774748356,0.003401371492009586,0.0034013763576948852,0.003401371492009586,-5.676632830464712e-09,-0.003401387710960546,0.0034013763576948852,-2.7166742855300186e-08,-0.0034013662208505213
Education_3,-2.7166742855300186e-08,0.01700680880319505,-2.7166742855300186e-08,0.0034013763576948852,-0.0034013662208505213,-5.676632830464712e-09,0.006802748660652003,0.0034013763576948852,0.003401371492009586,0.003401371492009586
Education_4,-2.7166742855300186e-08,0.006802732036227277,0.003401371492009586,0.006802715411802551,0.003401371492009586,0.0034013333774748356,1.0947791895254966e-08,0.0034013763576948852,0.003401371492009586,0.006802710546117252
Education_5,-2.7166742855300186e-08,-5.676632830464712e-09,-2.7166742855300186e-08,-0.006802700409272888,-0.0034013662208505213,-5.676632830464712e-09,1.0947791895254966e-08,-0.003401361355165222,-2.7166742855300186e-08,-2.7166742855300186e-08
RelationshipSatisfaction_1,0.020408185971837467,0.023809546516055158,0.006802710546117252,0.013605453124662659,0.010204109204869694,0.0034013333774748356,1.0947791895254966e-08,0.013605453124662659,0.006802710546117252,-0.0034013662208505213
RelationshipSatisfaction_2,0.006802710546117252,0.0034013333774748356,0.003401371492009586,0.006802715411802551,0.003401371492009586,-5.676632830464712e-09,0.0034013500018995613,-2.230105755618439e-08,0.006802710546117252,0.003401371492009586
RelationshipSatisfaction_3,0.010204109204869694,0.020408147857302716,0.010204109204869694,0.020408190837522766,0.017006787313085026,0.0034013333774748356,0.0034013500018995613,-0.003401361355165222,0.006802710546117252,0.003401371492009586
RelationshipSatisfaction_4,0.010204109204869694,0.0034013333774748356,0.010204109204869694,0.017006792178770325,0.006802710546117252,0.0034013333774748356,0.006802748660652003,0.0034013763576948852,-0.0034013662208505213,0.003401371492009586
StockOptionLevel_0,0.010204109204869694,0.020408147857302716,-2.7166742855300186e-08,0.020408190837522766,-0.006802705274958187,0.013605469749087384,0.006802748660652003,0.013605453124662659,0.006802710546117252,-2.7166742855300186e-08
StockOptionLevel_1,0.017006787313085026,0.01700680880319505,0.010204109204869694,0.020408190837522766,-2.7166742855300186e-08,0.013605469749087384,0.006802748660652003,0.020408190837522766,-2.7166742855300186e-08,0.006802710546117252
StockOptionLevel_2,-2.7166742855300186e-08,0.006802732036227277,0.003401371492009586,0.006802715411802551,-2.7166742855300186e-08,0.010204071090334943,0.006802748660652003,0.006802715411802551,0.003401371492009586,0.006802710546117252
StockOptionLevel_3,0.003401371492009586,-5.676632830464712e-09,-2.7166742855300186e-08,-2.230105755618439e-08,-0.006802705274958187,-5.676632830464712e-09,0.0034013500018995613,-0.003401361355165222,0.003401371492009586,-2.7166742855300186e-08
TrainingTimesLastYear_0,0.01360544825897736,-5.676632830464712e-09,-2.7166742855300186e-08,-2.230105755618439e-08,0.003401371492009586,0.0034013333774748356,0.0034013500018995613,0.0034013763576948852,-2.7166742855300186e-08,0.003401371492009586
TrainingTimesLastYear_1,-2.7166742855300186e-08,-5.676632830464712e-09,-2.7166742855300186e-08,-2.230105755618439e-08,-0.0034013662208505213,-5.676632830464712e-09,1.0947791895254966e-08,-2.230105755618439e-08,-2.7166742855300186e-08,-2.7166742855300186e-08
TrainingTimesLastYear_2,0.006802710546117252,0.006802732036227277,0.003401371492009586,-2.230105755618439e-08,-2.7166742855300186e-08,-5.676632830464712e-09,0.006802748660652003,0.010204054465910217,0.003401371492009586,-2.7166742855300186e-08
TrainingTimesLastYear_3,-2.7166742855300186e-08,0.006802732036227277,0.006802710546117252,0.006802715411802551,0.003401371492009586,0.006802732036227277,1.0947791895254966e-08,-2.230105755618439e-08,-2.7166742855300186e-08,0.006802710546117252
TrainingTimesLastYear_4,0.003401371492009586,-5.676632830464712e-09,-0.0034013662208505213,0.006802715411802551,-2.7166742855300186e-08,0.0034013333774748356,1.0947791895254966e-08,-2.230105755618439e-08,-2.7166742855300186e-08,-2.7166742855300186e-08
TrainingTimesLastYear_5,-2.7166742855300186e-08,-5.676632830464712e-09,0.003401371492009586,0.006802715411802551,-2.7166742855300186e-08,0.0034013333774748356,1.0947791895254966e-08,-2.230105755618439e-08,-2.7166742855300186e-08,-2.7166742855300186e-08
TrainingTimesLastYear_6,0.003401371492009586,0.006802732036227277,0.003401371492009586,-2.230105755618439e-08,-2.7166742855300186e-08,-0.0034013447307404965,0.0034013500018995613,0.0034013763576948852,-2.7166742855300186e-08,0.003401371492009586
WorkLifeBalance_1,-2.7166742855300186e-08,0.0034013333774748356,-0.010204103933710629,0.0034013763576948852,-2.7166742855300186e-08,0.006802732036227277,-0.003401387710960546,0.006802715411802551,0.003401371492009586,-2.7166742855300186e-08
WorkLifeBalance_2,0.006802710546117252,0.010204071090334943,0.003401371492009586,0.0034013763576948852,0.006802710546117252,-0.0034013447307404965,0.006802748660652003,0.0034013763576948852,-0.0034013662208505213,0.006802710546117252
WorkLifeBalance_3,0.01360544825897736,0.010204071090334943,0.010204109204869694,0.013605453124662659,0.020408185971837467,0.010204071090334943,0.0034013500018995613,0.017006792178770325,0.017006787313085026,-2.7166742855300186e-08
WorkLifeBalance_4,-2.7166742855300186e-08,-5.676632830464712e-09,0.006802710546117252,0.0034013763576948852,0.003401371492009586,-5.676632830464712e-09,-0.003401387710960546,0.006802715411802551,0.003401371492009586,0.006802710546117252
EnvironmentSatisfaction_1,-2.7166742855300186e-08,0.023809546516055158,0.010204109204869694,0.017006792178770325,0.003401371492009586,0.013605469749087384,0.017006825427619776,0.013605453124662659,0.006802710546117252,0.020408185971837467
EnvironmentSatisfaction_2,-0.0034013662208505213,0.0034013333774748356,0.003401371492009586,0.0034013763576948852,-2.7166742855300186e-08,0.0034013333774748356,0.006802748660652003,-2.230105755618439e-08,-2.7166742855300186e-08,-2.7166742855300186e-08
EnvironmentSatisfaction_3,0.003401371492009586,0.013605469749087384,0.017006787313085026,0.010204054465910217,0.003401371492009586,-5.676632830464712e-09,0.006802748660652003,0.006802715411802551,-0.0034013662208505213,0.003401371492009586
EnvironmentSatisfaction_4,0.040816339505773014,0.020408147857302716,0.020408185971837467,0.03061226760449054,0.003401371492009586,0.013605469749087384,0.02721090219458755,0.03061226760449054,0.023809525025945133,0.023809525025945133
JobInvolvement_1,0.01360544825897736,0.006802732036227277,0.01360544825897736,0.010204054465910217,0.003401371492009586,0.010204071090334943,0.0034013500018995613,0.010204054465910217,0.003401371492009586,0.017006787313085026
JobInvolvement_2,-0.0034013662208505213,-5.676632830464712e-09,-0.0034013662208505213,-2.230105755618439e-08,-2.7166742855300186e-08,-5.676632830464712e-09,0.006802748660652003,-0.003401361355165222,-2.7166742855300186e-08,0.003401371492009586
JobInvolvement_3,0.006802710546117252,0.01700680880319505,0.006802710546117252,0.020408190837522766,-2.7166742855300186e-08,0.01700680880319505,1.0947791895254966e-08,0.010204054465910217,0.006802710546117252,0.020408185971837467
JobInvolvement_4,0.006802710546117252,0.0034013333774748356,0.003401371492009586,-0.003401361355165222,-0.0034013662208505213,-5.676632830464712e-09,0.006802748660652003,0.010204054465910217,-2.7166742855300186e-08,0.006802710546117252
JobLevel_1,0.003401371492009586,-5.676632830464712e-09,-2.7166742855300186e-08,0.006802715411802551,0.01360544825897736,0.0034013333774748356,0.006802748660652003,0.010204054465910217,-2.7166742855300186e-08,0.003401371492009586
JobLevel_2,0.023809525025945133,0.006802732036227277,-2.7166742855300186e-08,0.006802715411802551,-2.7166742855300186e-08,0.0034013333774748356,0.006802748660652003,0.006802715411802551,0.010204109204869694,0.006802710546117252
JobLevel_3,-2.7166742855300186e-08,0.010204071090334943,0.006802710546117252,0.013605453124662659,-0.0034013662208505213,-0.0034013447307404965,0.0034013500018995613,-2.230105755618439e-08,-2.7166742855300186e-08,0.006802710546117252
JobLevel_4,-2.7166742855300186e-08,0.0034013333774748356,-2.7166742855300186e-08,-2.230105755618439e-08,0.003401371492009586,0.0034013333774748356,0.006802748660652003,-2.230105755618439e-08,-0.0034013662208505213,0.003401371492009586
JobLevel_5,-2.7166742855300186e-08,-5.676632830464712e-09,-2.7166742855300186e-08,-2.230105755618439e-08,-2.7166742855300186e-08,-5.676632830464712e-09,1.0947791895254966e-08,-2.230105755618439e-08,-2.7166742855300186e-08,-2.7166742855300186e-08
JobSatisfaction_1,0.006802710546117252,0.01700680880319505,-2.7166742855300186e-08,0.0034013763576948852,0.017006787313085026,-5.676632830464712e-09,0.0034013500018995613,0.006802715411802551,0.010204109204869694,0.003401371492009586
JobSatisfaction_2,-0.0034013662208505213,0.0034013333774748356,0.003401371492009586,0.0034013763576948852,0.003401371492009586,-5.676632830464712e-09,1.0947791895254966e-08,0.0034013763576948852,-2.7166742855300186e-08,0.003401371492009586
JobSatisfaction_3,-2.7166742855300186e-08,0.006802732036227277,-2.7166742855300186e-08,-2.230105755618439e-08,0.003401371492009586,-0.0034013447307404965,1.0947791895254966e-08,-2.230105755618439e-08,0.003401371492009586,-2.7166742855300186e-08
JobSatisfaction_4,0.017006787313085026,0.010204071090334943,0.006802710546117252,0.017006792178770325,0.006802710546117252,0.0034013333774748356,0.02721090219458755,0.010204054465910217,0.01360544825897736,0.010204109204869694
NumCompaniesWorked_0,0.01360544825897736,0.013605469749087384,0.006802710546117252,0.006802715411802551,0.010204109204869694,0.013605469749087384,0.017006825427619776,0.010204054465910217,0.010204109204869694,0.010204109204869694
NumCompaniesWorked_1,0.010204109204869694,0.01700680880319505,0.01360544825897736,0.023809529891630432,0.017006787313085026,0.0034013333774748356,0.013605426768867335,0.013605453124662659,0.006802710546117252,0.006802710546117252
NumCompaniesWorked_2,-0.0034013662208505213,0.0034013333774748356,0.003401371492009586,0.0034013763576948852,0.006802710546117252,0.0034013333774748356,0.0034013500018995613,0.006802715411802551,0.003401371492009586,-2.7166742855300186e-08
NumCompaniesWorked_3,0.010204109204869694,0.0034013333774748356,0.006802710546117252,0.0034013763576948852,-2.7166742855300186e-08,0.010204071090334943,0.006802748660652003,0.006802715411802551,0.006802710546117252,-2.7166742855300186e-08
NumCompaniesWorked_4,-0.006802705274958187,-5.676632830464712e-09,-2.7166742855300186e-08,-2.230105755618439e-08,0.003401371492009586,0.006802732036227277,1.0947791895254966e-08,0.0034013763576948852,-2.7166742855300186e-08,0.003401371492009586
NumCompaniesWorked_5,-2.7166742855300186e-08,-5.676632830464712e-09,0.003401371492009586,0.006802715411802551,0.003401371492009586,0.0034013333774748356,0.010204087714759669,0.006802715411802551,0.006802710546117252,0.003401371492009586
NumCompaniesWorked_6,-0.006802705274958187,0.0034013333774748356,0.003401371492009586,0.0034013763576948852,0.003401371492009586,-5.676632830464712e-09,1.0947791895254966e-08,0.006802715411802551,-2.7166742855300186e-08,0.003401371492009586
NumCompaniesWorked_7,0.003401371492009586,0.006802732036227277,0.006802710546117252,-2.230105755618439e-08,-2.7166742855300186e-08,0.0034013333774748356,0.0034013500018995613,0.0034013763576948852,-2.7166742855300186e-08,-2.7166742855300186e-08
NumCompaniesWorked_8,0.003401371492009586,-5.676632830464712e-09,-2.7166742855300186e-08,-2.230105755618439e-08,-2.7166742855300186e-08,-5.676632830464712e-09,0.006802748660652003,-2.230105755618439e-08,-2.7166742855300186e-08,-2.7166742855300186e-08
NumCompaniesWorked_9,-0.0034013662208505213,0.006802732036227277,-2.7166742855300186e-08,-2.230105755618439e-08,0.006802710546117252,0.0034013333774748356,0.006802748660652003,0.0034013763576948852,0.006802710546117252,0.003401371492009586
