,Expr-111-ep-0.pt,Expr-119-ep-0.pt,Expr-120-ep-0.pt,Expr-133-ep-0.pt,Expr-148-ep-0.pt,Expr-149-ep-0.pt,Expr-15-ep-0.pt,Expr-159-ep-0.pt,Expr-16-ep-0.pt,Expr-162-ep-0.pt,Expr-164-ep-0.pt,Expr-172-ep-0.pt,Expr-173-ep-0.pt,Expr-175-ep-0.pt,Expr-188-ep-0.pt,Expr-193-ep-0.pt,Expr-200-ep-0.pt,Expr-21-ep-0.pt,Expr-222-ep-0.pt,Expr-253-ep-0.pt,Expr-261-ep-0.pt,Expr-263-ep-0.pt,Expr-276-ep-0.pt,Expr-279-ep-0.pt,Expr-294-ep-0.pt,Expr-315-ep-0.pt,Expr-319-ep-0.pt,Expr-32-ep-0.pt,Expr-334-ep-0.pt,Expr-34-ep-0.pt,Expr-342-ep-0.pt,Expr-347-ep-0.pt,Expr-348-ep-0.pt,Expr-35-ep-0.pt,Expr-358-ep-0.pt,Expr-380-ep-0.pt,Expr-382-ep-0.pt,Expr-386-ep-0.pt,Expr-393-ep-0.pt,Expr-415-ep-0.pt,Expr-429-ep-0.pt,Expr-468-ep-0.pt,Expr-476-ep-0.pt,Expr-477-ep-0.pt,Expr-48-ep-0.pt,Expr-485-ep-0.pt,Expr-502-ep-0.pt,Expr-514-ep-0.pt,Expr-519-ep-0.pt,Expr-521-ep-0.pt,Expr-528-ep-0.pt,Expr-537-ep-0.pt,Expr-590-ep-0.pt,Expr-592-ep-0.pt,Expr-596-ep-0.pt,Expr-61-ep-0.pt,Expr-610-ep-0.pt,Expr-616-ep-0.pt,Expr-619-ep-0.pt,Expr-625-ep-0.pt,Expr-626-ep-0.pt,Expr-633-ep-0.pt,Expr-634-ep-0.pt,Expr-66-ep-0.pt,Expr-667-ep-0.pt,Expr-672-ep-0.pt,Expr-673-ep-0.pt,Expr-677-ep-0.pt,Expr-70-ep-0.pt,Expr-720-ep-0.pt,Expr-722-ep-0.pt,Expr-737-ep-0.pt,Expr-758-ep-0.pt,Expr-76-ep-0.pt,Expr-77-ep-0.pt,Expr-782-ep-0.pt,Expr-783-ep-0.pt,Expr-79-ep-0.pt,Expr-792-ep-0.pt,Expr-797-ep-0.pt,Expr-80-ep-0.pt,Expr-804-ep-0.pt,Expr-806-ep-0.pt,Expr-809-ep-0.pt,Expr-820-ep-0.pt,Expr-824-ep-0.pt,Expr-828-ep-0.pt,Expr-844-ep-0.pt,Expr-850-ep-0.pt,Expr-852-ep-0.pt,Expr-854-ep-0.pt,Expr-861-ep-0.pt,Expr-868-ep-0.pt,Expr-87-ep-0.pt,Expr-88-ep-0.pt,Expr-899-ep-0.pt,Expr-924-ep-0.pt,Expr-931-ep-0.pt,Expr-935-ep-0.pt,Expr-937-ep-0.pt,Expr-94-ep-0.pt,Expr-941-ep-0.pt,Expr-959-ep-0.pt,Expr-969-ep-0.pt,Expr-987-ep-0.pt,Expr-994-ep-0.pt,Expr-997-ep-0.pt
5965,0.2848,0.2943,0.2578,0.2243,0.3017,0.2609,0.2809,0.2992,0.305,0.293,0.2385,0.246,0.3067,0.246,0.3089,0.2841,0.2778,0.2308,0.2614,0.3119,0.3462,0.2343,0.2166,0.213,0.2471,0.2988,0.2947,0.3013,0.3535,0.2638,0.2824,0.3228,0.2452,0.2755,0.2668,0.338,0.2649,0.2943,0.2668,0.3089,0.273,0.275,0.2622,0.2548,0.3886,0.2933,0.2918,0.2912,0.2391,0.2377,0.2441,0.2312,0.348,0.2736,0.3724,0.2642,0.2375,0.2718,0.2432,0.2847,0.239,0.2167,0.2558,0.294,0.2761,0.2531,0.2743,0.257,0.3467,0.2551,0.3204,0.3015,0.212,0.3278,0.2815,0.3234,0.2185,0.3023,0.2798,0.2724,0.3138,0.2484,0.2961,0.242,0.2324,0.2451,0.2459,0.2785,0.2481,0.2733,0.2576,0.2427,0.3101,0.2416,0.2795,0.2793,0.3038,0.2184,0.3019,0.2321,0.3299,0.2483,0.2398,0.2244,0.2652,0.2613,0.3183
5743,0.5469,0.5554,0.5788,0.618,0.5034,0.5792,0.5229,0.5792,0.5521,0.5663,0.5338,0.5756,0.5515,0.568,0.5687,0.5752,0.5802,0.5262,0.6011,0.5851,0.5132,0.5946,0.6148,0.5298,0.5561,0.5393,0.5166,0.5594,0.5475,0.5387,0.5292,0.5171,0.5701,0.5494,0.5351,0.5287,0.6209,0.5343,0.5763,0.5355,0.6067,0.5873,0.5537,0.5854,0.5376,0.5453,0.5461,0.5833,0.5893,0.5649,0.5589,0.5568,0.5366,0.5489,0.5274,0.5609,0.597,0.5951,0.5848,0.5481,0.5486,0.5433,0.6059,0.5355,0.5231,0.6035,0.5539,0.5597,0.5412,0.548,0.5433,0.5673,0.6023,0.5192,0.611,0.5584,0.5864,0.5133,0.5365,0.5562,0.5463,0.5991,0.5405,0.5434,0.5771,0.5758,0.5411,0.5862,0.6262,0.5598,0.6074,0.5467,0.5433,0.6057,0.5937,0.5487,0.5107,0.569,0.5552,0.5734,0.5452,0.5431,0.6143,0.5988,0.5674,0.5835,0.514
5773,0.2691,0.3023,0.2222,0.2865,0.234,0.2654,0.2407,0.3602,0.2716,0.2497,0.2197,0.2673,0.3,0.2388,0.2865,0.2643,0.2762,0.2541,0.2699,0.2465,0.2813,0.2771,0.2658,0.259,0.2771,0.2555,0.2533,0.2778,0.2681,0.2588,0.2861,0.2671,0.2522,0.2801,0.2567,0.2814,0.2913,0.2572,0.2575,0.2948,0.259,0.2446,0.2525,0.2628,0.2929,0.2534,0.2886,0.2862,0.2752,0.261,0.2521,0.2177,0.3044,0.257,0.3115,0.2654,0.2612,0.2493,0.2715,0.2631,0.2481,0.2499,0.3057,0.2504,0.2392,0.2733,0.2587,0.253,0.3097,0.258,0.2925,0.2914,0.3198,0.2763,0.2645,0.2859,0.2861,0.2563,0.2453,0.2625,0.2832,0.2518,0.2799,0.2387,0.2641,0.2567,0.2413,0.2816,0.3038,0.2636,0.281,0.2465,0.2608,0.2947,0.235,0.2846,0.2874,0.2622,0.2611,0.2743,0.2872,0.2489,0.2957,0.2719,0.2547,0.2623,0.26
5435,0.8099,0.8129,0.6832,0.7172,0.7149,0.655,0.7649,0.6029,0.7078,0.7169,0.7039,0.7374,0.7902,0.7533,0.7917,0.7122,0.6523,0.7635,0.6628,0.6922,0.7197,0.6888,0.6851,0.7362,0.6646,0.736,0.6818,0.6932,0.6828,0.714,0.7341,0.7171,0.6704,0.743,0.7261,0.7914,0.7274,0.782,0.6587,0.759,0.7021,0.6805,0.7042,0.6837,0.7994,0.7784,0.7046,0.8214,0.6985,0.6558,0.6617,0.7406,0.743,0.7077,0.7312,0.6759,0.7112,0.6627,0.7214,0.6842,0.7268,0.6649,0.6873,0.6864,0.7037,0.6712,0.6825,0.7064,0.7523,0.7481,0.6813,0.7028,0.6539,0.7102,0.7047,0.846,0.6973,0.8648,0.6951,0.7106,0.6942,0.6925,0.7618,0.6981,0.7103,0.6754,0.6753,0.6721,0.6901,0.7055,0.706,0.6808,0.7835,0.6382,0.7142,0.6681,0.7586,0.7346,0.692,0.694,0.8257,0.69,0.6634,0.6951,0.6785,0.7391,0.7334
5333,0.3923,0.3937,0.3335,0.3371,0.3949,0.374,0.388,0.3683,0.4176,0.4198,0.3272,0.3207,0.3635,0.3496,0.3945,0.3874,0.3984,0.3332,0.3872,0.4233,0.4057,0.3652,0.3173,0.3073,0.374,0.4005,0.3818,0.4039,0.4359,0.3491,0.3955,0.3986,0.3405,0.3782,0.3638,0.4261,0.3704,0.4053,0.3938,0.428,0.4203,0.3692,0.3507,0.3685,0.4642,0.3746,0.3699,0.3882,0.3197,0.3195,0.3238,0.3422,0.4012,0.3576,0.4335,0.359,0.3485,0.4106,0.3517,0.3739,0.3043,0.2966,0.3755,0.3741,0.3912,0.3874,0.381,0.3505,0.4368,0.3404,0.4031,0.4028,0.3491,0.4358,0.3888,0.4057,0.3395,0.3863,0.3608,0.3923,0.4129,0.3544,0.4116,0.3295,0.3136,0.3339,0.3365,0.3972,0.355,0.3929,0.3769,0.3252,0.4108,0.3613,0.3889,0.3854,0.4061,0.3205,0.37,0.3665,0.4288,0.3382,0.3106,0.2969,0.3686,0.377,0.4048
6152,0.422,0.4158,0.4383,0.4932,0.3431,0.4818,0.3797,0.4761,0.4096,0.4232,0.3711,0.4104,0.4005,0.4028,0.4239,0.3943,0.479,0.4159,0.469,0.3895,0.3904,0.4631,0.4617,0.4031,0.4657,0.4084,0.3831,0.3963,0.4027,0.4438,0.3989,0.4083,0.4591,0.4148,0.3481,0.4033,0.4452,0.3979,0.4282,0.4268,0.4824,0.4273,0.376,0.4579,0.3814,0.4164,0.4203,0.4187,0.4706,0.4378,0.4605,0.4013,0.4128,0.4384,0.4023,0.43,0.4192,0.4735,0.4628,0.4106,0.3948,0.4047,0.4947,0.395,0.3794,0.489,0.4104,0.4046,0.4244,0.4154,0.3875,0.4085,0.4842,0.3647,0.4098,0.4203,0.4835,0.3586,0.3672,0.4568,0.3813,0.477,0.428,0.4029,0.4111,0.4357,0.4475,0.4399,0.4889,0.4338,0.476,0.454,0.3766,0.4896,0.424,0.4392,0.4014,0.3643,0.4122,0.4443,0.4227,0.4014,0.4911,0.4337,0.4259,0.4159,0.3758
5486,0.2691,0.3023,0.2222,0.2865,0.234,0.2654,0.2407,0.3602,0.2716,0.2497,0.2197,0.2673,0.3,0.2388,0.2865,0.2643,0.2762,0.2541,0.2699,0.2465,0.2813,0.2771,0.2658,0.259,0.2771,0.2555,0.2533,0.2778,0.2681,0.2588,0.2861,0.2671,0.2522,0.2801,0.2567,0.2814,0.2913,0.2572,0.2575,0.2948,0.259,0.2446,0.2525,0.2628,0.2929,0.2534,0.2886,0.2862,0.2752,0.261,0.2521,0.2177,0.3044,0.257,0.3115,0.2654,0.2612,0.2493,0.2715,0.2631,0.2481,0.2499,0.3057,0.2504,0.2392,0.2733,0.2587,0.253,0.3097,0.258,0.2925,0.2914,0.3198,0.2763,0.2645,0.2859,0.2861,0.2563,0.2453,0.2625,0.2832,0.2518,0.2799,0.2387,0.2641,0.2567,0.2413,0.2816,0.3038,0.2636,0.281,0.2465,0.2608,0.2947,0.235,0.2846,0.2874,0.2622,0.2611,0.2743,0.2872,0.2489,0.2957,0.2719,0.2547,0.2623,0.26
5001,0.2341,0.2476,0.1566,0.2239,0.1921,0.1984,0.2228,0.3005,0.212,0.1941,0.1643,0.1988,0.2455,0.1872,0.2294,0.2081,0.212,0.1897,0.2278,0.1971,0.2407,0.2287,0.2111,0.1959,0.2018,0.2162,0.1975,0.2227,0.2165,0.2165,0.2441,0.2274,0.1858,0.2258,0.199,0.2533,0.2382,0.231,0.1969,0.2597,0.1875,0.198,0.1892,0.2037,0.2553,0.2093,0.2069,0.2402,0.2252,0.1841,0.1765,0.1794,0.2662,0.2082,0.2791,0.1899,0.2197,0.2039,0.2153,0.2117,0.2048,0.1748,0.2516,0.1961,0.1914,0.1981,0.1984,0.1934,0.2897,0.2091,0.2272,0.2375,0.2285,0.2363,0.214,0.2542,0.2074,0.2344,0.2063,0.1942,0.2253,0.2023,0.233,0.1848,0.2028,0.1835,0.1834,0.2349,0.2335,0.2039,0.2288,0.1886,0.2209,0.2278,0.1744,0.193,0.2461,0.209,0.2189,0.218,0.2732,0.1919,0.2257,0.2129,0.203,0.1928,0.2214
5862,0.1941,0.2166,0.1149,0.1678,0.1409,0.121,0.1371,0.2718,0.1371,0.1388,0.1313,0.1559,0.1947,0.1297,0.1887,0.1464,0.1556,0.147,0.1466,0.1202,0.1796,0.1644,0.153,0.1673,0.1383,0.1376,0.1515,0.1556,0.1495,0.1476,0.162,0.1607,0.1149,0.1564,0.1559,0.1995,0.1564,0.1622,0.135,0.181,0.1219,0.1153,0.152,0.1493,0.226,0.1673,0.1654,0.1794,0.1843,0.1545,0.1261,0.1455,0.2107,0.1298,0.227,0.1358,0.1707,0.1174,0.1741,0.1357,0.1583,0.1598,0.1778,0.1519,0.1413,0.1375,0.1423,0.1241,0.1805,0.1573,0.1818,0.1626,0.1502,0.1552,0.1427,0.1846,0.1644,0.2263,0.1453,0.1245,0.1508,0.1233,0.1813,0.1481,0.1421,0.1147,0.1192,0.1336,0.1564,0.1362,0.1719,0.1437,0.1629,0.1436,0.1077,0.1629,0.1649,0.1532,0.171,0.1301,0.2177,0.1444,0.1747,0.1517,0.1393,0.1746,0.1551
5429,0.5469,0.5554,0.5788,0.618,0.5034,0.5792,0.5229,0.5792,0.5521,0.5663,0.5338,0.5756,0.5515,0.568,0.5687,0.5752,0.5802,0.5262,0.6011,0.5851,0.5132,0.5946,0.6148,0.5298,0.5561,0.5393,0.5166,0.5594,0.5475,0.5387,0.5292,0.5171,0.5701,0.5494,0.5351,0.5287,0.6209,0.5343,0.5763,0.5355,0.6067,0.5873,0.5537,0.5854,0.5376,0.5453,0.5461,0.5833,0.5893,0.5649,0.5589,0.5568,0.5366,0.5489,0.5274,0.5609,0.597,0.5951,0.5848,0.5481,0.5486,0.5433,0.6059,0.5355,0.5231,0.6035,0.5539,0.5597,0.5412,0.548,0.5433,0.5673,0.6023,0.5192,0.611,0.5584,0.5864,0.5133,0.5365,0.5562,0.5463,0.5991,0.5405,0.5434,0.5771,0.5758,0.5411,0.5862,0.6262,0.5598,0.6074,0.5467,0.5433,0.6057,0.5937,0.5487,0.5107,0.569,0.5552,0.5734,0.5452,0.5431,0.6143,0.5988,0.5674,0.5835,0.514
