,Expr-103-ep-18.pt,Expr-107-ep-10.pt,Expr-121-ep-23.pt,Expr-13-ep-32.pt,Expr-130-ep-21.pt,Expr-139-ep-25.pt,Expr-143-ep-24.pt,Expr-146-ep-22.pt,Expr-147-ep-24.pt,Expr-148-ep-32.pt,Expr-15-ep-19.pt,Expr-152-ep-32.pt,Expr-153-ep-21.pt,Expr-162-ep-18.pt,Expr-166-ep-18.pt,Expr-167-ep-11.pt,Expr-168-ep-20.pt,Expr-169-ep-17.pt,Expr-176-ep-25.pt,Expr-179-ep-37.pt,Expr-181-ep-16.pt,Expr-185-ep-19.pt,Expr-188-ep-18.pt,Expr-196-ep-16.pt,Expr-20-ep-22.pt,Expr-202-ep-23.pt,Expr-206-ep-15.pt,Expr-212-ep-19.pt,Expr-213-ep-29.pt,Expr-218-ep-19.pt,Expr-221-ep-15.pt,Expr-227-ep-20.pt,Expr-231-ep-26.pt,Expr-237-ep-15.pt,Expr-241-ep-20.pt,Expr-242-ep-19.pt,Expr-25-ep-14.pt,Expr-250-ep-26.pt,Expr-266-ep-13.pt,Expr-268-ep-34.pt,Expr-269-ep-21.pt,Expr-27-ep-22.pt,Expr-271-ep-17.pt,Expr-274-ep-16.pt,Expr-275-ep-21.pt,Expr-279-ep-27.pt,Expr-287-ep-17.pt,Expr-294-ep-16.pt,Expr-299-ep-25.pt,Expr-301-ep-20.pt,Expr-305-ep-24.pt,Expr-307-ep-22.pt,Expr-318-ep-14.pt,Expr-328-ep-25.pt,Expr-331-ep-10.pt,Expr-332-ep-19.pt,Expr-333-ep-17.pt,Expr-334-ep-20.pt,Expr-339-ep-15.pt,Expr-341-ep-13.pt,Expr-347-ep-16.pt,Expr-355-ep-10.pt,Expr-369-ep-19.pt,Expr-378-ep-21.pt,Expr-39-ep-8.pt,Expr-391-ep-11.pt,Expr-407-ep-16.pt,Expr-412-ep-11.pt,Expr-419-ep-15.pt,Expr-420-ep-14.pt,Expr-43-ep-16.pt,Expr-430-ep-39.pt,Expr-435-ep-24.pt,Expr-449-ep-24.pt,Expr-450-ep-24.pt,Expr-455-ep-28.pt,Expr-467-ep-15.pt,Expr-468-ep-30.pt,Expr-469-ep-14.pt,Expr-475-ep-16.pt,Expr-478-ep-22.pt,Expr-479-ep-23.pt,Expr-481-ep-22.pt,Expr-496-ep-14.pt,Expr-506-ep-16.pt,Expr-51-ep-20.pt,Expr-514-ep-24.pt,Expr-525-ep-21.pt,Expr-529-ep-15.pt,Expr-531-ep-26.pt,Expr-537-ep-21.pt,Expr-555-ep-28.pt,Expr-562-ep-21.pt,Expr-593-ep-23.pt,Expr-594-ep-12.pt,Expr-597-ep-20.pt,Expr-600-ep-28.pt,Expr-603-ep-21.pt,Expr-606-ep-16.pt,Expr-609-ep-13.pt,Expr-615-ep-45.pt,Expr-62-ep-15.pt,Expr-624-ep-23.pt,Expr-630-ep-16.pt,Expr-631-ep-17.pt,Expr-635-ep-23.pt,Expr-638-ep-16.pt,Expr-641-ep-22.pt,Expr-642-ep-23.pt,Expr-652-ep-21.pt,Expr-663-ep-17.pt,Expr-674-ep-24.pt,Expr-677-ep-19.pt,Expr-678-ep-27.pt,Expr-680-ep-32.pt,Expr-684-ep-25.pt,Expr-689-ep-24.pt,Expr-693-ep-24.pt,Expr-694-ep-22.pt,Expr-697-ep-21.pt,Expr-7-ep-21.pt,Expr-704-ep-14.pt,Expr-712-ep-12.pt,Expr-714-ep-20.pt,Expr-715-ep-13.pt,Expr-716-ep-28.pt,Expr-719-ep-9.pt,Expr-72-ep-20.pt,Expr-731-ep-11.pt,Expr-741-ep-20.pt,Expr-748-ep-18.pt,Expr-752-ep-15.pt,Expr-754-ep-21.pt,Expr-758-ep-19.pt,Expr-76-ep-20.pt,Expr-772-ep-16.pt,Expr-777-ep-26.pt,Expr-794-ep-19.pt,Expr-797-ep-15.pt,Expr-80-ep-20.pt,Expr-800-ep-19.pt,Expr-807-ep-21.pt,Expr-814-ep-15.pt,Expr-819-ep-14.pt,Expr-822-ep-17.pt,Expr-828-ep-18.pt,Expr-829-ep-19.pt,Expr-838-ep-17.pt,Expr-843-ep-20.pt,Expr-845-ep-23.pt,Expr-848-ep-25.pt,Expr-849-ep-23.pt,Expr-85-ep-16.pt,Expr-850-ep-16.pt,Expr-853-ep-30.pt,Expr-866-ep-16.pt,Expr-870-ep-23.pt,Expr-88-ep-16.pt,Expr-884-ep-24.pt,Expr-886-ep-14.pt,Expr-888-ep-15.pt,Expr-89-ep-15.pt,Expr-891-ep-25.pt,Expr-892-ep-16.pt,Expr-894-ep-24.pt,Expr-902-ep-35.pt,Expr-921-ep-16.pt,Expr-925-ep-27.pt,Expr-927-ep-23.pt,Expr-928-ep-19.pt,Expr-934-ep-20.pt,Expr-937-ep-16.pt,Expr-943-ep-13.pt,Expr-953-ep-24.pt,Expr-960-ep-15.pt,Expr-961-ep-29.pt,Expr-968-ep-18.pt,Expr-970-ep-13.pt,Expr-974-ep-17.pt,Expr-977-ep-23.pt,Expr-996-ep-20.pt,Expr-999-ep-18.pt
CreditScore,0.004500017166137682,0.006500004291534411,0.0010000090599060485,0.006500014781951946,-0.000500001430511432,0.00199997282028197,0.004499996185302724,0.003499972820282027,0.0005000090599059925,0.002999996185302778,0.0014999856948852974,0.0010000090599060485,0.003999983310699506,0.003999983310699506,0.005999985694885246,-0.0010000119209289116,2.6702880906448456e-08,0.002499996185302722,0.002499996185302722,0.0044999985694885725,0.0035000066757202575,0.003499970436096178,0.004499996185302724,0.006500027656555218,0.004499970436096179,0.007000014781951891,0.0025000219345092667,0.004500006675720258,0.003499970436096178,0.000999972820281969,0.003999970436096234,0.003999996185302779,0.0014999752044677628,0.001999996185302777,0.0014999752044677628,0.010000025272369428,-2.4795532183041757e-08,0.0024999833106994496,0.0009999775886535556,1.144409178532868e-08,-0.003499973297119152,0.00549997043609618,-0.0015000119209289675,0.0009999880790710902,9.536743617033494e-10,-0.0019999885559082164,0.0005000114440918413,0.0005000219345092649,0.005000006675720203,0.002000019550323473,0.001499996185302721,0.003999972820281972,0.0014999985694885698,0.003999972820281972,0.005000017166137738,0.002000003337860101,0.0005000114440918413,0.0014999985694885698,0.002999972820281971,0.0004999856948852965,0.002999996185302778,0.003499972820282027,-0.0004999990463256943,0.003000011444091788,0.002499996185302722,0.004500017166137682,0.004500017166137682,0.002999972820281971,0.0014999985694885698,0.005500006675720259,0.0019999856948852424,0.008000004291534468,-0.0009999861717223668,0.006499993801116988,0.001500019550323528,-0.0004999885559081596,-0.000500001430511432,0.002999972820281971,-0.000500024795532239,0.0024999856948852983,-0.0019999885559082164,0.0054999809265137145,0.002000019550323473,0.002999970436096233,-9.536743172944284e-09,0.004499972820282028,0.002999996185302778,-0.000499978065490736,0.0009999856948852415,0.00350001955032353,0.006999978542327923,0.003499988079071037,0.0020000090599060494,0.003499985694885299,0.001499996185302721,0.0015000090599059934,0.005499993801116987,0.002999972820281971,0.006999978542327923,0.002999996185302778,-1.4305114870438729e-09,0.003000019550323474,0.0014999856948852974,0.0015000090599059934,0.0055000042915344105,0.0029999856948852432,-0.001000001430511488,0.0055000042915344105,0.0025000090599059943,0.005500019550323532,0.004000006675720202,0.0059999728202819735,1.144409178532868e-08,0.005999988079071095,0.004999998569488517,0.0005000243186951137,0.004000011444091789,0.00399999380111693,0.00499999618530278,-0.0005000143051147043,0.003999996185302779,0.0049999809265136586,0.0005000090599059925,0.0035000066757202575,-0.001999975681304944,0.0035000066757202575,0.004499983310699451,0.0055000042915344105,0.002000019550323473,0.00399999380111693,0.0009999880790710902,0.003499970436096178,0.0039999985694885165,1.144409178532868e-08,0.0030000219345093226,-1.1920928910669204e-08,0.003499993801116985,0.001999996185302777,0.0004999985694885689,2.1934509319976314e-08,0.0005000090599059925,0.0015000090599059934,2.1934509319976314e-08,-0.000499978065490736,-0.0009999885559082156,0.005499983310699452,-1.4305114759416426e-08,0.0010000219345093209,0.004499993801116986,0.004999985694885245,0.0014999752044677628,-0.002499983787536575,-0.0005000224113463902,0.0030000066757202015,9.05990604760376e-09,0.003499970436096178,0.0024999833106994496,0.007999978542327923,0.003499996185302723,9.05990604760376e-09,0.0004999856948852965,-0.004000022411346449,2.1934509319976314e-08,0.001499996185302721,0.0009999856948852415,0.002000011444091787,0.004499996185302724,0.0005000090599059925,0.004000006675720202,0.0020000090599060494,0.003000019550323474,0.0030000090599060503,2.1934509319976314e-08,0.0010000009536743626,0.0019999833106995046,0.000999972820281969,-0.001000024795532184,0.002499996185302722,0.0030000219345093226,0.006999991416931195,0.005499996185302725,0.0004999985694885689
Age,0.06899999141693114,0.07749998426437377,0.06049998807907109,0.06250000905990605,0.06649997043609623,0.06300002193450926,0.07100000429153441,0.06599997282028203,0.06700001716613768,0.05700001621246342,0.06899998092651372,0.06850000429153447,0.05700001621246342,0.0574999799728394,0.07999998664855956,0.06149998807907109,0.0600000290870667,0.07249998903274535,0.07099997854232787,0.07250001716613774,0.06199999856948857,0.07399998664855956,0.07100000429153441,0.06100001144409184,0.07150000190734862,0.06149999856948851,0.06500002193450927,0.0794999947547913,0.06349997282028197,0.07100002527236937,0.06199999856948857,0.06950001716613774,0.054999971866607655,0.06449999618530278,0.07000001716613768,0.07549998664855961,0.06499997282028203,0.060500011444091784,0.0824999713897705,0.07099999141693114,0.06849999380111693,0.07300002527236937,0.06199997520446776,0.06800001955032353,0.06300002431869511,0.07100002527236937,0.07700001001358037,0.07649999713897704,0.06549997282028197,0.049999997615814196,0.06649999380111693,0.06799998331069945,0.07600002288818364,0.0595000033378601,0.07049997854232792,0.07250001955032348,0.06550000905990605,0.06849997043609624,0.06449998569488524,0.07900001811981205,0.07850000762939457,0.057000029087066695,0.07100000429153441,0.06550001144409179,0.06300002193450926,0.06300000905990599,0.03799997329711913,0.05650002908706664,0.06599997282028203,0.06249998807907109,0.07550002288818358,0.0649999856948853,0.07999998426437382,0.06950001716613774,0.05600000333786015,0.06200001144409184,0.06799998092651371,0.065000009059906,0.057500003337860095,0.07850002050399785,0.051500008106231676,0.06250002193450932,0.05849997758865355,0.06949997854232792,0.06849997282028197,0.07550001239776616,0.05550000572204594,0.0655000066757202,0.060000000953674304,0.0664999833106995,0.07400001001358036,0.07999998664855956,0.06700000667572026,0.0724999914169312,0.06450001955032347,0.0665000066757202,0.07799998426437382,0.06299997520446776,0.05850000095367436,0.06450000905990605,0.052999971866607654,0.058499990463256824,0.06450000905990605,0.058499990463256824,0.07549999713897704,0.06799998331069945,0.07149998903274535,0.07799999475479125,0.05500001859664916,0.07999998426437382,0.06300002193450926,0.06300001382827758,0.06799997043609618,0.07599998092651372,0.07950002288818359,0.06300002431869511,0.07849997615814208,0.059500024318695055,0.06999999380111699,0.07150001239776616,0.07649998664855961,0.0655000066757202,0.06450001955032347,0.06049998807907109,0.0665000066757202,0.05799999046325688,0.07550002288818358,0.06899999141693114,0.055500016212463366,0.05999998807907103,0.06300002431869511,0.06700001716613768,0.06200002670288085,0.05900002670288085,0.06999999380111699,0.07649998664855961,0.07449997377395634,0.05500002908706669,0.06450000905990605,0.06199999856948857,0.07899998188018797,0.08300000286102294,0.06799998092651371,0.06950001478195189,0.06800001716613768,0.07599999952316283,0.06149999856948851,0.07200000190734868,0.05700000333786015,0.06599997520446776,0.07150002765655517,0.07099999380111699,0.06699997282028203,0.062000021934509264,0.0565000267028809,0.06399999618530272,0.05599997997283934,0.05700000333786015,0.07000000429153441,0.07050002527236943,0.0694999914169312,0.05599997997283934,0.06600000667572026,0.06499998331069945,0.07249998903274535,0.07200000429153441,0.06500002193450927,0.06249998569488524,0.07050001478195189,0.06950000429153447,0.055999992847442615,0.06249998807907109,0.06850000429153447,0.06799997282028203,0.07249999952316288,0.07399998664855956,0.06500001955032353,0.07450002288818358,0.07599997615814214,0.0629999856948853,0.06799999618530272,0.06700000667572026
Tenure,0.0005000090599059925,0.003000019550323474,0.004499993801116986,0.005999991416931194,-0.0020000119209289124,-0.0009999885559082156,0.003999972820281972,0.003999996185302779,0.001499996185302721,-0.002500022411346392,-0.002500022411346392,-0.001000024795532184,0.007000004291534467,0.0020000090599060494,0.0019999775886535565,0.006000017166137739,0.002999988079071092,0.0034999833106994505,0.0034999833106994505,0.0020000009536743635,0.0035000066757202575,0.0024999833106994496,0.0010000114440917862,2.1934509319976314e-08,0.005500017166137683,0.002000019550323473,0.0025000219345092667,0.008999978542327924,0.0005000090599059925,-0.002999975681304945,0.003999970436096234,0.0020000219345093218,0.009000027656555165,0.0035000066757202575,0.0019999985694885147,0.0014999856948852974,-2.4795532183041757e-08,0.001499996185302721,0.008499970436096183,0.005999993801116932,0.0025000090599059943,0.0025000090599059943,-0.000500024795532239,0.0009999880790710902,0.0030000219345093226,0.006499991416931139,0.007499980926513716,0.0015000090599059934,0.006500017166137684,-1.4305114759416426e-08,0.0060000276565551625,0.0025000219345092667,0.006499993801116988,-0.0004999990463256943,0.007999978542327923,0.00450000095367431,0.004500019550323531,0.003499972820282027,-0.003499973297119152,0.0035000066757202575,0.0020000090599060494,0.0020000219345093218,0.0019999985694885147,0.0034999752044677646,-0.0009999885559082156,0.003499970436096178,0.0024999833106994496,0.004000019550323475,-0.0009999990463256392,0.004999983310699507,0.002999972820281971,0.003999996185302779,0.00499999618530278,0.0030000090599060503,0.005999991416931194,0.002499972820282026,-0.002499975681304889,0.005000006675720203,0.005500017166137683,-0.0009999990463256392,0.0024999833106994496,0.0029999833106995055,0.006499991416931139,0.004000017166137737,0.0039999985694885165,0.0030000219345093226,0.004500006675720258,0.000999972820281969,-0.000500024795532239,0.007000004291534467,0.008000025272369427,0.005999985694885246,-0.0014999756813048881,0.005999983310699508,0.003499970436096178,0.006500004291534411,0.007999991416931196,0.005000006675720203,9.05990604760376e-09,0.0004999985694885689,0.004000006675720202,0.00749999141693114,0.003999983310699506,0.006500004291534411,0.0024999833106994496,0.0025000219345092667,0.0024999833106994496,-1.4305114759416426e-08,0.0004999752044677619,0.009000004291534469,0.0034999833106994505,0.0034999752044677646,0.005000006675720203,0.003000026702880909,0.007499996185302726,0.0009999880790710902,0.000999990463256828,0.002000019550323473,0.003499985694885299,0.0009999961853027761,0.0005000114440918413,0.0055000042915344105,-1.4305114759416426e-08,0.0004999856948852965,0.00199997282028197,-0.000500001430511432,0.0019999856948852424,0.0024999833106994496,0.004500017166137682,0.0049999809265136586,0.0009999880790710902,0.003499970436096178,0.002499988079071036,0.0025000090599059943,0.0024999985694885707,0.0020000219345093218,0.001500019550323528,-0.002999999046325641,0.005499993801116987,0.0054999809265137145,0.0055000042915344105,-0.005500020027160657,2.1934509319976314e-08,0.0049999809265136586,0.0009999856948852415,-0.0004999990463256943,0.002000019550323473,0.00350001955032353,0.0010000090599060485,0.0059999728202819735,0.004499996185302724,0.006999983310699509,0.0005000243186951137,0.0030000066757202015,-0.0024999885559081614,0.00399999380111693,0.002000019550323473,0.0029999833106995055,0.00849999141693114,-0.0024999885559081614,0.003999970436096234,0.0030000066757202015,0.0029999833106995055,0.006499991416931139,0.00749999141693114,0.005499996185302725,-0.0010000224113464462,0.0060000276565551625,-0.001999975681304944,0.004999970436096235,0.0005000219345092649,0.004999983310699507,0.001999996185302777,0.005499972820282029,0.001500019550323528,-1.4305114759416426e-08,-0.001000024795532184,0.0034999833106994505,0.003499985694885299,0.001999996185302777,-0.0025000200271606543,-0.0029999861717223686
Balance,0.01750002861022948,0.01950001573562621,0.015000007629394574,0.016500005245208782,0.006999991416931195,0.015500007629394519,0.013499999523162831,0.005999970436096236,0.020000026226043688,0.02549997472763066,0.012999986648559614,0.013499997138977093,0.016999994754791303,0.013500010013580366,0.020500007629394523,0.006499980926513715,0.01500001239776616,0.017000018119812,0.009999989032745349,0.01350000190734868,0.006999991416931195,0.014999971389770494,0.01299997615814208,0.008500001907348675,0.012499986648559558,0.00800000190734862,0.01599999713897704,0.013999973773956342,0.012000010013580309,0.012999997138977037,0.01549997138977055,0.00700001716613774,0.011500025272369374,0.010000012397766156,0.013499999523162831,0.008500014781951948,0.003999983310699506,0.023500010967254625,0.0199999713897705,0.01650000762939452,0.01249999952316283,0.011999976158142078,0.015500007629394519,0.013000012397766159,0.016499997138977096,0.014999971389770494,0.011499989032745406,0.012499986648559558,0.013499986648559559,0.012000010013580309,0.01100002288818358,0.01750000762939452,0.01100002527236943,0.008500004291534413,0.012999973773956341,0.014499991416931146,0.018999981880188033,0.013500022888183638,0.013000022888183582,0.011999986648559613,0.015499984264373823,0.009999978542327925,0.01299997615814208,0.012499978542327872,0.013499973773956286,0.0095000123977661,0.014999971389770494,0.008000027656555164,0.018500018119812056,0.012000012397766158,0.013499986648559559,0.009500014781951949,0.008499980926513717,0.012999999523162886,0.023499974727630657,0.013500010013580366,0.013499997138977093,0.010500025272369373,0.012000022888183581,0.012000012397766158,0.016000018119812,0.018000028610229535,0.01100002288818358,0.015500018119812053,0.013000001907348624,0.016499997138977096,0.012500022888183637,0.004500017166137682,0.009999989032745349,0.020000015735626264,0.02550000858306889,0.015999976158142082,0.009500001907348676,0.020500005245208786,0.003499970436096178,0.016499994754791247,0.013999973773956342,0.01249999952316283,0.013000020503997844,0.012999986648559614,0.020500002861022937,0.009500025272369372,0.004500006675720258,0.008000014781951892,0.018999979496002184,0.012500012397766103,0.009999976158142077,0.020000026226043688,0.009000014781951893,0.010999978542327926,0.009999989032745349,0.012000014781951895,0.011500012397766102,0.02099997377395635,0.019500020503997795,0.013000012397766159,0.011500004291534416,0.012499973773956286,0.015500010013580368,0.0009999961853027761,0.012499976158142134,0.014999971389770494,0.008999989032745348,0.006999991416931195,0.007000027656555163,0.020000002861022992,0.013499986648559559,0.006499991416931139,0.012000010013580309,0.009999976158142077,0.009999991416931198,0.00800000190734862,0.019500007629394522,0.02050001573562621,0.019999981880188034,0.013500022888183638,0.006999978542327923,0.02400001096725468,0.016000007629394575,0.010499976158142132,0.016499981880187975,0.017000018119812,0.004499993801116986,0.01350002050399779,0.012499986648559558,0.017999971389770497,0.0095000123977661,0.017500018119812055,0.015999994754791302,0.012499978542327872,0.015499973773956288,0.021500005245208786,0.009000004291534469,0.0049999809265136586,0.012499997138977093,0.008500025272369371,0.012000010013580309,0.012500010013580365,0.023000013351440418,0.010500022888183635,0.012999973773956341,0.006499991416931139,0.009499989032745404,0.0095000123977661,0.006500004291534411,0.012000001907348623,0.009499991416931142,0.014500007629394518,0.004999993801116931,0.01649997138977055,0.010999976158142077,0.013500022888183638,0.010999999523162884,0.009000017166137741,0.017000028610229534,0.008500025272369371,0.010499976158142132,0.008499978542327868,0.018499971389770553,0.011999986648559613,0.017500020503997793,0.011499976158142133
NumOfProducts,0.06399999618530272,0.055999992847442615,0.05549999284744267,0.050000020980835,0.046000025749206586,0.04699998950958251,0.04550000476837157,0.05900000333786015,0.04000000715255736,0.06600001955032353,0.049000000000000044,0.04800000000000004,0.05499998235702519,0.0574999799728394,0.047500017642974846,0.049500023365020795,0.062000003337860154,0.051999984741210925,0.04400002813339232,0.05450001049041753,0.05700000333786015,0.05050002098083495,0.04950001287460326,0.05249997186660771,0.055000005722045886,0.049999997615814196,0.05399998474121093,0.040999983787536665,0.04650001287460326,0.05300001859664916,0.051000020980835004,0.045999991893768355,0.05450000810623168,0.05350001859664921,0.06299998807907103,0.05550000572204594,0.052000020980835004,0.05849997758865355,0.04150002241134643,0.0519999976158142,0.05250002098083495,0.0519999976158142,0.049499987125396716,0.049499989509582565,0.043999970912933395,0.06249998569488524,0.05249999761581425,0.03600001192092894,0.05900002670288085,0.05749999046325682,0.04749999999999999,0.04700001525878905,0.045000004768371626,0.04249998378753661,0.038999996662139935,0.05350002574920654,0.0519999742507935,0.06249998807907109,0.05600000572204589,0.06399997282028203,0.0509999742507935,0.046999979019165083,0.057999992847442616,0.04949997901916503,0.047999976634979236,0.050999984741210924,0.046999976634979235,0.04399998140335082,0.04550002813339238,0.05349998474121098,0.04750002574920653,0.0440000176429749,0.06499999856948857,0.05599998235702519,0.04399997901916508,0.05550000572204594,0.05950000095367436,0.05000002336502074,0.04600000238418578,0.04949997663497929,0.048499987125396715,0.04950001049041752,0.04550002574920653,0.037999996662139934,0.04549997091293334,0.04350000715255742,0.0585000267028809,0.054999992847442614,0.0444999918937683,0.05499998235702519,0.04850001049041752,0.04799998140335082,0.05999997758865361,0.0515000233650208,0.0434999918937683,0.05550002908706664,0.05700001621246342,0.04399998140335082,0.0489999742507935,0.045500015258789106,0.050499974250793445,0.04699998950958251,0.05399999523162846,0.06199997520446776,0.05300001859664916,0.05200001049041747,0.049499974250793444,0.03799997329711913,0.05750001621246337,0.0529999742507935,0.055000005722045886,0.05550002098083495,0.05100001049041747,0.0554999766349793,0.06050002908706664,0.060500026702880905,0.06050002908706664,0.0590000009536743,0.049499989509582565,0.05850000095367436,0.05999999046325688,0.049499974250793444,0.05050002098083495,0.051000020980835004,0.05400001859664916,0.05249997186660771,0.051499974250793445,0.05199997186660765,0.049499974250793444,0.05599997997283934,0.0529999742507935,0.040499970912933336,0.05400001049041747,0.055499982357025135,0.051999987125396774,0.046999979019165083,0.05449999284744267,0.048500023365020795,0.05700001621246342,0.06350000905990605,0.044499979019165026,0.05550002908706664,0.0499999742507935,0.06700001716613768,0.055000005722045886,0.04999997663497924,0.055500016212463366,0.05550000572204594,0.05600001621246342,0.05199997663497924,0.05850001621246337,0.057500018596649216,0.06199997758865361,0.05050002098083495,0.05049998474121098,0.059500024318695055,0.07600002050399779,0.04099997091293339,0.04750002574920653,0.05850000095367436,0.05299999523162846,0.044499979019165026,0.04099997091293339,0.03949998378753661,0.06300002193450926,0.04999998950958251,0.0529999976158142,0.05050002098083495,0.05400001859664916,0.04599997901916508,0.0509999976158142,0.045999991893768355,0.06449999618530278,0.06299997758865361,0.05350000572204594,0.05749999046325682,0.06399997282028203,0.052999971866607654,0.048500002384185836,0.044500015258789105,0.04849997901916503,0.04450002813339238
HasCrCard,0.002000019550323473,0.0005000219345092649,2.1934509319976314e-08,-0.0005000143051147043,0.0010000090599060485,0.004000006675720202,-0.0010000224113464462,0.0009999752044678178,-0.000499978065490736,0.0010000219345093209,-0.0010000119209289116,-0.0020000119209289124,0.0004999985694885689,-0.002500022411346392,0.0019999775886535565,0.0010000219345093209,2.6702880906448456e-08,0.0034999833106994505,0.0015000090599059934,0.002999988079071092,0.001499972820282025,-0.0019999885559082164,-0.0024999732971191513,0.003999970436096234,-0.000500024795532239,-0.001000001430511488,0.0025000219345092667,0.0010000219345093209,0.002000019550323473,-0.0015000247955322399,0.001499972820282025,-1.1920928910669204e-08,0.0029999856948852432,0.001499972820282025,0.0014999752044677628,0.0010000219345093209,0.0020000090599060494,0.0005000090599059925,0.0020000243186950595,-0.0005000119209289666,-0.0030000095367431756,-0.003499973297119152,-0.000500024795532239,0.004000009059906051,0.0005000243186951137,0.000999972820281969,-0.0025000095367431197,-1.4305114870438729e-09,0.0025000090599059943,0.004500017166137682,-0.0015000247955322399,-0.0014999861717224228,-0.0009999990463256392,-0.0024999732971191513,0.001499972820282025,0.003999977588653558,0.0005000114440918413,0.005500006675720259,0.0004999752044677619,0.001999996185302777,0.0020000090599060494,0.004500019550323531,-0.0010000224113464462,-0.002500007152557382,-1.4305114870438729e-09,0.001499996185302721,0.000999972820281969,1.144409178532868e-08,0.0005000114440918413,-1.1920928910669204e-08,-0.0009999756813049432,0.003499972820282027,0.0015000114440918422,-1.1920928910669204e-08,0.0009999961853027761,-0.0014999756813048881,-0.000500001430511432,0.0009999985694885138,-1.4305114870438729e-09,0.0005000114440918413,-0.000499978065490736,-0.0020000119209289124,0.0005000090599059925,0.001500019550323528,-9.536743172944284e-09,0.0005000243186951137,0.002499972820282026,-0.002999975681304945,0.0009999856948852415,0.003999983310699506,0.0025000066757202566,0.000999990463256828,-2.4795532183041757e-08,-0.0015000095367431188,-0.001000001430511488,0.0034999833106994505,0.004999970436096235,0.002999972820281971,-0.0030000119209289133,-2.4795532183041757e-08,0.0015000090599059934,-0.003000022411346448,0.0014999856948852974,-0.002499999046325696,0.004500017166137682,0.0010000114440917862,-0.003499999046325697,0.000999972820281969,-0.0005000119209289666,0.0030000219345093226,0.0005000219345092649,0.0039999985694885165,0.0019999856948852424,0.005500024318695118,-0.0005000200271606525,-0.0009999861717223668,0.005999985694885246,0.0055000042915344105,0.0015000114440918422,0.0004999728202820242,0.0020000219345093218,0.0030000066757202015,-0.001000001430511488,-0.0014999885559081605,0.0015000090599059934,0.001499972820282025,0.0015000219345092658,-1.4305114759416426e-08,-0.0019999885559082164,-0.004000022411346449,0.0015000114440918422,-0.000499978065490736,0.0015000009536743075,1.144409178532868e-08,0.0015000114440918422,0.0024999856948852983,-0.0024999885559081614,-0.000500001430511432,-2.4795532183041757e-08,0.001499972820282025,0.000999972820281969,0.0005000219345092649,-0.001000024795532184,0.0024999833106994496,-0.001999975681304944,-0.0004999990463256943,-0.001000001430511488,-0.0010000119209289116,0.003999970436096234,-0.00199998378753663,-0.0004999990463256943,0.001999988079071091,-0.0005000224113463902,-0.003499999046325697,-0.0015000014305114329,-0.0025000119209289684,0.0005000090599059925,0.001999996185302777,0.0009999985694885138,0.0004999728202820242,2.1934509319976314e-08,-0.002999975681304945,-0.0020000119209289124,0.002000019550323473,-0.0009999885559082156,-0.0004999861717224219,0.003999972820281972,-0.001000001430511488,-1.4305114870438729e-09,0.002499972820282026,0.003000019550323474,0.0009999752044678178,-0.000500001430511432,0.0004999775886536106,-0.0005000143051147043,-0.000499978065490736,-0.0014999885559081605,0.003000019550323474,-0.0015000095367431188,0.0029999833106995055,-0.0014999732971191504,-0.0010000119209289116
IsActiveMember,0.02649997234344481,0.025499998092651355,0.02599998521804814,0.026499995708465618,0.02199997711181645,0.0314999804496765,0.033000016689300526,0.028500008583068892,0.019500002861022936,0.0235000004768372,0.03099999332427983,0.021500013351440472,0.022500013351440473,0.0235000004768372,0.03450000619888305,0.02699998521804814,0.022500005245208787,0.025499998092651355,0.017000018119812,0.029000010967254686,0.024499974727630658,0.02649997234344481,0.025000000476837148,0.02499999809265141,0.019999979496002185,0.022999987602233873,0.0255000238418579,0.03250000381469731,0.022999987602233873,0.030000016689300524,0.02950002956390385,0.020499992370605513,0.027499998092651357,0.02499999809265141,0.02250000286102294,0.022500013351440473,0.02549997472763066,0.020499989986419664,0.038500001430511466,0.024000000476837147,0.023499977111816395,0.028499972343444813,0.035000024795532214,0.018000007629394577,0.019500018119812057,0.022999987602233873,0.02399997711181645,0.024999974727630603,0.02200002622604369,0.022000000476837145,0.030000016689300524,0.02150001573562621,0.022999989986419722,0.02800002145767211,0.02650000858306889,0.025999992370605463,0.021000015735626265,0.013500022888183638,0.030500006198883045,0.03050001668930058,0.021000002861022993,0.018500018119812056,0.023499989986419667,0.02549998998641967,0.023000000476837146,0.023500010967254625,0.022500023841857897,0.02200002622604369,0.03049998283386235,0.02699999809265141,0.032000016689300526,0.027500021457672164,0.027999998092651412,0.02699999809265141,0.022000023841857952,0.017999981880188032,0.01849999237060551,0.016999971389770496,0.022000013351440417,0.03150002956390385,0.016499981880187975,0.02499999809265141,0.018500015735626207,0.02700001907348637,0.02399997949600219,0.03399998044967656,0.020000015735626264,0.020000026226043688,0.024999974727630603,0.02699998521804814,0.02450002145767216,0.02950001096725463,0.0235000004768372,0.019500018119812057,0.025499985218048082,0.026000021457672107,0.0235000004768372,0.024000000476837147,0.018000015735626262,0.020000015735626264,0.022000013351440417,0.018999992370605456,0.026500021457672163,0.023999987602233874,0.016499981880187975,0.023499989986419667,0.026000008583068834,0.020499989986419664,0.015999984264373768,0.024500013351440475,0.030499993324279773,0.01749997377395629,0.019999992370605457,0.029999977111816456,0.023500028610229484,0.017499984264373825,0.02700001335144042,0.023999974727630602,0.022499979496002243,0.024999985218048137,0.019500005245208785,0.021000013351440416,0.025499985218048082,0.025500021457672162,0.024500010967254626,0.02400001096725468,0.024999987602233875,0.022500023841857897,0.029499993324279772,0.01750002861022948,0.026499987602233932,0.023500010967254625,0.018500020503997794,0.014499973773956287,0.03149998283386235,0.024500000476837203,0.02050001335144047,0.02349998760223393,0.021500026226043745,0.02950002956390385,0.026999995708465563,0.032500027179718005,0.03150000381469731,0.01750002861022948,0.027499972343444812,0.0255000238418579,0.016000018119812,0.03300002717971806,0.021500013351440472,0.02700000047683715,0.02400001335144042,0.032000019073486374,0.021499992370605514,0.023500010967254625,0.025999972343444866,0.02799998283386229,0.014999971389770494,0.02400001096725468,0.027499985218048084,0.02050001335144047,0.028499982833862347,0.03350000143051146,0.02199997711181645,0.023999974727630602,0.030000029563903796,0.02900002145767211,0.025000000476837148,0.022000000476837145,0.024500010967254626,0.03199998044967656,0.02100002622604369,0.018999981880188033,0.017500005245208783,0.016999973773956345,0.031499990940094036,0.020499989986419664,0.017500005245208783,0.023500023841857898,0.027999998092651412,0.03450002479553227,0.022999979496002187,0.015000020503997846
EstimatedSalary,-0.0015000247955322399,0.00749999141693114,0.001999996185302777,0.0025000066757202566,0.0004999856948852965,0.002499996185302722,0.003999972820281972,0.0030000090599060503,0.0024999833106994496,0.007000004291534467,0.002999996185302778,0.0035000066757202575,0.0010000219345093209,0.0014999856948852974,0.009999993801116935,0.002999996185302778,-0.0029999942779540545,0.004499970436096179,0.002499996185302722,0.0044999985694885725,0.001999996185302777,0.0030000066757202015,0.0025000219345092667,0.0035000066757202575,0.004000006675720202,0.0030000066757202015,-0.0014999861717224228,0.004500006675720258,0.003499970436096178,0.002000019550323473,-0.0020000119209289124,0.0024999856948852983,0.005499983310699452,0.004499993801116986,0.0029999856948852432,0.005499993801116987,0.0010000219345093209,0.004500017166137682,0.0064999961853027255,0.004499983310699451,0.0025000090599059943,0.0019999856948852424,-0.0015000119209289675,0.0005000243186951137,0.00499999618530278,0.0055000042915344105,0.006499993801116988,0.002499996185302722,0.002999972820281971,0.002000019550323473,-0.001000001430511488,0.0019999985694885147,0.004999983310699507,0.004499996185302724,0.009499989032745404,0.00450000095367431,0.0014999985694885698,0.003499972820282027,0.0025000090599059943,0.006500027656555218,0.006499980926513715,0.003499972820282027,0.003999972820281972,0.008499970436096183,0.003000019550323474,0.00399999380111693,0.0049999809265136586,0.004000019550323475,0.0024999856948852983,-0.0009999990463256392,0.006500017166137684,0.006499993801116988,0.0030000219345093226,0.005999970436096236,0.001500019550323528,0.0010000219345093209,0.005000017166137738,0.004499983310699451,0.0015000090599059934,-0.0015000224113463911,0.000999972820281969,0.0029999833106995055,0.0030000066757202015,0.0025000066757202566,0.0064999961853027255,0.003499985694885299,0.007000004291534467,0.002000019550323473,0.0009999856948852415,0.007500027656555219,0.005999991416931194,0.008499983310699455,0.005499993801116987,0.004000009059906051,-0.000499978065490736,0.0059999809265136594,-0.0004999885559081596,0.003499996185302723,0.0004999728202820242,0.003999983310699506,0.0034999833106994505,0.0009999856948852415,0.0010000219345093209,0.004999993801116931,0.0030000066757202015,0.0004999880790710343,-0.0025000119209289684,-0.000499978065490736,0.002999972820281971,0.0015000114440918422,-0.0009999885559082156,0.0039999985694885165,0.00849999141693114,0.0034999904632568857,0.005999985694885246,0.0009999880790710902,0.006500009059905998,0.0030000066757202015,0.0019999752044678187,0.001500019550323528,-0.0004999756813048872,0.000999972820281969,0.0055000042915344105,0.0010000090599060485,0.003000019550323474,0.007500014781951947,0.00549997043609618,0.008500025272369371,0.000999972820281969,0.001499996185302721,0.004499972820282028,0.0024999833106994496,0.0045000219345092685,1.144409178532868e-08,0.004499972820282028,0.0030000090599060503,0.0009999961853027761,0.002500019550323529,0.0004999985694885689,0.001999996185302777,0.000999972820281969,0.004499970436096179,0.0029999833106995055,0.002000019550323473,0.0034999833106994505,0.0029999856948852432,-0.004000022411346449,-0.0035000095367431205,0.001999996185302777,0.0020000243186950595,-0.0004999990463256943,0.0065000195503235325,0.0009999880790710902,-0.000499978065490736,0.0025000066757202566,0.003499970436096178,-0.001000001430511488,2.1934509319976314e-08,0.0019999856948852424,0.006500014781951946,-0.0014999885559081605,0.003499970436096178,0.004499993801116986,-1.4305114759416426e-08,0.004499970436096179,0.003999985694885244,0.006499970436096181,0.0060000276565551625,0.004999993801116931,0.005499993801116987,0.004000006675720202,0.0009999752044678178,0.005000017166137738,0.001999988079071091,0.0025000066757202566,0.0055000042915344105,0.006500027656555218,0.0015000090599059934,0.004000009059906051,0.003999970436096234,0.003999985694885244,0.0020000090599060494
Geography_Germany,0.01350002050399779,0.018000005245208728,0.014499984264373822,0.01199997377395634,0.006999991416931195,0.012499986648559558,0.005499983310699452,0.017499971389770552,0.014999971389770494,0.018500005245208784,0.008999978542327924,0.010999999523162884,0.013999973773956342,0.011000012397766157,0.013000014781951896,0.007999991416931196,0.01650002288818364,0.014999984264373767,0.0105000123977661,0.012999978542327928,0.009000025272369427,0.012499973773956286,0.006999993801116933,0.0060000042915344665,0.012000022888183581,0.01100002288818358,0.014000022888183583,0.010000025272369428,0.0074999785423278675,0.010499999523162828,0.012500010013580365,0.00700001716613774,0.007500017166137685,0.004499993801116986,0.012500012397766103,0.019000028610229536,0.013500010013580366,0.014999971389770494,0.0199999713897705,0.010500025272369373,0.01400001001358031,0.010500025272369373,0.015500007629394519,0.011500001907348678,0.011500001907348678,0.016000018119812,0.015499997138977095,0.008000014781951892,0.017499994754791248,0.012999997138977037,0.013999984264373766,0.023499989986419667,0.011499989032745406,0.015000010013580312,0.011500022888183636,0.020999997138977045,0.009999978542327925,0.009500014781951949,0.027499985218048084,0.011500022888183636,0.008500014781951948,0.01100002527236943,0.01699998426437377,0.009999980926513663,0.0105000123977661,0.00800000190734862,0.0095000123977661,0.01400001001358031,0.015499997138977095,0.012499976158142134,0.013000022888183582,0.009500014781951949,0.011500001907348678,0.020499992370605513,0.010500022888183635,0.011000012397766157,0.008500001907348675,0.00699998092651366,0.012000022888183581,0.011499989032745406,0.014500007629394518,0.009000025272369427,0.00800000190734862,0.010999986648559612,0.012000014781951895,0.018499971389770553,0.010499989032745405,0.0049999809265136586,0.01300001001358031,0.014499997138977094,0.008000025272369427,0.015999976158142082,0.009500001907348676,0.016499997138977096,0.012000010013580309,0.0105000123977661,0.019000028610229536,0.010500025272369373,0.017000028610229534,0.012500022888183637,0.014999984264373767,0.003000019550323474,0.011999999523162885,0.00900000190734862,0.012000010013580309,0.013499999523162831,0.0095000123977661,0.006499991416931139,0.009000014781951893,0.013000012397766159,0.00900000190734862,0.008499970436096183,0.009000014781951893,0.01899999952316289,0.015999976158142082,0.019500018119812057,0.015500012397766105,0.009999976158142077,0.01050001478195195,0.006999978542327923,0.014999973773956343,0.0095000123977661,0.008500025272369371,0.007999978542327923,0.01450002050399779,0.015000007629394574,0.010000001907348621,0.001499996185302721,0.007000014781951891,0.01100002288818358,0.018999994754791305,0.01100002288818358,0.01749997377395629,0.010500025272369373,0.009999991416931198,0.024500000476837203,0.011500010013580364,0.006999991416931195,0.019499992370605512,0.0035000066757202575,0.0055000042915344105,0.017499981880187976,0.014000020503997845,0.010499999523162828,0.009999989032745349,0.015000010013580312,0.0055000042915344105,0.01649997138977055,0.006500027656555218,0.01649998664855956,0.02150001573562621,0.01650001001358037,0.015999973773956344,0.0074999785423278675,0.01199997377395634,0.008999989032745348,0.014500007629394518,0.012999973773956341,0.013499986648559559,0.009499976158142132,0.011500022888183636,0.017999992370605455,0.012999973773956341,0.006499991416931139,0.00900000190734862,0.01549998664855956,0.014000022888183583,0.00800000190734862,0.012499986648559558,0.012500022888183637,0.00900000190734862,0.014999973773956343,0.010499976158142132,0.0065000195503235325,0.016500005245208782,0.009999976158142077,0.008500001907348675,0.01300001001358031,0.012499989032745407,0.010999999523162884,0.008999980926513662,0.012999986648559614
Geography_Spain,0.003499970436096178,-0.002499999046325696,0.004499993801116986,0.0019999833106995046,-0.000500001430511432,-0.0040000095367431765,0.0014999752044677628,0.003499972820282027,0.000999972820281969,0.006499980926513715,-0.0014999756813048881,0.0035000066757202575,0.002499972820282026,0.0004999985694885689,0.0025000009536743084,0.0010000219345093209,0.0014999775886536115,0.0015000090599059934,0.002499996185302722,0.0025000243186951154,0.0010000090599060485,0.001499996185302721,0.0014999752044677628,0.001499972820282025,-1.4305114870438729e-09,-1.4305114759416426e-08,2.4318695057701234e-08,0.0004999985694885689,0.0005000090599059925,-0.001000001430511488,0.0029999833106995055,0.0020000219345093218,0.0029999856948852432,0.0035000066757202575,0.0014999752044677628,0.004500006675720258,0.0010000219345093209,0.0024999833106994496,0.002499988079071036,0.002999972820281971,0.005999993801116932,0.0009999985694885138,-0.001999975681304944,0.0009999880790710902,0.003499985694885299,0.000999972820281969,-1.1920928910669204e-08,-0.005500020027160657,0.0025000090599059943,0.000999972820281969,0.002000019550323473,0.0010000114440917862,0.003499972820282027,0.003500009059905995,0.0029999833106995055,0.0035000138282775817,0.0005000114440918413,0.0020000219345093218,-0.0009999756813049432,0.0010000090599060485,0.002999996185302778,0.0024999856948852983,0.0025000219345092667,0.0009999775886535556,0.0015000090599059934,0.0024999833106994496,-1.4305114759416426e-08,0.004499983310699451,0.0020000219345093218,0.00700001716613774,0.0009999985694885138,-1.1920928910669204e-08,0.005500019550323532,0.0005000114440918413,9.05990604760376e-09,0.002499972820282026,0.0035000066757202575,0.005999993801116932,0.00199997282028197,0.0005000114440918413,-0.000499978065490736,0.001999996185302777,0.002000019550323473,0.0004999728202820242,-0.0009999966621399015,0.0015000114440918422,0.0010000219345093209,-0.0015000247955322399,0.003000019550323474,0.0014999856948852974,0.005000004291534466,0.00150001382827758,0.002499972820282026,9.536743617033494e-10,0.0005000090599059925,0.0015000090599059934,0.0014999856948852974,0.0025000090599059943,0.0019999833106995046,0.0020000090599060494,0.004999993801116931,0.0005000219345092649,-2.4795532183041757e-08,0.00199997282028197,0.003499970436096178,0.0010000114440917862,0.0024999833106994496,0.0005000090599059925,1.144409178532868e-08,0.005500019550323532,0.003000019550323474,0.0020000243186950595,0.0009999985694885138,0.005000000953674366,0.006999972820281974,0.003499985694885299,0.005999985694885246,0.004500017166137682,0.004000009059906051,0.0009999961853027761,0.0009999752044678178,0.002000019550323473,0.0024999833106994496,0.0004999856948852965,0.0015000090599059934,0.0035000066757202575,0.0015000219345092658,-0.001000001430511488,0.0024999833106994496,0.0005000090599059925,0.0030000219345093226,0.0024999833106994496,0.0020000243186950595,0.0025000090599059943,9.536743617033494e-10,0.0030000090599060503,0.002999970436096233,0.002500019550323529,0.0004999985694885689,0.0054999809265137145,0.001499996185302721,-1.4305114870438729e-09,-0.001000024795532184,0.00399999380111693,0.0009999856948852415,-0.0014999861717224228,-0.001000001430511488,-0.0010000119209289116,0.002500019550323529,0.003000011444091788,2.4318695057701234e-08,0.0004999775886536106,0.003499985694885299,0.002000019550323473,-0.0005000143051147043,0.006499991416931139,0.003499970436096178,0.0004999856948852965,0.002999972820281971,-0.0005000143051147043,2.1934509319976314e-08,0.000999972820281969,0.001999996185302777,0.00399999380111693,0.005500017166137683,0.0010000243186950586,-0.0004999990463256943,0.002000019550323473,-0.001999975681304944,0.0010000219345093209,0.004499970436096179,0.0014999985694885698,0.005000017166137738,0.0040000219345093235,0.0009999961853027761,-0.001000001430511488,0.002500019550323529,-1.4305114870438729e-09,0.0015000114440918422,0.002500019550323529,0.0024999752044677637,0.0020000090599060494
Gender_Male,-0.005000009536743177,0.004000006675720202,0.004499993801116986,0.005999991416931194,-0.001000024795532184,0.0034999833106994505,0.0014999752044677628,0.00850002765655522,0.007000014781951891,0.0014999856948852974,0.00350001955032353,0.0004999856948852965,0.005499993801116987,0.002999996185302778,0.0025000009536743084,0.0010000219345093209,0.003500011444091844,0.007000027656555163,0.003000019550323474,0.0014999775886536115,0.001499972820282025,0.0024999833106994496,0.005000019550323476,0.003999970436096234,0.003000019550323474,0.006499991416931139,0.0019999985694885147,0.0014999856948852974,-1.4305114759416426e-08,0.0024999833106994496,-0.002499975681304889,0.0009999752044678178,0.003999972820281972,-0.000500001430511432,0.0029999856948852432,0.004999970436096235,0.002999996185302778,0.002000019550323473,0.0045000219345092685,0.007500004291534412,0.003499996185302723,0.004000019550323475,0.003000019550323474,0.0024999985694885707,0.0024999985694885707,0.0030000066757202015,0.0030000090599060503,0.003000019550323474,0.006500017166137684,-0.000499978065490736,0.003499970436096178,0.0025000219345092667,0.003999996185302779,0.005499983310699452,0.0035000066757202575,0.00450000095367431,0.0005000114440918413,0.005500006675720259,0.0019999856948852424,0.0004999856948852965,-0.0004999885559081596,0.0030000090599060503,0.0025000219345092667,0.0059999728202819735,0.0059999809265136594,0.004500017166137682,0.0024999833106994496,0.004000019550323475,0.003499972820282027,0.00850002765655522,0.004000019550323475,0.004500019550323531,0.0009999880790710902,0.0024999856948852983,0.003499993801116985,0.00350001955032353,0.002500019550323529,0.0004999752044677619,0.0034999833106994505,0.003999996185302779,0.0024999833106994496,0.001999996185302777,0.0030000066757202015,0.0055000276565552175,0.005500009059905997,0.003499985694885299,0.002999996185302778,0.0030000066757202015,0.002499996185302722,0.002499972820282026,0.0025000066757202566,0.0044999752044677654,-0.0010000119209289116,0.00499999618530278,0.0030000066757202015,0.003000019550323474,0.008500014781951948,0.004499983310699451,0.0009999961853027761,-0.0035000095367431205,0.003000019550323474,-0.0009999885559082156,-0.0029999861717223686,0.0005000219345092649,0.001499996185302721,0.0014999752044677628,0.0024999833106994496,0.000999972820281969,0.005000006675720203,0.0030000219345093226,0.008499978542327868,0.003000011444091788,0.00549997043609618,0.008000021934509327,0.004000011444091789,0.0015000114440918422,0.007499996185302726,0.00800000190734862,0.004000009059906051,0.006500014781951946,0.0009999752044678178,-0.000499978065490736,0.00399999380111693,0.0035000066757202575,0.0005000219345092649,0.0029999833106995055,0.00949997854232787,0.004500017166137682,-0.000499978065490736,0.0030000066757202015,0.004000009059906051,0.003499970436096178,0.005500009059905997,0.0025000090599059943,0.004000009059906051,0.006499993801116988,0.002999970436096233,0.005000017166137738,0.0020000090599060494,0.005000017166137738,0.002000019550323473,0.002499996185302722,0.0035000066757202575,0.00399999380111693,0.0034999833106994505,0.0019999985694885147,-0.006500020027160658,0.002999996185302778,0.005000017166137738,0.003000011444091788,0.0004999880790710343,0.0015000243186951145,0.0009999880790710902,0.003499970436096178,0.004499980926513714,0.0055000042915344105,0.0030000066757202015,0.0004999856948852965,0.00849999141693114,-0.0015000014305114329,0.0004999856948852965,0.000999972820281969,0.003999970436096234,0.006499991416931139,0.0034999833106994505,-2.2411346445316838e-08,0.006999993801116933,0.0049999809265136586,0.002499996185302722,0.006000017166137739,0.008000014781951892,0.0005000114440918413,-0.0014999885559081605,0.0029999752044678196,-0.000999978065490681,-0.0019999885559082164,0.0054999809265137145,-0.000500024795532239,0.005500019550323532,0.007500014781951947,-2.2411346445316838e-08,0.004999970436096235
