,Expr-328-ep-16.pt,Expr-965-ep-21.pt,Expr-809-ep-22.pt,Expr-605-ep-19.pt
Age,0.00680271743917138,0.006802722304856679,0.013605438527606761,0.020408159616042143
DailyRate,-2.02736887278121e-08,-0.0034013544621110947,0.006802700814746654,0.013605421903182036
DistanceFromHome,0.017006794206139153,0.006802722304856679,0.023809515294574535,0.013605421903182036
Gender,0.0034013783850637136,-1.5408003428696304e-08,0.017006777581714427,0.01020408284907437
HourlyRate,-2.02736887278121e-08,-1.5408003428696304e-08,0.02040817624046687,0.01020408284907437
MonthlyIncome,-0.013605436094764167,0.013605460017716786,0.013605438527606761,0.020408159616042143
MonthlyRate,-2.02736887278121e-08,0.010204061358964345,0.003401361760638988,0.020408159616042143
OverTime,0.05782310127401025,0.057823106139695546,0.06462582236244563,0.04421771180873013
PercentSalaryHike,0.0034013783850637136,-0.0034013544621110947,0.003401361760638988,0.013605421903182036
PerformanceRating,0.010204056493279046,-1.5408003428696304e-08,0.003401361760638988,6.08210659613917e-09
TotalWorkingYears,0.010204056493279046,-0.006802693516218761,0.010204099473499095,0.01020408284907437
YearsAtCompany,0.00680271743917138,-0.010204092174971202,0.010204099473499095,0.013605421903182036
YearsInCurrentRole,0.010204056493279046,0.020408138125932118,0.017006777581714427,0.013605421903182036
YearsSinceLastPromotion,0.013605455152031487,-1.5408003428696304e-08,0.017006777581714427,0.0068027437949667036
YearsWithCurrManager,0.027210870973106926,0.013605460017716786,0.023809515294574535,0.017006820561934477
BusinessTravel_Non-Travel,0.0034013783850637136,0.013605460017716786,0.003401361760638988,0.017006820561934477
BusinessTravel_Travel_Frequently,0.010204056493279046,0.0034013832507490127,0.006802700814746654,0.0068027437949667036
BusinessTravel_Travel_Rarely,-0.003401359327796394,0.0034013832507490127,0.013605438527606761,0.0068027437949667036
Department_Human Resources,0.0034013783850637136,-0.006802693516218761,0.003401361760638988,6.08210659613917e-09
Department_Research & Development,0.0034013783850637136,-0.0034013544621110947,0.010204099473499095,6.08210659613917e-09
Department_Sales,-2.02736887278121e-08,-0.0034013544621110947,-0.0034013759522211195,0.01020408284907437
EducationField_Human Resources,-2.02736887278121e-08,-1.5408003428696304e-08,2.2706531321858847e-08,6.08210659613917e-09
EducationField_Life Sciences,0.00680271743917138,0.006802722304856679,2.2706531321858847e-08,0.003401345136214262
EducationField_Marketing,-2.02736887278121e-08,-0.0034013544621110947,0.010204099473499095,0.0068027437949667036
EducationField_Medical,-0.003401359327796394,0.006802722304856679,0.013605438527606761,0.003401345136214262
EducationField_Other,0.0034013783850637136,0.0034013832507490127,2.2706531321858847e-08,-0.00340133297200107
EducationField_Technical Degree,0.00680271743917138,0.010204061358964345,0.013605438527606761,6.08210659613917e-09
JobRole_Healthcare Representative,0.010204056493279046,0.0034013832507490127,0.010204099473499095,-0.006802731630753511
JobRole_Human Resources,0.0034013783850637136,-0.0034013544621110947,0.003401361760638988,6.08210659613917e-09
JobRole_Laboratory Technician,0.010204056493279046,-0.010204092174971202,0.003401361760638988,6.08210659613917e-09
JobRole_Manager,0.0034013783850637136,-0.0034013544621110947,0.003401361760638988,0.013605421903182036
JobRole_Manufacturing Director,0.0034013783850637136,-1.5408003428696304e-08,2.2706531321858847e-08,6.08210659613917e-09
JobRole_Research Director,0.0034013783850637136,0.0034013832507490127,0.003401361760638988,0.003401345136214262
JobRole_Research Scientist,0.00680271743917138,-0.006802693516218761,0.010204099473499095,0.013605421903182036
JobRole_Sales Executive,0.00680271743917138,0.006802722304856679,0.017006777581714427,0.01020408284907437
JobRole_Sales Representative,0.0034013783850637136,-0.0034013544621110947,0.003401361760638988,0.0068027437949667036
MaritalStatus_Divorced,0.0034013783850637136,0.006802722304856679,2.2706531321858847e-08,6.08210659613917e-09
MaritalStatus_Married,-2.02736887278121e-08,-1.5408003428696304e-08,0.017006777581714427,0.0068027437949667036
MaritalStatus_Single,0.0034013783850637136,-0.010204092174971202,0.013605438527606761,0.003401345136214262
Education_1,-0.010204097040656501,-0.0034013544621110947,2.2706531321858847e-08,-0.00340133297200107
Education_2,0.00680271743917138,-1.5408003428696304e-08,2.2706531321858847e-08,-0.006802731630753511
Education_3,0.00680271743917138,-0.006802693516218761,0.003401361760638988,6.08210659613917e-09
Education_4,0.0034013783850637136,0.006802722304856679,0.010204099473499095,0.01020408284907437
Education_5,-2.02736887278121e-08,-1.5408003428696304e-08,2.2706531321858847e-08,6.08210659613917e-09
RelationshipSatisfaction_1,0.00680271743917138,-0.0034013544621110947,0.010204099473499095,0.02380949867014981
RelationshipSatisfaction_2,0.0034013783850637136,0.006802722304856679,0.006802700814746654,6.08210659613917e-09
RelationshipSatisfaction_3,0.013605455152031487,-1.5408003428696304e-08,2.2706531321858847e-08,0.003401345136214262
RelationshipSatisfaction_4,-2.02736887278121e-08,-1.5408003428696304e-08,0.010204099473499095,0.003401345136214262
StockOptionLevel_0,0.00680271743917138,-0.0034013544621110947,0.013605438527606761,0.0068027437949667036
StockOptionLevel_1,0.017006794206139153,-0.0034013544621110947,0.02040817624046687,0.01020408284907437
StockOptionLevel_2,0.0034013783850637136,-1.5408003428696304e-08,2.2706531321858847e-08,6.08210659613917e-09
StockOptionLevel_3,0.0034013783850637136,-1.5408003428696304e-08,2.2706531321858847e-08,6.08210659613917e-09
TrainingTimesLastYear_0,0.0034013783850637136,0.006802722304856679,0.003401361760638988,0.0068027437949667036
TrainingTimesLastYear_1,-2.02736887278121e-08,-1.5408003428696304e-08,-0.0034013759522211195,6.08210659613917e-09
TrainingTimesLastYear_2,-0.010204097040656501,-0.0034013544621110947,2.2706531321858847e-08,-0.00340133297200107
TrainingTimesLastYear_3,-0.010204097040656501,-0.0034013544621110947,0.010204099473499095,-0.006802731630753511
TrainingTimesLastYear_4,-0.00680269838190406,0.0034013832507490127,0.006802700814746654,0.0068027437949667036
TrainingTimesLastYear_5,-2.02736887278121e-08,-0.0034013544621110947,0.003401361760638988,-0.00340133297200107
TrainingTimesLastYear_6,0.0034013783850637136,0.0034013832507490127,0.006802700814746654,-0.006802731630753511
WorkLifeBalance_1,0.0034013783850637136,0.006802722304856679,0.013605438527606761,6.08210659613917e-09
WorkLifeBalance_2,-2.02736887278121e-08,-0.006802693516218761,0.003401361760638988,0.003401345136214262
WorkLifeBalance_3,0.00680271743917138,-0.006802693516218761,0.006802700814746654,0.01020408284907437
WorkLifeBalance_4,-2.02736887278121e-08,-1.5408003428696304e-08,2.2706531321858847e-08,6.08210659613917e-09
EnvironmentSatisfaction_1,0.0034013783850637136,0.006802722304856679,-0.0068027150063287856,0.0068027437949667036
EnvironmentSatisfaction_2,-0.010204097040656501,-0.0034013544621110947,0.003401361760638988,0.003401345136214262
EnvironmentSatisfaction_3,-0.003401359327796394,-0.0034013544621110947,-0.0068027150063287856,0.0068027437949667036
EnvironmentSatisfaction_4,0.02380953191899926,0.020408138125932118,0.006802700814746654,0.030612236383009916
JobInvolvement_1,0.013605455152031487,0.006802722304856679,0.010204099473499095,0.003401345136214262
JobInvolvement_2,-0.00680269838190406,-1.5408003428696304e-08,0.006802700814746654,0.013605421903182036
JobInvolvement_3,0.0034013783850637136,-0.006802693516218761,0.003401361760638988,0.0068027437949667036
JobInvolvement_4,0.0034013783850637136,-0.006802693516218761,2.2706531321858847e-08,0.0068027437949667036
JobLevel_1,0.0034013783850637136,-1.5408003428696304e-08,0.006802700814746654,0.013605421903182036
JobLevel_2,0.00680271743917138,0.010204061358964345,0.003401361760638988,-0.006802731630753511
JobLevel_3,-0.003401359327796394,-0.0034013544621110947,0.006802700814746654,0.01020408284907437
JobLevel_4,0.0034013783850637136,0.0034013832507490127,2.2706531321858847e-08,0.003401345136214262
JobLevel_5,-2.02736887278121e-08,-0.0034013544621110947,2.2706531321858847e-08,6.08210659613917e-09
JobSatisfaction_1,0.00680271743917138,-0.0034013544621110947,0.010204099473499095,-0.00340133297200107
JobSatisfaction_2,-0.003401359327796394,-0.0034013544621110947,0.003401361760638988,6.08210659613917e-09
JobSatisfaction_3,-0.00680269838190406,-1.5408003428696304e-08,0.006802700814746654,0.0068027437949667036
JobSatisfaction_4,-2.02736887278121e-08,-0.013605431229078868,0.003401361760638988,0.01020408284907437
NumCompaniesWorked_0,0.0034013783850637136,-1.5408003428696304e-08,0.017006777581714427,0.0068027437949667036
NumCompaniesWorked_1,-2.02736887278121e-08,-0.0034013544621110947,0.013605438527606761,0.01020408284907437
NumCompaniesWorked_2,-2.02736887278121e-08,0.0034013832507490127,-0.0034013759522211195,0.003401345136214262
NumCompaniesWorked_3,-0.003401359327796394,0.006802722304856679,0.010204099473499095,0.003401345136214262
NumCompaniesWorked_4,0.0034013783850637136,-1.5408003428696304e-08,0.006802700814746654,6.08210659613917e-09
NumCompaniesWorked_5,0.0034013783850637136,0.006802722304856679,0.003401361760638988,0.0068027437949667036
NumCompaniesWorked_6,0.00680271743917138,0.0034013832507490127,0.003401361760638988,0.003401345136214262
NumCompaniesWorked_7,-2.02736887278121e-08,-1.5408003428696304e-08,0.006802700814746654,6.08210659613917e-09
NumCompaniesWorked_8,0.0034013783850637136,-1.5408003428696304e-08,0.003401361760638988,0.0068027437949667036
NumCompaniesWorked_9,-0.003401359327796394,-1.5408003428696304e-08,0.003401361760638988,6.08210659613917e-09
