,ones,zeros,Unbalance_percent_rs
42644,60,23,27.71
42469,78,5,6.02
47035,1,82,1.2
42779,42,41,49.4
45473,26,57,31.33
46161,25,58,30.12
44551,79,4,4.82
48192,30,53,36.14
40389,22,61,26.51
45179,12,71,14.46
42762,2,81,2.41
44777,3,80,3.61
48217,55,28,33.73
47784,41,42,49.4
41366,17,66,20.48
41882,20,63,24.1
48239,18,65,21.69
47671,1,82,1.2
41819,72,11,13.25
42904,16,67,19.28
47254,44,39,46.99
39594,72,11,13.25
43325,3,80,3.61
40194,82,1,1.2
47920,82,1,1.2
46493,3,80,3.61
40184,79,4,4.82
48482,49,34,40.96
43658,24,59,28.92
42889,11,72,13.25
39918,73,10,12.05
47786,67,16,19.28
42382,62,21,25.3
44119,60,23,27.71
43533,72,11,13.25
45114,80,3,3.61
43641,3,80,3.61
44092,68,15,18.07
47505,33,50,39.76
47452,19,64,22.89
47251,1,82,1.2
45452,74,9,10.84
46618,6,77,7.23
48592,67,16,19.28
43397,81,2,2.41
44253,63,20,24.1
43570,66,17,20.48
43884,80,3,3.61
47978,1,82,1.2
44618,69,14,16.87
45088,11,72,13.25
39087,47,36,43.37
46530,77,6,7.23
43526,73,10,12.05
40665,78,5,6.02
45151,11,72,13.25
45515,64,19,22.89
41585,15,68,18.07
48751,75,8,9.64
45410,2,81,2.41
45149,45,38,45.78
47587,9,74,10.84
42147,75,8,9.64
47892,70,13,15.66
39528,10,73,12.05
42768,12,71,14.46
42815,68,15,18.07
47525,15,68,18.07
40424,76,7,8.43
43975,10,73,12.05
39754,2,81,2.41
43227,7,76,8.43
43581,57,26,31.33
48444,55,28,33.73
47571,27,56,32.53
42826,1,82,1.2
44489,81,2,2.41
48114,69,14,16.87
39706,75,8,9.64
48719,32,51,38.55
42104,81,2,2.41
42928,16,67,19.28
47287,53,30,36.14
43124,56,27,32.53
40359,1,82,1.2
47380,1,82,1.2
47736,55,28,33.73
40886,1,82,1.2
45942,56,27,32.53
47124,81,2,2.41
44791,76,7,8.43
47252,80,3,3.61
44891,60,23,27.71
44470,57,26,31.33
47549,82,1,1.2
43991,16,67,19.28
40707,79,4,4.82
45905,11,72,13.25
39774,1,82,1.2
43510,75,8,9.64
46291,77,6,7.23
39190,81,2,2.41
44320,58,25,30.12
41168,4,79,4.82
48028,2,81,2.41
45818,35,48,42.17
44070,46,37,44.58
41590,1,82,1.2
46558,63,20,24.1
42696,82,1,1.2
42837,71,12,14.46
46315,38,45,45.78
44159,82,1,1.2
40125,81,2,2.41
46663,2,81,2.41
39711,13,70,15.66
48263,70,13,15.66
48106,28,55,33.73
43503,11,72,13.25
43718,9,74,10.84
40019,7,76,8.43
48126,52,31,37.35
41204,78,5,6.02
39800,77,6,7.23
40433,5,78,6.02
48586,9,74,10.84
40466,69,14,16.87
42637,3,80,3.61
40688,26,57,31.33
48517,10,73,12.05
43525,10,73,12.05
47114,1,82,1.2
42118,3,80,3.61
48112,82,1,1.2
48736,80,3,3.61
46654,55,28,33.73
39655,1,82,1.2
43277,2,81,2.41
40083,66,17,20.48
45782,82,1,1.2
40809,5,78,6.02
40849,12,71,14.46
48350,3,80,3.61
45835,80,3,3.61
40326,75,8,9.64
47814,33,50,39.76
42361,3,80,3.61
39143,21,62,25.3
42185,82,1,1.2
44928,3,80,3.61
42891,14,69,16.87
43957,1,82,1.2
41081,24,59,28.92
40385,1,82,1.2
48306,29,54,34.94
41801,44,39,46.99
42090,78,5,6.02
42143,52,31,37.35
41636,26,57,31.33
48340,6,77,7.23
39519,78,5,6.02
44481,22,61,26.51
40077,53,30,36.14
40580,32,51,38.55
39335,69,14,16.87
44104,40,43,48.19
48837,2,81,2.41
44790,3,80,3.61
42416,36,47,43.37
46629,70,13,15.66
47356,2,81,2.41
40588,15,68,18.07
44992,2,81,2.41
47286,69,14,16.87
41344,56,27,32.53
43445,4,79,4.82
43638,52,31,37.35
46706,1,82,1.2
42478,73,10,12.05
39555,2,81,2.41
47838,4,79,4.82
41698,3,80,3.61
43898,5,78,6.02
47785,14,69,16.87
43037,81,2,2.41
42551,2,81,2.41
45840,45,38,45.78
41175,68,15,18.07
44048,49,34,40.96
44787,6,77,7.23
46475,32,51,38.55
44436,17,66,20.48
44397,80,3,3.61
40141,53,30,36.14
40659,35,48,42.17
40230,38,45,45.78
44340,56,27,32.53
45372,2,81,2.41
42272,56,27,32.53
45462,78,5,6.02
41139,66,17,20.48
46866,80,3,3.61
47288,12,71,14.46
46009,82,1,1.2
46970,37,46,44.58
43160,2,81,2.41
43634,31,52,37.35
48425,69,14,16.87
47528,72,11,13.25
48820,23,60,27.71
39826,11,72,13.25
48497,26,57,31.33
41303,3,80,3.61
48599,10,73,12.05
42117,2,81,2.41
46155,38,45,45.78
42242,1,82,1.2
44018,16,67,19.28
42783,7,76,8.43
41556,69,14,16.87
41705,71,12,14.46
44527,44,39,46.99
42951,3,80,3.61
46680,20,63,24.1
44614,43,40,48.19
45073,9,74,10.84
39126,80,3,3.61
43835,2,81,2.41
42591,76,7,8.43
42385,46,37,44.58
41558,39,44,46.99
39458,1,82,1.2
44118,24,59,28.92
39261,70,13,15.66
42437,3,80,3.61
45164,82,1,1.2
43654,20,63,24.1
41336,7,76,8.43
46803,58,25,30.12
40345,81,2,2.41
45864,19,64,22.89
40158,51,32,38.55
48025,75,8,9.64
44866,22,61,26.51
41432,28,55,33.73
41073,9,74,10.84
41513,1,82,1.2
47707,9,74,10.84
41910,29,54,34.94
41214,71,12,14.46
47797,77,6,7.23
44457,3,80,3.61
41568,36,47,43.37
47548,11,72,13.25
41429,67,16,19.28
40599,1,82,1.2
40715,73,10,12.05
46504,2,81,2.41
45674,10,73,12.05
48763,29,54,34.94
40857,81,2,2.41
42074,35,48,42.17
42549,51,32,38.55
46560,2,81,2.41
41839,29,54,34.94
39839,12,71,14.46
45013,74,9,10.84
39495,40,43,48.19
42319,50,33,39.76
44447,80,3,3.61
47485,54,29,34.94
43276,30,53,36.14
42988,10,73,12.05
46583,46,37,44.58
41903,45,38,45.78
40959,6,77,7.23
42503,1,82,1.2
40041,42,41,49.4
40764,77,6,7.23
42740,79,4,4.82
41704,57,26,31.33
46748,31,52,37.35
44232,81,2,2.41
40766,42,41,49.4
47083,1,82,1.2
42568,80,3,3.61
41183,75,8,9.64
41854,49,34,40.96
41706,45,38,45.78
48826,37,46,44.58
40615,74,9,10.84
41790,18,65,21.69
39733,81,2,2.41
46681,76,7,8.43
42649,69,14,16.87
42473,68,15,18.07
45464,36,47,43.37
48113,11,72,13.25
46324,1,82,1.2
41080,19,64,22.89
48016,25,58,30.12
42138,64,19,22.89
39750,27,56,32.53
44380,4,79,4.82
41161,14,69,16.87
44477,38,45,45.78
42607,5,78,6.02
43799,44,39,46.99
43578,31,52,37.35
41559,52,31,37.35
43992,70,13,15.66
48286,37,46,44.58
39478,2,81,2.41
40855,22,61,26.51
42663,81,2,2.41
48635,77,6,7.23
46257,57,26,31.33
41994,3,80,3.61
43082,15,68,18.07
47009,69,14,16.87
41571,68,15,18.07
39537,79,4,4.82
45479,60,23,27.71
44923,70,13,15.66
40604,21,62,25.3
41140,80,3,3.61
42933,4,79,4.82
47278,10,73,12.05
40206,3,80,3.61
43611,42,41,49.4
45751,76,7,8.43
47062,69,14,16.87
44573,71,12,14.46
45393,82,1,1.2
43349,82,1,1.2
43728,14,69,16.87
46699,61,22,26.51
43269,5,78,6.02
43117,46,37,44.58
46270,5,78,6.02
39559,76,7,8.43
41388,14,69,16.87
40035,5,78,6.02
45446,56,27,32.53
45857,31,52,37.35
47502,21,62,25.3
40172,1,82,1.2
42022,25,58,30.12
44693,21,62,25.3
