,Expr-295-ep-15.pt,Expr-333-ep-10.pt,Expr-541-ep-1.pt,Expr-812-ep-2.pt,Expr-886-ep-14.pt
age,0.02182822901588355,0.023057994172572593,0.011477756363418523,0.011272820214019208,0.019163763469348893
capital-gain,0.03668784577232276,0.03679030828237484,0.034843194347885076,0.0325886332785944,0.03340849871028517
capital-loss,0.006661171501692875,0.0039967267966265485,0.0033818362775115407,0.005636426190123944,0.0040992259441718915
hours-per-week,0.011580223625716313,0.00922321967840145,0.009838092190292302,0.009018214920745282,0.007890975421558366
workclass_Federal-gov,0.0018446393666831096,0.0018446414923662946,0.00030742869999689226,-2.7438416094760498e-08,-0.00030746465336228823
workclass_Local-gov,0.0013322182355490764,0.001229759976863365,0.00030742869999689226,0.0003074133193353701,0.0006148576198921063
workclass_Never-worked,-5.179825679491046e-09,-3.054142494463008e-09,-1.2057754572580848e-08,-2.7438416094760498e-08,-2.389561082338787e-08
workclass_Private,0.0016396589933005412,0.0025619833922381208,0.0011272905888823903,-2.7438416094760498e-08,0.0013322591244087079
workclass_Self-emp-inc,0.000102455204543217,0.0006148784613604352,0.00030742869999689226,0.00040993330834904196,0.00020495647777174497
workclass_Self-emp-not-inc,0.003894264286574467,0.00379174642324398,0.002254533630874578,0.0016396963393549013,0.0015371798931465008
workclass_State-gov,0.0013322182355490764,0.0008198588347430036,-0.0003074528155060374,0.0002049529349664736,0.0007173776089057782
workclass_Without-pay,0.000102455204543217,0.00010245733022640202,-1.2057754572580848e-08,-2.7438416094760498e-08,-2.389561082338787e-08
education_11th,0.0010247774777976115,0.0009223192191119001,0.00020496831562799578,0.0006148540770868349,-2.389561082338787e-08
education_12th,0.0005124159513083537,0.0003074377036089704,-0.00020493282649236555,-2.7438416094760498e-08,-2.389561082338787e-08
education_1st-4th,0.00040989596229468184,-3.054142494463008e-09,-1.2057754572580848e-08,0.0009222948348382998,-0.0004099250377311847
education_5th-6th,0.00030743557792578535,0.0008198588347430036,0.0010247705998687184,0.0006148540770868349,0.00010249609340284849
education_7th-8th,0.00020497519355688887,0.0010247796034807966,0.002254533630874578,0.002254577854857831,0.0013322591244087079
education_9th,0.000102455204543217,-0.00010246343851139095,0.0006148694577483571,0.0006148540770868349,0.0005123972355232098
education_Assoc-acdm,0.0006148763356772502,0.0008198588347430036,0.00040994868901056414,0.0002049529349664736,0.00040993685115431333
education_Assoc-voc,0.0018446393666831096,0.0006148784613604352,0.0006148694577483571,0.0002049529349664736,-0.0007173657954826496
education_Bachelors,0.018446380680617436,0.016294297502040367,0.0076860068860320485,0.005226465443358808,0.017319118922840104
education_Doctorate,0.006763691490706547,0.004611608312129478,0.0031768559041289723,0.0028694593703607607,0.0059438704906806805
education_HS-grad,0.0031768627820578654,0.0016396611189837262,0.00174217210438532,0.0015371763503412295,0.0009222983776435711
education_Masters,0.01137530285697852,0.012092646882533531,0.003586816650894109,0.004406663159118085,0.013014948314319597
education_Preschool,0.000102455204543217,0.00010245733022640202,0.00020496831562799578,-0.00020494820715388773,-0.00010248427997971987
education_Prof-school,0.007173592632826908,0.005841371343135338,0.003586816650894109,0.003586801270232587,0.0068661331592903
education_Some-college,0.005328948086318119,0.0014347403502459333,0.0006148694577483571,0.0010248148238519716,0.003176903670917497
marital-status_Married-AF-spouse,0.000102455204543217,-3.054142494463008e-09,-0.00010247244212346907,-0.00020494820715388773,-0.00010248427997971987
marital-status_Married-civ-spouse,0.017319137638625248,0.013219949529170494,0.0058413623395232595,0.007276090363250165,0.013219928687702165
marital-status_Married-spouse-absent,-5.179825679491046e-09,0.0003074377036089704,0.00020496831562799578,-0.00010248782278499124,-0.0006149054111137531
marital-status_Never-married,-0.0010247878374489705,0.0007173388457293317,0.0008198498311309255,-0.0007173693382879209,-0.000819826179851546
marital-status_Separated,0.00020497519355688887,0.0009223192191119001,-1.2057754572580848e-08,-2.7438416094760498e-08,-0.00020494466434861636
marital-status_Widowed,-0.00010246556419457598,0.00040989808797786687,0.00030742869999689226,-0.00020494820715388773,0.0008198379932746747
occupation_Adm-clerical,0.003074402397688969,0.0014347403502459333,0.0011272905888823903,0.0006148540770868349,0.0013322591244087079
occupation_Armed-Forces,-5.179825679491046e-09,-3.054142494463008e-09,-1.2057754572580848e-08,-2.7438416094760498e-08,-2.389561082338787e-08
occupation_Craft-repair,0.0006148763356772502,0.0014347403502459333,0.0011272905888823903,-2.7438416094760498e-08,-0.00010248427997971987
occupation_Exec-managerial,0.007686013763960942,0.00379174642324398,0.004201698166397039,0.00471410391686955,0.0032793640552863934
occupation_Farming-fishing,0.002049619740065678,0.0015372007346148298,0.0018446324887542165,0.002766939381347089,0.0014347195087776043
occupation_Handlers-cleaners,0.0008198567090598186,0.001229759976863365,0.0010247705998687184,0.0017421567237237978,0.0017421602665290692
occupation_Machine-op-inspct,-5.179825679491046e-09,0.00010245733022640202,0.0015371917310027516,0.0008198344504694033,0.0005123972355232098
occupation_Other-service,0.0034843035398093303,0.004611608312129478,0.0012297509732512868,0.0018446171080926943,0.0016396998821601727
occupation_Priv-house-serv,0.00030743557792578535,0.0005124180769915387,0.00020496831562799578,-0.0003074681961675596,0.00020495647777174497
occupation_Prof-specialty,0.0026645012555686076,0.0018446414923662946,0.0018446324887542165,0.0007173740661005068,0.0024595021664008954
occupation_Protective-serv,0.0006148763356772502,0.001947101876735191,0.0012297509732512868,0.0020495974814752627,0.001024818366657243
occupation_Sales,0.003894264286574467,0.002357062623500328,0.0025619743886260427,0.0017421567237237978,0.0018446206508979657
occupation_Tech-support,0.0023570604978171428,0.0016396611189837262,0.0014347313466338552,0.001434715965972333,0.0005123972355232098
occupation_Transport-moving,0.0015371986089316447,0.0009223192191119001,0.000717389446762029,0.00040993330834904196,0.001024818366657243
relationship_Not-in-family,0.009940559452590092,0.012092646882533531,0.010452973705795232,0.006558748463378339,0.0061487912594184735
relationship_Other-relative,0.0006148763356772502,0.0009223192191119001,0.0014347313466338552,0.0013322555816034365,0.0008198379932746747
relationship_Own-child,0.0036892839131918986,0.007686015889644127,0.006148803097274724,0.0053289854323724795,0.004714107459674821
relationship_Unmarried,0.004304165428694828,0.00440662793874691,0.006456243855026189,0.004509123543486981,0.004714107459674821
relationship_Wife,0.00030743557792578535,0.0011272995924944684,0.002766954762008611,0.0012297355925897646,0.0021520614086494305
race_Asian-Pac-Islander,0.0008198567090598186,0.0003074377036089704,0.00040994868901056414,-0.00010248782278499124,0.00010249609340284849
race_Black,0.00030743557792578535,0.0006148784613604352,-1.2057754572580848e-08,0.0005123936927179384,-0.0005123854221000812
race_Other,0.00020497519355688887,-0.0003074438118939593,0.00020496831562799578,-2.7438416094760498e-08,0.00010249609340284849
race_White,0.00030743557792578535,0.00040989808797786687,0.00030742869999689226,-0.00010248782278499124,0.00030741686214064146
gender_Male,0.004611606186446293,0.0028694241499895856,0.003074395519760076,0.0028694593703607607,0.0026644825397834637
native-country_Cambodia,-0.00010246556419457598,-3.054142494463008e-09,-1.2057754572580848e-08,-0.00010248782278499124,-2.389561082338787e-08
native-country_Canada,0.0005124159513083537,-3.054142494463008e-09,0.0001025079312590993,0.0002049529349664736,0.00010249609340284849
native-country_China,0.00020497519355688887,-0.00020498342752506282,-0.00010247244212346907,-0.0004099285805364561,-0.00020494466434861636
native-country_Columbia,0.0006148763356772502,0.0003074377036089704,0.00020496831562799578,-2.7438416094760498e-08,0.00020495647777174497
native-country_Cuba,0.000102455204543217,0.00010245733022640202,0.0001025079312590993,0.00010249255059757711,-2.389561082338787e-08
native-country_Dominican-Republic,0.000102455204543217,-3.054142494463008e-09,0.00030742869999689226,-2.7438416094760498e-08,-2.389561082338787e-08
native-country_Ecuador,-5.179825679491046e-09,-0.00010246343851139095,-0.00020493282649236555,-0.00010248782278499124,0.00010249609340284849
native-country_El-Salvador,0.00030743557792578535,-3.054142494463008e-09,0.00030742869999689226,-0.00010248782278499124,0.00030741686214064146
native-country_England,0.00020497519355688887,-0.00010246343851139095,-0.00010247244212346907,-0.00020494820715388773,-2.389561082338787e-08
native-country_France,-5.179825679491046e-09,0.0002049773192400739,-1.2057754572580848e-08,-0.00010248782278499124,0.00010249609340284849
native-country_Germany,0.000102455204543217,-0.00010246343851139095,-1.2057754572580848e-08,0.0002049529349664736,-0.00010248427997971987
native-country_Greece,-0.00010246556419457598,-3.054142494463008e-09,-0.00010247244212346907,-0.00010248782278499124,-0.00010248427997971987
native-country_Guatemala,0.00040989596229468184,0.0002049773192400739,-1.2057754572580848e-08,-0.00010248782278499124,-2.389561082338787e-08
native-country_Haiti,0.000102455204543217,-3.054142494463008e-09,0.0001025079312590993,0.00010249255059757711,-2.389561082338787e-08
native-country_Holand-Netherlands,-5.179825679491046e-09,-3.054142494463008e-09,-1.2057754572580848e-08,-2.7438416094760498e-08,-2.389561082338787e-08
native-country_Honduras,0.000102455204543217,-3.054142494463008e-09,-0.00010247244212346907,-2.7438416094760498e-08,0.00010249609340284849
native-country_Hong,-0.00010246556419457598,-3.054142494463008e-09,0.00020496831562799578,-2.7438416094760498e-08,-0.00010248427997971987
native-country_Hungary,-5.179825679491046e-09,0.0002049773192400739,-0.00010247244212346907,-2.7438416094760498e-08,-0.00010248427997971987
native-country_India,0.000102455204543217,0.00010245733022640202,0.0001025079312590993,-2.7438416094760498e-08,-2.389561082338787e-08
native-country_Iran,0.00020497519355688887,-0.00010246343851139095,0.0001025079312590993,0.00010249255059757711,0.00010249609340284849
native-country_Ireland,-5.179825679491046e-09,-0.00020498342752506282,-0.00010247244212346907,-0.00020494820715388773,-2.389561082338787e-08
native-country_Italy,0.00020497519355688887,-3.054142494463008e-09,0.0001025079312590993,-2.7438416094760498e-08,-2.389561082338787e-08
native-country_Jamaica,-0.0004099063219460408,-0.0003074438118939593,-1.2057754572580848e-08,-0.00020494820715388773,-0.00010248427997971987
native-country_Japan,0.00020497519355688887,-0.00010246343851139095,-1.2057754572580848e-08,-2.7438416094760498e-08,0.00020495647777174497
native-country_Laos,-0.00030744593757714433,-3.054142494463008e-09,-0.00010247244212346907,-0.0003074681961675596,-0.00020494466434861636
native-country_Mexico,0.0013322182355490764,0.0007173388457293317,-1.2057754572580848e-08,0.0007173740661005068,0.0007173776089057782
native-country_Nicaragua,0.000102455204543217,-3.054142494463008e-09,0.0001025079312590993,-0.00010248782278499124,-2.389561082338787e-08
native-country_Outlying-US(Guam-USVI-etc),-5.179825679491046e-09,0.0003074377036089704,-1.2057754572580848e-08,0.00010249255059757711,0.00010249609340284849
native-country_Peru,-5.179825679491046e-09,0.00010245733022640202,-0.00010247244212346907,-0.00010248782278499124,-0.00010248427997971987
native-country_Philippines,-0.00010246556419457598,-0.0003074438118939593,-1.2057754572580848e-08,0.0002049529349664736,0.00020495647777174497
native-country_Poland,0.00020497519355688887,-3.054142494463008e-09,-1.2057754572580848e-08,-2.7438416094760498e-08,0.00010249609340284849
native-country_Portugal,-5.179825679491046e-09,0.0003074377036089704,-0.00010247244212346907,-2.7438416094760498e-08,-2.389561082338787e-08
native-country_Puerto-Rico,-5.179825679491046e-09,0.0002049773192400739,0.00020496831562799578,0.0002049529349664736,0.00010249609340284849
native-country_Scotland,-5.179825679491046e-09,-0.00020498342752506282,-0.0003074528155060374,-0.00020494820715388773,-2.389561082338787e-08
native-country_South,0.000102455204543217,0.0002049773192400739,0.0001025079312590993,-2.7438416094760498e-08,0.00030741686214064146
native-country_Taiwan,-5.179825679491046e-09,0.0002049773192400739,-1.2057754572580848e-08,-2.7438416094760498e-08,-2.389561082338787e-08
native-country_Thailand,-5.179825679491046e-09,0.00010245733022640202,-1.2057754572580848e-08,0.00010249255059757711,0.00010249609340284849
native-country_Trinadad&Tobago,0.00030743557792578535,0.0005124180769915387,0.0001025079312590993,0.0002049529349664736,0.00030741686214064146
native-country_United-States,0.0011272974668112834,0.00010245733022640202,0.00020496831562799578,-0.00010248782278499124,0.00010249609340284849
native-country_Vietnam,0.00020497519355688887,0.0002049773192400739,-0.00010247244212346907,-0.00020494820715388773,0.00030741686214064146
native-country_Yugoslavia,-0.00030744593757714433,-0.00010246343851139095,-1.2057754572580848e-08,-0.00010248782278499124,-0.00010248427997971987
