,index,Expr-142-ep-5.pt,Expr-143-ep-9.pt,Expr-144-ep-6.pt,Expr-145-ep-8.pt,Expr-285-ep-0.pt,Expr-286-ep-0.pt,Expr-287-ep-0.pt,Expr-288-ep-0.pt,Expr-289-ep-0.pt,Expr-290-ep-0.pt,Expr-291-ep-0.pt,Expr-292-ep-0.pt
0,1176,0.0006475741392932832,4.633633068351628e-07,0.00014823667879682034,4.5096217036189046e-06,0.05571676418185234,0.05683431774377823,0.05920819193124771,0.06332699209451675,0.07100764662027359,0.07066577672958374,0.06979762017726898,0.06250649690628052
1,1177,0.0013685966841876507,7.656227353436407e-06,0.0008736718446016312,4.3139960325788707e-05,0.03859403356909752,0.04039884731173515,0.04295371100306511,0.046991560608148575,0.05403660610318184,0.044302940368652344,0.04580194875597954,0.044327378273010254
2,1178,0.48288485407829285,0.22041912376880646,0.5690311789512634,0.32031893730163574,0.21361619234085083,0.21547430753707886,0.22308196127414703,0.20881888270378113,0.2148781269788742,0.20551617443561554,0.19358637928962708,0.17971953749656677
3,1179,0.0004025145899504423,0.00010311185178579763,0.00020941553520970047,2.5720506528159603e-05,0.054790861904621124,0.05685817077755928,0.059518974274396896,0.06040840595960617,0.06877702474594116,0.062301404774188995,0.06038082018494606,0.05961279943585396
4,1180,0.3895830512046814,0.3582625091075897,0.2961217164993286,0.35810407996177673,0.08484409749507904,0.08985430002212524,0.09438911080360413,0.09053371846675873,0.1020849347114563,0.09959917515516281,0.0984669104218483,0.08164351433515549
5,1181,0.001891584019176662,0.00015141512267291546,0.0009306871215812862,0.00029754542629234493,0.024918731302022934,0.025131864473223686,0.026252714917063713,0.029958855360746384,0.03470735251903534,0.028317373245954514,0.03216611221432686,0.03076585754752159
6,1182,0.00032087560975924134,2.1085579646751285e-05,0.00028327773907221854,4.2623767512850463e-05,0.1257113367319107,0.1262890100479126,0.12940791249275208,0.12462463974952698,0.13223710656166077,0.12542179226875305,0.11794071644544601,0.11507350206375122
7,1183,0.0013363321777433157,0.00012825879093725234,0.000825878232717514,0.00011130706843687221,0.06634082645177841,0.06854694336652756,0.07227669656276703,0.07365112006664276,0.08001958578824997,0.07471421360969543,0.06809193640947342,0.06282784789800644
8,1184,0.00013963860692456365,7.399035606425741e-09,1.1664613339235075e-05,3.612171894928906e-07,0.01876234821975231,0.018901219591498375,0.019766367971897125,0.0227807629853487,0.02640833705663681,0.022035768255591393,0.02448190376162529,0.02503398433327675
9,1185,0.0010111563606187701,9.704579497338273e-06,0.0006209547282196581,1.755121411406435e-05,0.0343489833176136,0.034043144434690475,0.03577529266476631,0.04031706228852272,0.04544305056333542,0.039365723729133606,0.040706731379032135,0.041648752987384796
10,1186,0.2826293706893921,0.4290872812271118,0.41254088282585144,0.48071205615997314,0.06624452024698257,0.06669017672538757,0.07040207087993622,0.07180126011371613,0.07981886714696884,0.06952191144227982,0.06612781435251236,0.0635959804058075
11,1187,0.0017921243561431766,0.0003485573979560286,0.0013769494835287333,0.0003475635894574225,0.04040996730327606,0.04137790948152542,0.043398499488830566,0.04515010118484497,0.053191378712654114,0.04810182377696037,0.04817019775509834,0.04741302505135536
12,1188,0.12115055322647095,0.20662689208984375,0.1270666867494583,0.12513944506645203,0.1020689308643341,0.1050335094332695,0.11249980330467224,0.11128067970275879,0.12352804839611053,0.11884251236915588,0.10717488080263138,0.09200833737850189
13,1189,0.0002803777460940182,1.9202952898922376e-06,0.0001000898628262803,3.5039374779444188e-06,0.1111120730638504,0.11389436572790146,0.11912243813276291,0.11575659364461899,0.1272967904806137,0.13033029437065125,0.11090592294931412,0.10650938004255295
14,1190,0.0005439588567242026,0.00031472649425268173,0.00042870506877079606,4.4975058699492365e-05,0.07219499349594116,0.07493092119693756,0.0798165425658226,0.07929637283086777,0.08940408378839493,0.08073873817920685,0.07201055437326431,0.07020212709903717
15,1191,0.035415731370449066,0.011518873274326324,0.026626454666256905,0.008897223509848118,0.11344053596258163,0.11815056949853897,0.12288370728492737,0.11851977556943893,0.1289147138595581,0.12625709176063538,0.110533706843853,0.10252253711223602
16,1192,0.45327049493789673,0.44870907068252563,0.4481557011604309,0.3470403850078583,0.07887852936983109,0.08495809137821198,0.09174825996160507,0.09222126752138138,0.10341918468475342,0.09994492679834366,0.09228403866291046,0.07566756010055542
17,1193,0.1507342904806137,0.06888078153133392,0.1582290083169937,0.07217259705066681,0.10830679535865784,0.11076913774013519,0.11550627648830414,0.11249767988920212,0.12060835212469101,0.10834211856126785,0.1063527837395668,0.09524711966514587
18,1194,0.0007776416605338454,2.3109996618586592e-06,0.00030697009060531855,2.3333615899900906e-05,0.036268774420022964,0.03696680814027786,0.03850800171494484,0.03972375765442848,0.04449715465307236,0.04075721278786659,0.038160014897584915,0.036649905145168304
19,1195,0.013213547877967358,0.0006684439722448587,0.006927049718797207,0.0010152158793061972,0.030244724825024605,0.031170673668384552,0.032545290887355804,0.03414135426282883,0.039715830236673355,0.033051423728466034,0.03321126475930214,0.03138329088687897
20,1196,0.46061086654663086,0.3822541832923889,0.3768642544746399,0.4559077024459839,0.07327774912118912,0.0763016864657402,0.08109570294618607,0.08043744415044785,0.09165763109922409,0.08941134065389633,0.08019476383924484,0.06797918677330017
21,1197,0.6270085573196411,0.28650107979774475,0.6544522643089294,0.417708158493042,0.17775073647499084,0.1868036389350891,0.19771966338157654,0.1823156177997589,0.19285626709461212,0.18637864291667938,0.17254139482975006,0.14817969501018524
22,1198,0.003635572036728263,0.00014528595784213394,0.0028770852368324995,0.00023223290918394923,0.0886499285697937,0.08922367542982101,0.09354853630065918,0.0937320813536644,0.10092372447252274,0.09395185858011246,0.0823495090007782,0.07991247624158859
23,1199,0.06767404824495316,0.05936301872134209,0.0944533720612526,0.05589675158262253,0.11156986653804779,0.11634251475334167,0.12498787045478821,0.12350613623857498,0.13681185245513916,0.14377297461032867,0.1261749267578125,0.10932696610689163
24,1200,0.08721280097961426,0.010785676538944244,0.05354757606983185,0.06197831407189369,0.09773694723844528,0.09846402704715729,0.10208993405103683,0.0998419001698494,0.10835812240839005,0.11187891662120819,0.10459206253290176,0.09239277988672256
25,1201,0.6201038360595703,0.4922192394733429,0.6543232798576355,0.6791640520095825,0.1358100324869156,0.14208823442459106,0.15192192792892456,0.14274701476097107,0.15519939363002777,0.1488221287727356,0.14022274315357208,0.12290215492248535
26,1202,0.03545202314853668,0.0002929429756477475,0.015384290367364883,0.0009392299107275903,0.10630586743354797,0.1090448647737503,0.11477837711572647,0.11036565154790878,0.11892629414796829,0.12195742130279541,0.1070459857583046,0.09672635048627853
27,1203,0.008912748657166958,0.0002771618019323796,0.003176882630214095,0.0003368738107383251,0.07484741508960724,0.07675569504499435,0.08224000036716461,0.08296985179185867,0.09198780357837677,0.08993334323167801,0.08535057306289673,0.07800762355327606
28,1204,0.1679801642894745,0.07620664685964584,0.1262970119714737,0.1209147498011589,0.07736629247665405,0.08153364807367325,0.08588982373476028,0.08724309504032135,0.098580002784729,0.09367166459560394,0.09152312576770782,0.08420988917350769
29,1205,0.4035927355289459,0.16806477308273315,0.3786720335483551,0.2133520245552063,0.1299557387828827,0.13557487726211548,0.14191940426826477,0.1321558952331543,0.14229416847229004,0.14392219483852386,0.13207867741584778,0.11465651541948318
30,1206,0.007466867100447416,0.0009056428098119795,0.007019595243036747,0.0018236491596326232,0.0881035253405571,0.09084127098321915,0.0960395485162735,0.09260309487581253,0.10244067758321762,0.09371523559093475,0.09275105595588684,0.08750541508197784
31,1207,0.18080754578113556,0.024991024285554886,0.1762220859527588,0.03275354206562042,0.08044883608818054,0.08518599718809128,0.09184429794549942,0.09243239462375641,0.10415942966938019,0.10425947606563568,0.09397395700216293,0.08362241834402084
32,1208,0.00382784241810441,0.006020627450197935,0.0024360374081879854,0.002664355793967843,0.05169524624943733,0.05363748222589493,0.05744834989309311,0.0580877885222435,0.06608552485704422,0.05787305161356926,0.05822240188717842,0.05601251497864723
33,1209,0.0029210378415882587,5.547542514250381e-06,0.0004125901614315808,5.2669598517240956e-05,0.05638691410422325,0.05726221203804016,0.05824828892946243,0.05956999212503433,0.06634711474180222,0.06478224694728851,0.059440091252326965,0.05626241862773895
34,1210,0.007778475061058998,0.0007062669028528035,0.0028187823481857777,0.001760029816068709,0.06801159679889679,0.07111244648694992,0.0771368071436882,0.07966876775026321,0.09110262244939804,0.0804053544998169,0.08164628595113754,0.07923673838376999
35,1211,0.023573443293571472,0.007627108599990606,0.018712852150201797,0.008173791691660881,0.10109200328588486,0.10180703550577164,0.1071849837899208,0.10612104833126068,0.11541825532913208,0.11441364139318466,0.09182016551494598,0.08988302946090698
36,1212,0.07121772319078445,0.024807773530483246,0.06491193175315857,0.01751948520541191,0.08961507678031921,0.0956302061676979,0.10406732559204102,0.10355650633573532,0.11616482585668564,0.10017780214548111,0.09955791383981705,0.09166649729013443
37,1213,0.09641507267951965,0.029056506231427193,0.08598456531763077,0.03401898965239525,0.12934806942939758,0.1328645944595337,0.1395837366580963,0.13188903033733368,0.1415729969739914,0.14029817283153534,0.12385053932666779,0.11153291165828705
38,1214,0.006843132898211479,0.001754971919581294,0.003154024248942733,0.001139771193265915,0.05640864372253418,0.057400573045015335,0.05902448669075966,0.061413705348968506,0.06936731189489365,0.06405964493751526,0.06402133405208588,0.06040288880467415
39,1215,0.36675602197647095,0.49162453413009644,0.38569870591163635,0.41900333762168884,0.1040869727730751,0.10670404881238937,0.11068439483642578,0.10255845636129379,0.11393509060144424,0.11008885502815247,0.10541653633117676,0.09387603402137756
40,1216,0.06743060052394867,0.29614391922950745,0.06980536133050919,0.104225292801857,0.05138687044382095,0.05261783301830292,0.05567384883761406,0.058972787111997604,0.06727065145969391,0.059214141219854355,0.056176863610744476,0.05366992950439453
41,1217,0.00668986514210701,0.0007405740907415748,0.004000186920166016,0.0006690545124001801,0.12119763344526291,0.1238352507352829,0.13027992844581604,0.12425047904253006,0.1345004290342331,0.12967874109745026,0.11963590234518051,0.11284526437520981
42,1218,0.235408216714859,0.28671419620513916,0.2261066883802414,0.10230960696935654,0.058856863528490067,0.061992816627025604,0.06629466265439987,0.06817548722028732,0.07790888100862503,0.06423113495111465,0.06127161905169487,0.057485539466142654
43,1219,0.08741351217031479,0.007687855511903763,0.04502450302243233,0.00503546604886651,0.13208334147930145,0.135858416557312,0.14145272970199585,0.13596674799919128,0.1432787925004959,0.13360336422920227,0.12564891576766968,0.11711044609546661
44,1220,0.01764434017241001,0.004640365485101938,0.010837350971996784,0.00800550077110529,0.06628134101629257,0.06794045120477676,0.07056812196969986,0.07096711546182632,0.08177502453327179,0.07434425503015518,0.07315148413181305,0.06875781714916229
45,1221,0.04721716046333313,0.0024289756547659636,0.049744803458452225,0.023897428065538406,0.02192389965057373,0.02179061248898506,0.02290947735309601,0.027113107964396477,0.033170685172080994,0.026055283844470978,0.027925783768296242,0.028436046093702316
46,1222,0.37181389331817627,0.012416749261319637,0.1595631092786789,0.060950133949518204,0.18903104960918427,0.19460226595401764,0.20392419397830963,0.19091062247753143,0.20026226341724396,0.20887860655784607,0.18796728551387787,0.17235004901885986
47,1223,0.2807113230228424,0.3447794020175934,0.198029026389122,0.07954540103673935,0.03637463226914406,0.03800876438617706,0.03942407667636871,0.042615924030542374,0.050941936671733856,0.04087259620428085,0.041929688304662704,0.0417216531932354
48,1224,0.3877856135368347,0.1048465371131897,0.4042849838733673,0.1870134025812149,0.2098902016878128,0.21514542400836945,0.224565327167511,0.21385334432125092,0.22476381063461304,0.22780472040176392,0.21286337077617645,0.19145722687244415
49,1225,0.03741682693362236,3.4279080864507705e-05,0.010876104235649109,0.00022280881239566952,0.04159468784928322,0.04361097142100334,0.04657479375600815,0.04893993213772774,0.05692533031105995,0.04763440042734146,0.04830780625343323,0.04966640844941139
50,1226,0.5878449082374573,0.8911736011505127,0.631389319896698,0.7845247983932495,0.11712263524532318,0.12129919975996017,0.12731826305389404,0.1231151893734932,0.13403962552547455,0.13067744672298431,0.12195323407649994,0.106029212474823
51,1227,0.10665221512317657,0.011380186304450035,0.0789586678147316,0.02527468651533127,0.10408899933099747,0.10789477080106735,0.11247057467699051,0.10492327064275742,0.11471933126449585,0.1156066358089447,0.10652752220630646,0.094273641705513
52,1228,0.007091873791068792,0.00037876839633099735,0.002142268465831876,0.0014403043314814568,0.07707417011260986,0.07766655832529068,0.08007524162530899,0.08024396747350693,0.08688167482614517,0.08276088535785675,0.07563379406929016,0.07189974188804626
53,1229,0.017067894339561462,0.0027105826884508133,0.005171777680516243,0.0061444807797670364,0.0844583809375763,0.086783766746521,0.09035450965166092,0.0898522436618805,0.09856022149324417,0.10258782655000687,0.09878118336200714,0.08011264353990555
54,1230,0.31596553325653076,0.1721547245979309,0.39463648200035095,0.31645554304122925,0.16443024575710297,0.17254379391670227,0.18723398447036743,0.17757844924926758,0.19218872487545013,0.1989099532365799,0.18391191959381104,0.1565825641155243
55,1231,0.003337730187922716,0.0003720839449670166,0.0016134876059368253,0.0005019712843932211,0.053649019449949265,0.056005340069532394,0.05956268310546875,0.06175093725323677,0.07111896574497223,0.06389535218477249,0.06386304646730423,0.0579863078892231
56,1232,0.0005426668212749064,8.27357143862173e-05,0.00029400031780824065,4.755327609018423e-05,0.06979246437549591,0.07208099216222763,0.07796329259872437,0.08153250068426132,0.09059149026870728,0.08533386141061783,0.0854279175400734,0.07667002826929092
57,1233,0.0143640898168087,0.004722208715975285,0.007139756344258785,0.0030736015178263187,0.08932443708181381,0.09304836392402649,0.09965262562036514,0.09461487829685211,0.10484012216329575,0.1083168312907219,0.10270935297012329,0.0889037549495697
58,1234,0.03145437315106392,0.005012481007725,0.017441513016819954,0.0054682837799191475,0.1201852336525917,0.12253011763095856,0.12568391859531403,0.12312931567430496,0.13462793827056885,0.1421836018562317,0.12511424720287323,0.11053428798913956
59,1235,0.03547068312764168,0.014691777527332306,0.023328671231865883,0.014712216332554817,0.04764479398727417,0.049311477690935135,0.052863433957099915,0.055333517491817474,0.06483668088912964,0.06041567400097847,0.05462704598903656,0.048394713550806046
60,1236,0.377046674489975,0.1804201602935791,0.34562820196151733,0.1357540786266327,0.09076934307813644,0.09504148364067078,0.10271016508340836,0.10362673550844193,0.11487708985805511,0.11358125507831573,0.10158193856477737,0.08493365347385406
61,1237,0.4575680196285248,0.47361552715301514,0.35990390181541443,0.24837464094161987,0.10600331425666809,0.10853131115436554,0.11281005293130875,0.10675778239965439,0.11520910263061523,0.11506468802690506,0.0945935994386673,0.08204400539398193
62,1238,0.3425038456916809,0.05684731900691986,0.2273392677307129,0.16503071784973145,0.19316014647483826,0.19829940795898438,0.20559321343898773,0.19025282561779022,0.20076386630535126,0.19821122288703918,0.19011236727237701,0.16605639457702637
63,1239,0.02463403344154358,0.0033746054396033287,0.015799444168806076,0.007991812191903591,0.11138240247964859,0.1135883778333664,0.11994259059429169,0.1179649606347084,0.12806175649166107,0.12279137969017029,0.11471527814865112,0.10871019214391708
64,1240,0.0029992384370416403,0.0018118255538865924,0.003004909958690405,0.0011715707369148731,0.04504195228219032,0.04647904261946678,0.048538126051425934,0.049873147159814835,0.057948511093854904,0.054014403373003006,0.05218152329325676,0.0478827990591526
65,1241,0.21620863676071167,0.016377486288547516,0.11675188690423965,0.025263594463467598,0.12772633135318756,0.13010282814502716,0.13597173988819122,0.13586080074310303,0.15013526380062103,0.14727647602558136,0.13185317814350128,0.11781323701143265
66,1242,0.16513438522815704,0.00394842866808176,0.0991918295621872,0.023011773824691772,0.02749744988977909,0.028296131640672684,0.030144525691866875,0.033109117299318314,0.04005055874586105,0.032595425844192505,0.034035440534353256,0.03393372520804405
67,1243,0.03459504619240761,0.0016726291505619884,0.015153063461184502,0.00960143655538559,0.08605984598398209,0.08506925404071808,0.08629642426967621,0.08574887365102768,0.09384288638830185,0.09301607310771942,0.08727708458900452,0.08430863916873932
68,1244,0.040557973086833954,0.009967812336981297,0.045436274260282516,0.010991166345775127,0.08622914552688599,0.08919553458690643,0.0935509130358696,0.09170974045991898,0.10119851678609848,0.09140171855688095,0.08964645862579346,0.08544958382844925
69,1245,0.14020925760269165,0.08084984868764877,0.122036874294281,0.08270201086997986,0.1373235285282135,0.13882365822792053,0.14653456211090088,0.137039914727211,0.14869290590286255,0.15394702553749084,0.14045408368110657,0.12558740377426147
70,1246,0.171669602394104,0.04493778198957443,0.0481046624481678,0.09670212864875793,0.14553937315940857,0.14755947887897491,0.15549586713314056,0.1462526023387909,0.1576920598745346,0.1617916077375412,0.14546747505664825,0.13467471301555634
71,1247,0.07247871160507202,0.08313252031803131,0.06427905708551407,0.030996426939964294,0.09434743225574493,0.09612315893173218,0.10017264634370804,0.09907343238592148,0.10558697581291199,0.0981014296412468,0.08718342334032059,0.08184106647968292
72,1248,0.02012312225997448,0.011607970111072063,0.014372815378010273,0.009004165418446064,0.13683676719665527,0.1413535326719284,0.14958298206329346,0.1371569186449051,0.15124939382076263,0.15198718011379242,0.1439289152622223,0.1304314285516739
73,1249,0.6261093020439148,0.6171619892120361,0.621997594833374,0.5399942994117737,0.1932472437620163,0.1986849457025528,0.20854373276233673,0.19368129968643188,0.20332133769989014,0.19940899312496185,0.18290546536445618,0.16803087294101715
74,1250,0.11721983551979065,0.04876048117876053,0.1093074381351471,0.030283091589808464,0.08992397785186768,0.09312570095062256,0.09596079587936401,0.08901575952768326,0.0993427261710167,0.09337823837995529,0.08795288950204849,0.07956414669752121
75,1251,0.1363895982503891,0.01409586239606142,0.09687212109565735,0.021076537668704987,0.10627555847167969,0.11028441786766052,0.11843916028738022,0.11974417418241501,0.13291706144809723,0.12809623777866364,0.11394431442022324,0.10737601667642593
76,1252,0.0309422817081213,0.0018671135185286403,0.013547873124480247,0.004455474205315113,0.13932739198207855,0.14287221431732178,0.1475527286529541,0.14101295173168182,0.1522921323776245,0.15618668496608734,0.14917364716529846,0.13132482767105103
77,1253,0.0064515648409724236,0.0009340379037894309,0.0060221231542527676,0.0011402462841942906,0.06381968408823013,0.06529068201780319,0.06827208399772644,0.06816599518060684,0.07846987247467041,0.07054547965526581,0.0656951442360878,0.06461545079946518
78,1254,0.008227708749473095,0.00036094977986067533,0.0033863892313092947,0.00019508172408677638,0.08726280182600021,0.09016422182321548,0.0941438227891922,0.09005635231733322,0.10058268159627914,0.10217402130365372,0.09473377466201782,0.08395592868328094
79,1255,0.6466771364212036,0.9336206912994385,0.7345814108848572,0.9067798852920532,0.10324332863092422,0.10649968683719635,0.11140378564596176,0.10792478919029236,0.1190774217247963,0.1149631068110466,0.10272490978240967,0.0883248969912529
80,1256,0.14811794459819794,0.024696771055459976,0.06135967746376991,0.026935171335935593,0.10426504164934158,0.10734164714813232,0.11183362454175949,0.10813773423433304,0.11768626421689987,0.11817210912704468,0.11117366701364517,0.09860286861658096
81,1257,0.6084715723991394,0.7788026332855225,0.6431121230125427,0.7493653297424316,0.1359284520149231,0.14008671045303345,0.14619037508964539,0.14120517671108246,0.150951087474823,0.1477026641368866,0.12733018398284912,0.11780860275030136
82,1258,0.06102226674556732,0.003715269733220339,0.04035300016403198,0.0016282093711197376,0.17891840636730194,0.18259763717651367,0.19009506702423096,0.17860974371433258,0.18932871520519257,0.1981055736541748,0.18020828068256378,0.16240982711315155
83,1259,0.00034131782012991607,6.7230448621558025e-06,0.00016037399473134428,1.1893880582647398e-05,0.0981622189283371,0.10036507248878479,0.10494102537631989,0.10386427491903305,0.11413352936506271,0.11223795264959335,0.11076129972934723,0.09725421667098999
84,1260,0.00814143754541874,0.0029001652728766203,0.005515613127499819,0.00265900744125247,0.08056468516588211,0.08481891453266144,0.09008821845054626,0.08751047402620316,0.09712156653404236,0.08984208852052689,0.09072136878967285,0.08138826489448547
85,1261,0.0849633738398552,0.018792878836393356,0.039981719106435776,0.018861867487430573,0.0920630469918251,0.09508932381868362,0.10054020583629608,0.09808792173862457,0.10714966803789139,0.10354933887720108,0.09301590174436569,0.08394251018762589
86,1262,0.6309056878089905,0.9163581132888794,0.6972830295562744,0.809092104434967,0.13043424487113953,0.13223569095134735,0.1382395625114441,0.13477341830730438,0.144077867269516,0.14117448031902313,0.12975849211215973,0.1159738153219223
87,1263,0.023743167519569397,0.0008547295001335442,0.015388625673949718,0.004040575120598078,0.08669723570346832,0.08841657638549805,0.0954006016254425,0.09562612324953079,0.10531740635633469,0.10454589873552322,0.09647172689437866,0.08484151214361191
88,1264,0.007437065243721008,0.0002698341850191355,0.0033752855379134417,0.0006647107657045126,0.03303411602973938,0.03405532240867615,0.03538716956973076,0.037549939006567,0.043262094259262085,0.03820953145623207,0.0377025231719017,0.03422784060239792
89,1265,0.0007033521542325616,3.6404722777660936e-05,0.0005568537162616849,3.6884557630401105e-05,0.07117179781198502,0.07321181148290634,0.07749655097723007,0.07895997166633606,0.09125565737485886,0.08875949680805206,0.07982020080089569,0.07816281914710999
90,1266,0.021335970610380173,0.0012924032052978873,0.016809651628136635,0.0027243243530392647,0.09537474811077118,0.10047290474176407,0.10683224350214005,0.10651682317256927,0.11708447337150574,0.11919169127941132,0.10780555009841919,0.09078967571258545
91,1267,0.0019045223016291857,0.0004943513195030391,0.0022590893786400557,0.0002714624279178679,0.053348034620285034,0.05577858164906502,0.06060640513896942,0.06438587605953217,0.07459088414907455,0.06361562013626099,0.06191264092922211,0.05832069367170334
92,1268,0.01588786207139492,0.0002263134956592694,0.01155543141067028,0.007521746680140495,0.04058421775698662,0.040799617767333984,0.04158442094922066,0.04391997307538986,0.04983406886458397,0.044918037950992584,0.04319455474615097,0.04140061140060425
93,1269,0.00310213933698833,5.9098318160977215e-05,0.0009811293566599488,0.0003827822511084378,0.05548810213804245,0.058026429265737534,0.06179056316614151,0.06067606061697006,0.07102273404598236,0.06866954267024994,0.07110455632209778,0.06186335161328316
94,1270,0.2584860622882843,0.03153131902217865,0.186139777302742,0.04681747779250145,0.13077351450920105,0.13697515428066254,0.1416284292936325,0.13367755711078644,0.14228157699108124,0.1337234377861023,0.11401521414518356,0.10479428619146347
95,1271,0.47263023257255554,0.12847141921520233,0.41531649231910706,0.18978500366210938,0.17512556910514832,0.17998440563678741,0.18968410789966583,0.17393605411052704,0.18282783031463623,0.1854763627052307,0.17019379138946533,0.14756475389003754
96,1272,0.012056642211973667,0.0003513337578624487,0.008477631956338882,0.0007313273381441832,0.12555909156799316,0.13163816928863525,0.13941045105457306,0.1351957470178604,0.14364026486873627,0.14182910323143005,0.13275189697742462,0.11494768410921097
97,1273,0.5407183170318604,0.3654840588569641,0.5234535932540894,0.527545154094696,0.1680665910243988,0.17074961960315704,0.17962698638439178,0.1676972508430481,0.1757722645998001,0.17774835228919983,0.1663028746843338,0.14525702595710754
98,1274,0.22794856131076813,0.11272531002759933,0.16213268041610718,0.0814618244767189,0.12502281367778778,0.13129755854606628,0.13968335092067719,0.14325985312461853,0.15670888125896454,0.1450744867324829,0.1345897614955902,0.13202929496765137
99,1275,0.10068200528621674,0.09206149727106094,0.08144950121641159,0.031251419335603714,0.053782131522893906,0.05573822930455208,0.05763044208288193,0.05793708190321922,0.06572040915489197,0.060066111385822296,0.05626486986875534,0.05326790362596512
100,1276,0.08558998256921768,0.0892888754606247,0.08514874428510666,0.041061025112867355,0.1086696982383728,0.1114959567785263,0.11784747987985611,0.11551135033369064,0.1249181255698204,0.12459202855825424,0.10463971644639969,0.10048036277294159
101,1277,0.0028609230648726225,7.00606542523019e-05,0.0014380257343873382,0.00019025761866942048,0.043303657323122025,0.04332664608955383,0.04482216387987137,0.047025494277477264,0.0515475794672966,0.047527559101581573,0.04571780189871788,0.043081413954496384
102,1278,0.1809910535812378,0.3689764142036438,0.21763163805007935,0.2596611976623535,0.05017263814806938,0.0527249313890934,0.05611930042505264,0.05879754573106766,0.06818589568138123,0.05798700451850891,0.057809557765722275,0.05336255952715874
103,1279,0.15353228151798248,0.1091357171535492,0.13239675760269165,0.07599847763776779,0.09602184593677521,0.0992143377661705,0.10381300002336502,0.0997023656964302,0.11167502403259277,0.11688531190156937,0.10369982570409775,0.09250029921531677
104,1280,0.025406137108802795,0.019229311496019363,0.01198845449835062,0.025361331179738045,0.06543279439210892,0.06764167547225952,0.07110857218503952,0.07044319808483124,0.0797809585928917,0.07879824191331863,0.07381483912467957,0.07033095508813858
105,1281,0.22523559629917145,0.13068421185016632,0.2248072326183319,0.2281128466129303,0.07489803433418274,0.07883651554584503,0.08455848693847656,0.08584382385015488,0.0991886630654335,0.08935730159282684,0.08128980547189713,0.0769387036561966
106,1282,0.04555199295282364,0.0034455060958862305,0.024706242606043816,0.006203737575560808,0.06785035878419876,0.06983714550733566,0.07374200224876404,0.0763421356678009,0.08518283814191818,0.08041772991418839,0.08033257722854614,0.07275403290987015
107,1283,0.0014375773025676608,0.0002800165384542197,0.0007212709751911461,0.00028177659260109067,0.1132945790886879,0.11611558496952057,0.12194006145000458,0.11275644600391388,0.12353980541229248,0.1281108260154724,0.12204017490148544,0.10825501382350922
108,1284,0.012272332794964314,0.0006276589701883495,0.006302518770098686,0.0016890044789761305,0.07481537759304047,0.07471104711294174,0.07842986285686493,0.07882427424192429,0.08626792579889297,0.0799393430352211,0.07781852781772614,0.07341287285089493
109,1285,0.05429796874523163,0.026701468974351883,0.06810810416936874,0.00962449423968792,0.0863783061504364,0.09174355119466782,0.09867127239704132,0.09644170105457306,0.1071099191904068,0.10208369791507721,0.09000871330499649,0.0825112834572792
110,1286,0.0412871316075325,0.0008514105575159192,0.019204992800951004,0.002692142967134714,0.08551949262619019,0.08958999812602997,0.09336511790752411,0.09119032323360443,0.10098686069250107,0.10132845491170883,0.09136539697647095,0.07989833503961563
111,1287,0.02428414486348629,0.0031373295933008194,0.01603495329618454,0.005346962250769138,0.09240623563528061,0.09406980127096176,0.10068047046661377,0.09900150448083878,0.11017163842916489,0.11457342654466629,0.10138911753892899,0.09091734141111374
112,1288,1.2185760169813875e-05,6.608500484617252e-07,5.649194463330787e-06,6.064914259695797e-07,0.05587638542056084,0.05778425559401512,0.06091189756989479,0.06067812442779541,0.06759483367204666,0.06283910572528839,0.05879534035921097,0.05864257365465164
113,1289,0.012343799695372581,0.000533847778569907,0.008453021757304668,0.014706709422171116,0.06271567940711975,0.06484341621398926,0.06933721154928207,0.07133572548627853,0.08253169804811478,0.07756243646144867,0.0771603211760521,0.07088387757539749
114,1290,0.014486727304756641,0.0013239880790933967,0.010959014296531677,0.0039805020205676556,0.07347434759140015,0.07596082240343094,0.07924778759479523,0.07994817942380905,0.08884047716856003,0.08906286209821701,0.08759281784296036,0.07502177357673645
115,1291,0.04289913922548294,0.041222356259822845,0.03799590840935707,0.04159219563007355,0.1058967188000679,0.10882658511400223,0.11469902843236923,0.11378955841064453,0.1257493942975998,0.12017004936933517,0.12027093023061752,0.10403051227331161
116,1292,0.004544363822788,0.00047078667557798326,0.0022667062003165483,0.00025715032825246453,0.0981224998831749,0.1015138030052185,0.10731688141822815,0.10606638342142105,0.11668671667575836,0.11660148948431015,0.09881555289030075,0.09247584640979767
117,1293,0.2507011890411377,0.2558218538761139,0.21666216850280762,0.08357696980237961,0.08187855780124664,0.0870889276266098,0.09141041338443756,0.08624900132417679,0.09675568342208862,0.09259717166423798,0.08611948043107986,0.07500912249088287
118,1294,0.023257015272974968,0.006846075877547264,0.01026913058012724,0.0023899227380752563,0.08898209780454636,0.09249893575906754,0.09652354568243027,0.0949120968580246,0.10677729547023773,0.10255015641450882,0.1004369705915451,0.08497455716133118
119,1295,0.37893038988113403,0.4595099091529846,0.39499327540397644,0.29208412766456604,0.03763376176357269,0.039606448262929916,0.0419684499502182,0.04603256285190582,0.05492701753973961,0.042068786919116974,0.040874775499105453,0.04261932894587517
120,1296,0.12513281404972076,0.14797234535217285,0.11812707781791687,0.11303388327360153,0.13360071182250977,0.13599209487438202,0.143417626619339,0.141934335231781,0.15617573261260986,0.1406661868095398,0.1410444974899292,0.12450656294822693
121,1297,0.1752769500017166,0.022197259590029716,0.10718211531639099,0.0705651342868805,0.15573200583457947,0.16116441786289215,0.17163178324699402,0.16075944900512695,0.17301522195339203,0.17513351142406464,0.16593118011951447,0.14577840268611908
122,1298,0.0009167311363853514,5.9115056501468644e-05,0.00032540730899199843,1.9364959371159784e-05,0.0568062998354435,0.05769874528050423,0.06059132516384125,0.0629015862941742,0.07078783214092255,0.06617520749568939,0.06269465386867523,0.06398733705282211
123,1299,9.57279626163654e-05,4.37723701907089e-06,4.195872679702006e-05,3.3021844956238056e-06,0.07718279957771301,0.07837755978107452,0.08149765431880951,0.0823994129896164,0.09111585468053818,0.08964914083480835,0.08438796550035477,0.07746902853250504
124,1300,0.002920188009738922,0.00018864433513954282,0.0015029450878500938,0.0003208915295545012,0.057257357984781265,0.058884397149086,0.06215594336390495,0.06386037915945053,0.07081325352191925,0.06423741579055786,0.057338815182447433,0.059950876981019974
125,1301,0.006025160662829876,0.00020333311113063246,0.0016845135251060128,0.0012964081251993775,0.008768082596361637,0.008841465227305889,0.009314795024693012,0.010970265604555607,0.013660444878041744,0.010188091546297073,0.010729958303272724,0.011749548837542534
126,1302,0.34808871150016785,0.028993265703320503,0.27022674679756165,0.061548054218292236,0.14881184697151184,0.15498624742031097,0.16466449201107025,0.15845371782779694,0.17204153537750244,0.17568250000476837,0.1624934822320938,0.14369088411331177
127,1303,0.18523013591766357,0.2815106213092804,0.15452434122562408,0.08831316977739334,0.024502910673618317,0.025471413508057594,0.026546550914645195,0.02983507141470909,0.0364445224404335,0.028808271512389183,0.031417880207300186,0.031677987426519394
128,1304,0.0038426534738391638,0.0005670359241776168,0.002079220488667488,0.0003710939781740308,0.07642482966184616,0.08046653121709824,0.08629386872053146,0.0878223106265068,0.09873797744512558,0.09354794025421143,0.09245283156633377,0.0800412967801094
129,1305,0.00047668375191278756,5.624205368803814e-05,0.0001249732740689069,2.46624113060534e-05,0.0525200255215168,0.05448121577501297,0.05637392774224281,0.057495128363370895,0.06490615755319595,0.06375491619110107,0.0610818937420845,0.05737868696451187
130,1306,0.3311077654361725,0.29787957668304443,0.38747638463974,0.4765986502170563,0.12861712276935577,0.13127237558364868,0.1370362937450409,0.1361004263162613,0.1466676890850067,0.1440879851579666,0.12739427387714386,0.11483196169137955
131,1307,0.006052167154848576,0.0005072387284599245,0.0032785048242658377,0.000947837601415813,0.12396126985549927,0.12348785251379013,0.12884017825126648,0.1252216249704361,0.13090308010578156,0.1277899146080017,0.12301958352327347,0.11216964572668076
132,1308,0.47595739364624023,0.39554277062416077,0.41288110613822937,0.5325139164924622,0.09436356276273727,0.09397503733634949,0.09653779119253159,0.09727776795625687,0.10524751245975494,0.10587671399116516,0.09621618688106537,0.0928499698638916
133,1309,0.17284971475601196,0.023875651881098747,0.14027971029281616,0.038373302668333054,0.14345820248126984,0.14742259681224823,0.1558336615562439,0.14679652452468872,0.15966114401817322,0.15116527676582336,0.13350021839141846,0.12393829971551895
134,1310,0.027275167405605316,0.004530657082796097,0.016841495409607887,0.002153256209567189,0.03706308454275131,0.03894538804888725,0.040793515741825104,0.043212927877902985,0.04913844168186188,0.04538578912615776,0.0459592342376709,0.03931921347975731
135,1311,0.5359827876091003,0.22530126571655273,0.5932374000549316,0.4273127019405365,0.22815774381160736,0.2279931902885437,0.23890042304992676,0.21714462339878082,0.22590823471546173,0.22801677882671356,0.21547064185142517,0.19484557211399078
136,1312,0.11463961750268936,0.000368507084203884,0.039065275341272354,0.007841029204428196,0.13281387090682983,0.13719071447849274,0.14443272352218628,0.13596437871456146,0.14442484080791473,0.14470843970775604,0.13237281143665314,0.11957544833421707
137,1313,0.5616455674171448,0.6718679070472717,0.6260583400726318,0.7210550308227539,0.15101680159568787,0.1547583043575287,0.16611890494823456,0.1609203815460205,0.17457622289657593,0.17672371864318848,0.16042077541351318,0.13377949595451355
138,1314,0.0014671114040538669,4.567178257275373e-05,0.0008528713369742036,0.00025029314565472305,0.06168673187494278,0.06337456405162811,0.06552530080080032,0.06767839938402176,0.0755370631814003,0.06836386024951935,0.06447248160839081,0.06187098100781441
139,1315,0.002990850480273366,0.000221475085709244,0.0017620533471927047,0.0003441037843003869,0.06973912566900253,0.07008546590805054,0.07083799690008163,0.07057596743106842,0.07612068951129913,0.07498618215322495,0.06886211037635803,0.06624268740415573
140,1316,0.00715640326961875,0.00011375406756997108,0.003394464263692498,0.0009222342050634325,0.046790990978479385,0.047714632004499435,0.04944348707795143,0.05093653127551079,0.05674966424703598,0.05275527760386467,0.04911191388964653,0.047916479408741
141,1317,0.4398595988750458,0.45278528332710266,0.48138427734375,0.3290404677391052,0.11395882815122604,0.11851752549409866,0.12503404915332794,0.11584614217281342,0.12595973908901215,0.12213612347841263,0.11402396112680435,0.09633145481348038
142,1318,0.11911813914775848,0.18381990492343903,0.12245441973209381,0.0874866470694542,0.09563761204481125,0.10074570775032043,0.10960519313812256,0.10691840201616287,0.11826712638139725,0.10812023282051086,0.10932596772909164,0.09717095643281937
143,1319,0.3012813329696655,0.4892529547214508,0.32492920756340027,0.16615526378154755,0.11947418004274368,0.12471183389425278,0.12989482283592224,0.11775065958499908,0.127019464969635,0.1255200058221817,0.10753758996725082,0.09944787621498108
144,1320,0.018242090940475464,0.0028358702547848225,0.027148405089974403,0.005770592018961906,0.0844942256808281,0.08521682769060135,0.08934731036424637,0.0907573252916336,0.09960535168647766,0.09966564923524857,0.09343353658914566,0.08367706090211868
145,1321,0.27745214104652405,0.01943114586174488,0.1616598665714264,0.04275800660252571,0.10521136224269867,0.11030188202857971,0.1152883842587471,0.10977765917778015,0.12076041847467422,0.12552164494991302,0.1200561597943306,0.10192622244358063
146,1322,0.0015824310248717666,0.00019503579824231565,0.0007454160368070006,0.00023619570129085332,0.044591207057237625,0.04640178009867668,0.04848508909344673,0.05080416426062584,0.05831340327858925,0.05336146056652069,0.04960807040333748,0.04713550582528114
147,1323,0.0015422102296724916,7.2705197453615256e-06,0.0006947916699573398,4.999918382964097e-05,0.11762958765029907,0.12002421915531158,0.12528996169567108,0.11674970388412476,0.125249445438385,0.13036872446537018,0.11535913497209549,0.10213625431060791
148,1324,0.01681181788444519,0.004385096020996571,0.02115202508866787,0.003049595979973674,0.13213638961315155,0.13895852863788605,0.14712457358837128,0.14681458473205566,0.159711554646492,0.15996034443378448,0.14319957792758942,0.1346025913953781
149,1325,0.13716281950473785,0.012758809141814709,0.09392262995243073,0.01763297989964485,0.0928051769733429,0.09780866652727127,0.10324655473232269,0.0991198793053627,0.11080066114664078,0.11158615350723267,0.10518914461135864,0.08560144156217575
150,1326,0.5096243619918823,0.5308092832565308,0.5043104290962219,0.45734354853630066,0.09312746673822403,0.09743940830230713,0.10129182040691376,0.09760148823261261,0.1074875071644783,0.09872467815876007,0.08620782196521759,0.0794144719839096
151,1327,0.007636939641088247,0.006529513746500015,0.009158569388091564,0.0011223428882658482,0.02709638513624668,0.027838539332151413,0.03004862181842327,0.033783357590436935,0.04053998738527298,0.032752875238657,0.03252601996064186,0.032352667301893234
152,1328,0.02168605476617813,0.009188591502606869,0.014385445974767208,0.009932118467986584,0.11478634178638458,0.11552807688713074,0.12325521558523178,0.12390080839395523,0.1335420310497284,0.12224125862121582,0.11597929894924164,0.11936373263597488
153,1329,0.09120986610651016,0.002466956153512001,0.02981714904308319,0.011456634849309921,0.1515178233385086,0.1570892184972763,0.16430369019508362,0.15327994525432587,0.16554422676563263,0.16541625559329987,0.150602787733078,0.13532401621341705
154,1330,0.0505891814827919,0.031709346920251846,0.04132525622844696,0.011872689239680767,0.023162562400102615,0.023767655715346336,0.024934954941272736,0.027280576527118683,0.03299133852124214,0.025972137227654457,0.027112755924463272,0.02839699201285839
155,1331,0.04460609331727028,0.05530130863189697,0.036050423979759216,0.012620735913515091,0.015389948152005672,0.016017291694879532,0.01706439070403576,0.019814439117908478,0.024965880438685417,0.018915146589279175,0.02063298039138317,0.02123413421213627
156,1332,0.6946062445640564,0.9518508315086365,0.8037764430046082,0.91545569896698,0.13742808997631073,0.14045937359333038,0.15012776851654053,0.14171433448791504,0.15129923820495605,0.15189208090305328,0.13643799722194672,0.1189284697175026
157,1333,0.01166556030511856,0.0010058230254799128,0.0056657372042536736,0.0034434422850608826,0.05376412719488144,0.054390326142311096,0.05667516216635704,0.05931905284523964,0.06707951426506042,0.05985165014863014,0.05684507265686989,0.055934321135282516
158,1334,0.11653092503547668,0.011656981892883778,0.1487000733613968,0.042040884494781494,0.09981831163167953,0.10290218889713287,0.10886115580797195,0.10882015526294708,0.12064315378665924,0.11117545515298843,0.10371395945549011,0.09824912995100021
159,1335,0.0017823617672547698,0.00026944783166982234,0.0018168367678299546,0.0002167107304558158,0.11500195413827896,0.118780717253685,0.12590371072292328,0.12321837246417999,0.13349929451942444,0.13861876726150513,0.12334968149662018,0.11173641681671143
160,1336,0.013470511883497238,0.0005188207142055035,0.005627539940178394,0.0015832757344469428,0.05124421790242195,0.05248474329710007,0.054228924214839935,0.054553646594285965,0.061048805713653564,0.06204159930348396,0.06163543090224266,0.05622262880206108
161,1337,0.04152549430727959,0.0006438957643695176,0.014752360992133617,0.002219682326540351,0.17218157649040222,0.1726539134979248,0.17923378944396973,0.17057277262210846,0.17879953980445862,0.18379920721054077,0.17052224278450012,0.15557868778705597
162,1338,0.4387240707874298,0.09773436188697815,0.339896559715271,0.21793287992477417,0.165319561958313,0.17158100008964539,0.18226012587547302,0.1666887253522873,0.18019519746303558,0.18059200048446655,0.16203981637954712,0.14301693439483643
163,1339,0.5179536938667297,0.5513052940368652,0.5774751305580139,0.652290940284729,0.11862296611070633,0.12113007158041,0.1253078579902649,0.1153586283326149,0.12252087146043777,0.11972130089998245,0.10890476405620575,0.09833502769470215
164,1340,0.20965167880058289,0.10071195662021637,0.2651638090610504,0.16669784486293793,0.0879533663392067,0.0896679013967514,0.09471316635608673,0.09668346494436264,0.10610432922840118,0.09884592145681381,0.09381652623414993,0.09078022837638855
165,1341,0.0425640232861042,0.030674969777464867,0.04252536967396736,0.01601870357990265,0.09476101398468018,0.1003282219171524,0.10842178016901016,0.10808106511831284,0.12173113971948624,0.11426067352294922,0.10602383315563202,0.09734534472227097
166,1342,0.10602222383022308,0.16644568741321564,0.08238403499126434,0.11623682826757431,0.08133650571107864,0.08437765389680862,0.08933267742395401,0.08833754807710648,0.0991809144616127,0.08951152116060257,0.07805372774600983,0.0700385719537735
167,1343,0.20511768758296967,0.09608614444732666,0.18611566722393036,0.0672481581568718,0.09813849627971649,0.10406383126974106,0.11105739325284958,0.10522910207509995,0.11809758841991425,0.11338172852993011,0.10876807570457458,0.08336493372917175
168,1344,0.01830342225730419,0.026020601391792297,0.016446154564619064,0.009488468989729881,0.06311319768428802,0.06400187313556671,0.06665438413619995,0.06764277070760727,0.07430660724639893,0.0706067830324173,0.06788858026266098,0.06239455193281174
169,1345,0.03241352736949921,0.02433181367814541,0.03731120377779007,0.013805326074361801,0.1329992115497589,0.139001727104187,0.14505258202552795,0.13796886801719666,0.14921686053276062,0.14370745420455933,0.12436142563819885,0.11712976545095444
170,1346,0.0011740234913304448,4.706603067461401e-05,0.0008227872895076871,0.00011702965275617316,0.06892261654138565,0.07345233112573624,0.07895644754171371,0.08066243678331375,0.09353639930486679,0.08886219561100006,0.07861336320638657,0.07734286040067673
171,1347,0.015077760443091393,0.0030150224920362234,0.005723659414798021,0.01228425744920969,0.055190928280353546,0.05515186861157417,0.0579119510948658,0.05684338137507439,0.06455331295728683,0.06405337154865265,0.061742670834064484,0.0592786967754364
172,1348,0.02388097532093525,0.005594315938651562,0.012465415522456169,0.003723164089024067,0.02265247143805027,0.02371002547442913,0.02488822303712368,0.02719349041581154,0.03244175761938095,0.027402954176068306,0.02924598567187786,0.02791360206902027
173,1349,0.42176058888435364,0.04334869235754013,0.3042505085468292,0.09559113532304764,0.15046775341033936,0.1539534330368042,0.16036657989025116,0.14675404131412506,0.15648245811462402,0.16315416991710663,0.1469631940126419,0.12848293781280518
174,1350,0.007910775020718575,0.00021688808919861913,0.004582282621413469,0.0005510723567567766,0.09284212440252304,0.09772671014070511,0.10252860933542252,0.09890753775835037,0.11051769554615021,0.09957697987556458,0.08926548063755035,0.08491550385951996
175,1351,0.00047338343574665487,8.642648481327342e-07,0.00016284675803035498,1.8889993498305557e-06,0.026649340987205505,0.02765115350484848,0.030121129006147385,0.03396551311016083,0.041252266615629196,0.03327484801411629,0.03601415827870369,0.03489915281534195
176,1352,0.0015863616717979312,3.56390155502595e-05,0.0005263857892714441,5.7302560890093446e-05,0.07566400617361069,0.07789632678031921,0.08018483221530914,0.0795673280954361,0.08803129941225052,0.09051286429166794,0.08415360748767853,0.07552971690893173
177,1353,0.613003671169281,0.9077170491218567,0.7074665427207947,0.843410849571228,0.1233091652393341,0.1258855164051056,0.13158831000328064,0.13033176958560944,0.1380317360162735,0.13890135288238525,0.12858302891254425,0.11541591584682465
178,1354,0.1692766696214676,0.0006915300036780536,0.09781385958194733,0.004998322576284409,0.08939317613840103,0.09468021243810654,0.10185695439577103,0.10053310543298721,0.11264625191688538,0.1170586347579956,0.10785316675901413,0.08789417147636414
179,1355,0.13529042899608612,0.0849134549498558,0.11059510707855225,0.05037793517112732,0.103667251765728,0.10619132965803146,0.11230232566595078,0.11164073646068573,0.12073953449726105,0.11479614675045013,0.0966457650065422,0.0924367755651474
180,1356,0.007977783679962158,0.0031725666485726833,0.004781542345881462,0.0032253435347229242,0.07062581181526184,0.07272163033485413,0.0753374993801117,0.0768163651227951,0.0835658386349678,0.07419214397668839,0.06830485165119171,0.0668218806385994
181,1357,0.05218331515789032,0.05122772976756096,0.05128774046897888,0.03618653863668442,0.05181724205613136,0.05394257605075836,0.05715933442115784,0.05993380770087242,0.06916244328022003,0.05767438933253288,0.05990512669086456,0.055471036583185196
182,1358,0.009387037716805935,0.002369210124015808,0.004631419200450182,0.0008210372179746628,0.11253226548433304,0.11726933717727661,0.1239299476146698,0.11853001266717911,0.13062265515327454,0.13129203021526337,0.10846692323684692,0.10132256895303726
183,1359,0.04060771316289902,0.004228789359331131,0.017685050144791603,0.0038163645658642054,0.0990157276391983,0.10220759361982346,0.1073920950293541,0.10397481173276901,0.11547166109085083,0.10841593146324158,0.09578122943639755,0.08544573187828064
184,1360,0.41592931747436523,0.4972238540649414,0.34576860070228577,0.12237659096717834,0.14573651552200317,0.15095612406730652,0.1587926149368286,0.1519138365983963,0.16293251514434814,0.16501303017139435,0.14973950386047363,0.12887123227119446
185,1361,0.05015319958329201,0.08943219482898712,0.06266684085130692,0.05505923181772232,0.10419993102550507,0.10592737048864365,0.11121269315481186,0.11111162602901459,0.11983632296323776,0.1139884889125824,0.11293697357177734,0.10449932515621185
186,1362,0.011063260957598686,0.0020209355279803276,0.005828938912600279,0.0016944175586104393,0.073924221098423,0.07637617737054825,0.08023891597986221,0.07784843444824219,0.08598104864358902,0.08173081278800964,0.07980740070343018,0.071502685546875
187,1363,0.07693707197904587,0.02862948551774025,0.05570901185274124,0.02200384810566902,0.0782652422785759,0.08162876963615417,0.08679056912660599,0.08503461629152298,0.09528813511133194,0.08869761228561401,0.0806950107216835,0.07539234310388565
188,1364,0.015134607441723347,0.0041001043282449245,0.008655471727252007,0.0022209235467016697,0.07231534272432327,0.07450743764638901,0.07830851525068283,0.07636421918869019,0.08377117663621902,0.07676196098327637,0.06673017889261246,0.06395009160041809
189,1365,0.70723557472229,0.9042302370071411,0.7747756838798523,0.8639751672744751,0.20517593622207642,0.20827750861644745,0.22233764827251434,0.21102142333984375,0.22077620029449463,0.22005236148834229,0.20311427116394043,0.18116596341133118
190,1366,0.09890027344226837,0.01704339124262333,0.1290794014930725,0.01464231126010418,0.11762851476669312,0.1180599108338356,0.12243223190307617,0.12160225212574005,0.12878021597862244,0.12920472025871277,0.1154542863368988,0.10684812813997269
191,1367,0.06739485263824463,0.025897091254591942,0.04706655070185661,0.025106601417064667,0.11693531274795532,0.1204698383808136,0.12800921499729156,0.1217598095536232,0.130391463637352,0.1319865882396698,0.12218686193227768,0.10934969782829285
192,1368,0.0974290743470192,0.26764512062072754,0.13115283846855164,0.11224094033241272,0.0614955872297287,0.06535980105400085,0.06995764374732971,0.07355014979839325,0.08359044790267944,0.06955785304307938,0.07107323408126831,0.06929732859134674
193,1369,0.44807368516921997,0.6477528214454651,0.40662890672683716,0.22455836832523346,0.11032771319150925,0.11449998617172241,0.12040968984365463,0.1132178083062172,0.12413511425256729,0.12301801145076752,0.10473829507827759,0.09315230697393417
194,1370,0.003230305155739188,0.0023332026321440935,0.002582070417702198,0.0015092281391844153,0.05607987567782402,0.05657477304339409,0.05899529531598091,0.060721978545188904,0.0675293505191803,0.06538134813308716,0.06632501631975174,0.06463662534952164
195,1371,0.00908560398966074,0.00043057947186753154,0.0028968413826078176,0.00022808287758380175,0.07940354198217392,0.08299168199300766,0.0873638466000557,0.08817451447248459,0.09531491994857788,0.09484682232141495,0.08499547094106674,0.07655779272317886
196,1372,0.019057534635066986,0.004952537827193737,0.010384535416960716,0.012517236173152924,0.0676739439368248,0.06851877272129059,0.07123050093650818,0.07325843721628189,0.08058303594589233,0.07777851074934006,0.07472091168165207,0.0689285546541214
197,1373,0.0037943765055388212,0.002141703851521015,0.002757773268967867,0.0006472538807429373,0.052577488124370575,0.053869280964136124,0.05778174847364426,0.06172472983598709,0.07022225111722946,0.05825694650411606,0.06110089272260666,0.05922713503241539
198,1374,0.008790381252765656,7.477916369680315e-05,0.0023148793261498213,0.00029144674772396684,0.031225476413965225,0.03265048936009407,0.03429532051086426,0.035950809717178345,0.04161111265420914,0.039835937321186066,0.037916213274002075,0.03428889438509941
199,1375,0.6385810971260071,0.8425551652908325,0.6390641927719116,0.7038534283638,0.12673094868659973,0.12878483533859253,0.13246314227581024,0.1237318143248558,0.13293972611427307,0.13400986790657043,0.12791498005390167,0.10704229027032852
200,1376,0.0034234800841659307,7.67734381952323e-05,0.0012893792008981109,6.797905371058732e-05,0.08265378326177597,0.08430743962526321,0.08971240371465683,0.08589262515306473,0.09519853442907333,0.0990460067987442,0.08591853827238083,0.07851151376962662
201,1377,0.0028896110597997904,0.0002199942828156054,0.0014425821136683226,0.00012516361312009394,0.02431793510913849,0.024601848796010017,0.025658121332526207,0.02754240669310093,0.03176122531294823,0.027808865532279015,0.028151018545031548,0.02622576616704464
202,1378,0.05975734442472458,0.003347493475303054,0.02769790031015873,0.004327111411839724,0.09807386249303818,0.10109975934028625,0.10722072422504425,0.10494668036699295,0.11588243395090103,0.1236586794257164,0.10434465110301971,0.089814193546772
203,1379,0.6589227914810181,0.9218238592147827,0.7222421169281006,0.7945488691329956,0.18556909263134003,0.18958242237567902,0.2001606523990631,0.1863153576850891,0.1957339197397232,0.1958570033311844,0.17950788140296936,0.16350328922271729
204,1380,0.0848749503493309,0.013094203546643257,0.10359612852334976,0.03831128776073456,0.11791148781776428,0.12190372496843338,0.13033179938793182,0.12840619683265686,0.14121301472187042,0.1377234160900116,0.11877772957086563,0.10823343694210052
205,1381,0.05570070818066597,0.023221570998430252,0.06117984279990196,0.015921462327241898,0.14268550276756287,0.14665928483009338,0.15677885711193085,0.14727841317653656,0.16118647158145905,0.15944324433803558,0.1528981477022171,0.13491663336753845
206,1382,0.08413775265216827,0.06308912485837936,0.11450739204883575,0.06166921555995941,0.14521901309490204,0.14901770651340485,0.15846869349479675,0.14808905124664307,0.15980073809623718,0.16568705439567566,0.14913146197795868,0.12523578107357025
207,1383,0.020886093378067017,0.0003831062058452517,0.020182540640234947,0.0016650604084134102,0.09147003293037415,0.09376516193151474,0.09900271892547607,0.09856846183538437,0.10635321587324142,0.10434743762016296,0.10159562528133392,0.08541762083768845
208,1384,0.40942344069480896,0.41782188415527344,0.3905172049999237,0.2800365090370178,0.06479579955339432,0.06530354917049408,0.0689724013209343,0.0720164030790329,0.08121941238641739,0.06692609190940857,0.06254805624485016,0.06041887030005455
209,1385,0.05475659668445587,0.009901448152959347,0.047554243355989456,0.016020139679312706,0.0888134017586708,0.0913485735654831,0.09801545739173889,0.09982364624738693,0.10923886299133301,0.09541383385658264,0.08054915815591812,0.08130214363336563
210,1386,0.2269349843263626,0.28654903173446655,0.26551225781440735,0.37324318289756775,0.10160928964614868,0.10768856108188629,0.1146053820848465,0.11077196151018143,0.12696076929569244,0.11580918729305267,0.10968761891126633,0.09728247672319412
211,1387,0.03349234163761139,0.011049971915781498,0.03719417750835419,0.01824020780622959,0.10724379867315292,0.1104627475142479,0.11527174711227417,0.11237723380327225,0.12513326108455658,0.12609374523162842,0.11752880364656448,0.10252804309129715
212,1388,0.0001567095605423674,1.0000732117987354e-06,0.00010323365131625906,3.991770881839329e-06,0.12428657710552216,0.1257319301366806,0.1318192332983017,0.1285799890756607,0.1360885053873062,0.13326363265514374,0.12276852130889893,0.11620138585567474
213,1389,0.040537964552640915,0.027244964614510536,0.030201999470591545,0.026224074885249138,0.06349482387304306,0.06357419490814209,0.0664193406701088,0.06920243799686432,0.07712770998477936,0.0685684010386467,0.06772911548614502,0.06399966031312943
214,1390,0.608007550239563,0.5737155675888062,0.5894598364830017,0.34639450907707214,0.15159840881824493,0.1580641120672226,0.16964760422706604,0.1619643121957779,0.17319630086421967,0.17211216688156128,0.15068867802619934,0.13447508215904236
215,1391,0.6508609056472778,0.9581775665283203,0.7018498182296753,0.8575767278671265,0.0927201434969902,0.09693974256515503,0.10234519839286804,0.09907536208629608,0.10956911742687225,0.10487163066864014,0.09994535893201828,0.08248014003038406
216,1392,0.012466536834836006,0.012238790281116962,0.010777045972645283,0.005750478245317936,0.07267585396766663,0.07582873851060867,0.07991891354322433,0.07938804477453232,0.09018761664628983,0.0833296850323677,0.07568632066249847,0.07164692133665085
217,1393,0.014066788367927074,0.010005386546254158,0.011433953419327736,0.0032582562416791916,0.09982394427061081,0.10274077951908112,0.10953150689601898,0.10635428130626678,0.1174532100558281,0.10883650183677673,0.09980132430791855,0.09516621381044388
218,1394,0.003165517235174775,0.0001616438094060868,0.0025421916507184505,0.0003237653581891209,0.07644414901733398,0.07561995089054108,0.07820945233106613,0.07667045295238495,0.08257739990949631,0.08031316846609116,0.07456981390714645,0.06841748207807541
219,1395,0.4448222815990448,0.5684574246406555,0.5056135058403015,0.4837426245212555,0.08950821310281754,0.09489530324935913,0.1017361581325531,0.10049065947532654,0.1105085089802742,0.09973227232694626,0.09099690616130829,0.08687085658311844
220,1396,0.5724943280220032,0.8904978036880493,0.6405826807022095,0.790118396282196,0.06864256411790848,0.07293140888214111,0.07873495668172836,0.07982905954122543,0.09095244109630585,0.08853867650032043,0.07868748158216476,0.06363388895988464
221,1397,0.001499772071838379,3.9364203985314816e-05,0.0006801740382798016,7.258755795191973e-05,0.07693595439195633,0.08075505495071411,0.08417773991823196,0.08400888741016388,0.09463947266340256,0.09622116386890411,0.08604413270950317,0.07509821653366089
222,1398,0.000415324087953195,1.0243673386867158e-05,0.0002025471330853179,1.1805396752606612e-05,0.062385931611061096,0.06284504383802414,0.06581997871398926,0.0667528584599495,0.0728578120470047,0.06740476191043854,0.06250405311584473,0.062274910509586334
223,1399,0.011758306063711643,0.010305148549377918,0.01034773513674736,0.0032634607050567865,0.05394124612212181,0.05552826449275017,0.058821287006139755,0.06184264272451401,0.06957457959651947,0.06005708873271942,0.06040390208363533,0.05600796639919281
224,1400,0.10648033767938614,0.29335299134254456,0.11267431080341339,0.2926018536090851,0.08766210824251175,0.08943203836679459,0.09379944205284119,0.09091902524232864,0.10060407966375351,0.10594011843204498,0.10185051709413528,0.08686693012714386
225,1401,0.05857965350151062,0.016058361157774925,0.031208621338009834,0.021703533828258514,0.01823744736611843,0.01872166246175766,0.019914980977773666,0.023152705281972885,0.02691367082297802,0.02145460806787014,0.02255362831056118,0.022965602576732635
226,1402,0.5540850162506104,0.03988289460539818,0.4518589675426483,0.303578644990921,0.18544092774391174,0.18968766927719116,0.19874070584774017,0.1852266788482666,0.19413124024868011,0.20160435140132904,0.17992150783538818,0.157209113240242
227,1403,0.40526336431503296,0.15586893260478973,0.31546396017074585,0.07705171406269073,0.04251525551080704,0.045667607337236404,0.04868894815444946,0.051746804267168045,0.060692328959703445,0.047672390937805176,0.048472773283720016,0.0478389710187912
228,1404,0.01119685173034668,0.008800774812698364,0.011210010387003422,0.002737778937444091,0.049929529428482056,0.052823133766651154,0.0568433441221714,0.05938988924026489,0.07037538290023804,0.05899430066347122,0.05891624465584755,0.057630233466625214
229,1405,0.0023437989875674248,0.00010293335071764886,0.0010289110941812396,0.00018892766092903912,0.05771176889538765,0.05841848999261856,0.06061889976263046,0.060694463551044464,0.0674777626991272,0.05578621104359627,0.05568194016814232,0.05868244171142578
230,1406,0.10627627372741699,0.15630176663398743,0.10163947939872742,0.43092700839042664,0.08548133820295334,0.0893716961145401,0.0934353917837143,0.09373580664396286,0.10480374097824097,0.09659349173307419,0.0916270837187767,0.08041330426931381
231,1407,0.05660034716129303,0.011479008011519909,0.039866019040346146,0.006008403841406107,0.11365649849176407,0.11723849177360535,0.12387077510356903,0.11495400965213776,0.12661604583263397,0.12332497537136078,0.10916462540626526,0.0970633253455162
232,1408,0.09121551364660263,0.038360416889190674,0.07032191008329391,0.061846762895584106,0.14971792697906494,0.15691915154457092,0.16546331346035004,0.14940322935581207,0.1603160947561264,0.16266797482967377,0.15038689970970154,0.13387051224708557
233,1409,0.24649137258529663,0.09283183515071869,0.18864992260932922,0.08862652629613876,0.07594383507966995,0.07999922335147858,0.08376894146203995,0.0842866450548172,0.09432133287191391,0.08358460664749146,0.08068383485078812,0.0794287845492363
234,1410,0.004682044964283705,0.0008394142496399581,0.0020750178955495358,0.0009909600485116243,0.05169695243239403,0.05263359844684601,0.05444931611418724,0.056238774210214615,0.06378310918807983,0.06076979637145996,0.058594971895217896,0.05704416334629059
235,1411,0.0420420840382576,0.0027776502538472414,0.008318794891238213,0.008126607164740562,0.13267938792705536,0.13663171231746674,0.14144529402256012,0.13099075853824615,0.14077138900756836,0.1384545862674713,0.1325085610151291,0.11948443204164505
236,1412,0.017040235921740532,0.009552819654345512,0.011098766699433327,0.005613242741674185,0.07295434176921844,0.07520634680986404,0.07999322563409805,0.07935953140258789,0.08941163122653961,0.08415443450212479,0.08118949085474014,0.07574222981929779
237,1413,0.47793999314308167,0.7254794239997864,0.47618821263313293,0.5975432991981506,0.11917467415332794,0.11999180912971497,0.12615695595741272,0.12040391564369202,0.12786850333213806,0.1329023540019989,0.11649974435567856,0.10252927243709564
238,1414,0.1507876217365265,0.01607099361717701,0.11317124962806702,0.05611380562186241,0.03165015950798988,0.03305930644273758,0.03602099418640137,0.04103176295757294,0.049330804497003555,0.03758677467703819,0.04203585162758827,0.04117307439446449
239,1415,0.10728676617145538,0.0007752228993922472,0.062044404447078705,0.008245817385613918,0.13935846090316772,0.14370861649513245,0.15337993204593658,0.141218900680542,0.15210524201393127,0.15600177645683289,0.13221533596515656,0.1175072193145752
240,1416,0.004899924620985985,0.007845775224268436,0.006628547795116901,0.006192884407937527,0.047158192843198776,0.048679377883672714,0.05166422203183174,0.05588676035404205,0.06493066251277924,0.05693051964044571,0.0549532026052475,0.05363902077078819
241,1417,0.12560279667377472,0.003478511469438672,0.08187690377235413,0.01674957200884819,0.11866609752178192,0.11860392242670059,0.12351338565349579,0.1173308789730072,0.1248105987906456,0.12944862246513367,0.1166805624961853,0.10357915610074997
242,1418,0.07822461426258087,0.1967456340789795,0.08673109114170074,0.11140010505914688,0.07382677495479584,0.07579405605792999,0.0778736025094986,0.07857751846313477,0.08843521773815155,0.08475189656019211,0.08131309598684311,0.07623898237943649
243,1419,0.07499809563159943,0.02566930465400219,0.07745791971683502,0.030193964019417763,0.08593102544546127,0.08966086059808731,0.09636452049016953,0.09768324345350266,0.1069164052605629,0.10460697114467621,0.09287385642528534,0.07936466485261917
244,1420,0.0018980181775987148,2.0140851120231673e-05,0.0005354706663638353,3.721750181284733e-05,0.06870982050895691,0.07045592367649078,0.07283512502908707,0.0736483708024025,0.08086282014846802,0.0760904848575592,0.07385946810245514,0.06571802496910095
245,1421,0.0018970140954479575,0.0002843828988261521,0.001203880994580686,0.0007868696702644229,0.04967507719993591,0.050474926829338074,0.05181535333395004,0.05583496764302254,0.06338818371295929,0.055603139102458954,0.0580059178173542,0.05842501297593117
246,1422,0.33912351727485657,0.19792905449867249,0.3381386697292328,0.18503931164741516,0.12488322705030441,0.13125072419643402,0.14001815021038055,0.1342558115720749,0.14299270510673523,0.1407272219657898,0.13069377839565277,0.11027178913354874
247,1423,0.04837185889482498,0.006799913942813873,0.04483262822031975,0.005208952818065882,0.12714333832263947,0.13254421949386597,0.13781921565532684,0.12306977063417435,0.13550712168216705,0.1361307054758072,0.12149331718683243,0.1073162704706192
248,1424,0.00129064847715199,0.0002133093512384221,0.0008409478468820453,0.0004043438530061394,0.06348230689764023,0.06503275036811829,0.06969574093818665,0.06958039849996567,0.07761885225772858,0.06918370723724365,0.06873855739831924,0.06539071351289749
249,1425,0.04864419996738434,0.009158321656286716,0.029676949605345726,0.01491818018257618,0.10059644281864166,0.10425691306591034,0.109961599111557,0.10889133810997009,0.12005534768104553,0.11270484328269958,0.10566753894090652,0.10212783515453339
250,1426,0.3323603868484497,0.01900668814778328,0.3656986951828003,0.07664836198091507,0.1673775315284729,0.17695587873458862,0.18776391446590424,0.18054458498954773,0.19307614862918854,0.1872263252735138,0.17963770031929016,0.15778057277202606
251,1427,0.14682817459106445,0.010902466252446175,0.10368262976408005,0.025699369609355927,0.10576295107603073,0.1082335039973259,0.11231458932161331,0.10963989794254303,0.11949963867664337,0.12745636701583862,0.11653032898902893,0.09721039235591888
252,1428,0.06604459881782532,0.0025802033487707376,0.0387948602437973,0.009094666689634323,0.14116093516349792,0.1461905986070633,0.1530882865190506,0.14411769807338715,0.15466175973415375,0.1523364931344986,0.13602295517921448,0.12486635893583298
253,1429,0.05617038160562515,0.018638836219906807,0.02952818013727665,0.013742507435381413,0.07195410877466202,0.07549901306629181,0.08055020868778229,0.08066565543413162,0.09161586314439774,0.08737977594137192,0.08643396198749542,0.07729934900999069
254,1430,0.008273651823401451,0.0002579063002485782,0.002440670970827341,0.0002633518015500158,0.048664968460798264,0.049737196415662766,0.05275694280862808,0.05780932307243347,0.06790674477815628,0.05640869960188866,0.061121683567762375,0.0607910193502903
255,1431,0.030985428020358086,0.09796306490898132,0.025200849398970604,0.04883071035146713,0.06012339144945145,0.06138855963945389,0.06399444490671158,0.06727499514818192,0.0745457261800766,0.06090517342090607,0.05698578804731369,0.060144923627376556
256,1432,0.023497987538576126,0.004039174411445856,0.012579095549881458,0.005778931546956301,0.03866726532578468,0.03833286091685295,0.03961450606584549,0.04354478791356087,0.04922892898321152,0.03924419358372688,0.0406707338988781,0.04279826954007149
257,1433,0.07092492282390594,0.015595179982483387,0.08025545626878738,0.02091715857386589,0.1218518391251564,0.123712457716465,0.13032978773117065,0.12893636524677277,0.1379368156194687,0.13866181671619415,0.120552197098732,0.10781154036521912
258,1434,0.03688041493296623,0.0012367552844807506,0.03769286349415779,0.005009627901017666,0.0844854861497879,0.09111563861370087,0.10028120875358582,0.10391519218683243,0.11720108985900879,0.10871471464633942,0.09771893173456192,0.08604386448860168
259,1435,0.2788691520690918,0.14528758823871613,0.16369806230068207,0.19820958375930786,0.08641210943460464,0.08971444517374039,0.09546390920877457,0.08914917707443237,0.09940586239099503,0.09641903638839722,0.08837451785802841,0.0767282098531723
260,1436,0.6427478790283203,0.8235283493995667,0.6729338765144348,0.7903226017951965,0.1769738346338272,0.1851932257413864,0.19551676511764526,0.17945744097232819,0.1919020563364029,0.1855124980211258,0.1673305481672287,0.14532972872257233
261,1437,0.0013202010886743665,7.103847110556671e-06,0.0005116742686368525,2.3321401386056095e-05,0.03818625211715698,0.03980427235364914,0.04116597771644592,0.04163181781768799,0.04823392629623413,0.043694596737623215,0.04363468289375305,0.04052361473441124
262,1438,0.6795775890350342,0.9561290740966797,0.7552801966667175,0.8879372477531433,0.1688225269317627,0.17430853843688965,0.1829538345336914,0.17373156547546387,0.17967331409454346,0.17169691622257233,0.1522376984357834,0.13860711455345154
263,1439,0.03039528988301754,0.005314158275723457,0.02037985622882843,0.007950203493237495,0.09148568660020828,0.09279993921518326,0.09631206840276718,0.09846612811088562,0.11036652326583862,0.09890006482601166,0.09010828286409378,0.09051913022994995
264,1440,0.0005752216093242168,6.292621401371434e-05,0.0003458344435784966,0.00021741710952483118,0.09559855610132217,0.09824606031179428,0.10138291120529175,0.10047989338636398,0.11042292416095734,0.11322499811649323,0.10813672840595245,0.09481896460056305
265,1441,0.0003170393465552479,4.863638423557859e-06,0.00015189421537797898,2.3819495254429057e-05,0.030070198699831963,0.030780300498008728,0.032045964151620865,0.03535467013716698,0.04084830358624458,0.03492121770977974,0.03395919129252434,0.034856993705034256
266,1442,0.33799949288368225,0.24428792297840118,0.38232243061065674,0.25999942421913147,0.14414504170417786,0.1496741771697998,0.15676793456077576,0.1448763757944107,0.15371616184711456,0.1449447125196457,0.13256996870040894,0.11247363686561584
267,1443,0.23994804918766022,0.34620270133018494,0.23310822248458862,0.28470200300216675,0.01965349167585373,0.020278483629226685,0.021050775423645973,0.02265937067568302,0.027458202093839645,0.022303996607661247,0.023366190493106842,0.023366672918200493
268,1444,0.2869994342327118,0.04447844624519348,0.16878484189510345,0.07616761326789856,0.05934241786599159,0.0621369443833828,0.06548575311899185,0.0691971704363823,0.07934222370386124,0.07690746337175369,0.07516783475875854,0.06832130998373032
269,1445,0.0023164493031799793,0.0006969731766730547,0.0013416116125881672,0.0003445098118390888,0.04670485854148865,0.046793099492788315,0.04931000992655754,0.05514280125498772,0.062283825129270554,0.053657565265893936,0.05930526927113533,0.05851152911782265
270,1446,0.007015062961727381,0.000553025514818728,0.005316092167049646,0.0005502352141775191,0.09975159168243408,0.1020606979727745,0.10847778618335724,0.11232736706733704,0.12475799769163132,0.11839593946933746,0.10519684851169586,0.10791650414466858
271,1447,0.18479858338832855,0.0801372230052948,0.09188488125801086,0.06845685094594955,0.057482052594423294,0.05834810435771942,0.06109877675771713,0.0669296458363533,0.07556802034378052,0.06522488594055176,0.06018821522593498,0.06623125076293945
272,1448,0.0003950786776840687,1.3615845091408119e-05,0.00020366413809824735,9.658848284743726e-06,0.057773374021053314,0.05972004309296608,0.06287946552038193,0.0637441873550415,0.07228681445121765,0.06748752295970917,0.06032181158661842,0.05723948776721954
273,1449,0.381757527589798,0.45636114478111267,0.4424803555011749,0.3574925363063812,0.12709484994411469,0.13178884983062744,0.13784433901309967,0.12981267273426056,0.14253607392311096,0.1417268067598343,0.1326615810394287,0.1158924251794815
274,1450,0.1155431866645813,0.006288772914558649,0.06814535707235336,0.0322403684258461,0.09469830244779587,0.09771108627319336,0.10322059690952301,0.09937519580125809,0.10830957442522049,0.10198622941970825,0.09963084757328033,0.091709665954113
275,1451,0.0033350756857544184,0.00034363826853223145,0.0013050708221271634,0.0002920703846029937,0.07362043112516403,0.0766674131155014,0.07986556738615036,0.07972853630781174,0.0898311510682106,0.08886315673589706,0.08272510766983032,0.07746844738721848
276,1452,0.010949239134788513,0.0007995889754965901,0.00611516647040844,0.0015230965800583363,0.07083196938037872,0.07349392771720886,0.07742271572351456,0.07917691022157669,0.08990591019392014,0.08968735486268997,0.07802996784448624,0.07040674984455109
277,1453,0.09880083799362183,0.007785006891936064,0.05305192619562149,0.009263421408832073,0.10430268198251724,0.10759196430444717,0.11316528916358948,0.11146160960197449,0.12197382003068924,0.1206693947315216,0.10528568178415298,0.10222599655389786
278,1454,0.05968795344233513,0.004054403398185968,0.05079140141606331,0.005888050887733698,0.10248064249753952,0.10796252638101578,0.11497612297534943,0.11306840181350708,0.12450241297483444,0.11359340697526932,0.10438822209835052,0.09411216527223587
279,1455,0.06009910628199577,0.01717599295079708,0.055040471255779266,0.013169161044061184,0.09637591987848282,0.09815751761198044,0.10229135304689407,0.09858326613903046,0.1095852479338646,0.1116160973906517,0.10502909123897552,0.09175825864076614
280,1456,0.1439877301454544,0.2703861594200134,0.19648024439811707,0.2005242109298706,0.0961250588297844,0.10004264116287231,0.10539818555116653,0.10233322530984879,0.11428312212228775,0.11155365407466888,0.1010834276676178,0.0934860035777092
281,1457,0.004640788771212101,0.00019382356549613178,0.002161240903660655,0.0006980274338275194,0.09211188554763794,0.09463272988796234,0.09816629439592361,0.09654972702264786,0.10730288177728653,0.1078261062502861,0.10688170790672302,0.09555290639400482
282,1458,0.009029312059283257,0.0013136118650436401,0.003944807220250368,0.0005252790870144963,0.14824557304382324,0.15120217204093933,0.1550317257642746,0.14791850745677948,0.1590031087398529,0.16554035246372223,0.15020014345645905,0.1384773850440979
283,1459,0.1628311276435852,0.12295808643102646,0.1522996574640274,0.05613554269075394,0.09653449803590775,0.1008441373705864,0.10753884166479111,0.10448919236660004,0.11233170330524445,0.10733029991388321,0.0954413115978241,0.08680839091539383
284,1460,0.3200554847717285,0.17306111752986908,0.4028792977333069,0.22305132448673248,0.2054494172334671,0.21423959732055664,0.22924889624118805,0.22203071415424347,0.23706109821796417,0.23275041580200195,0.22756484150886536,0.195532888174057
285,1461,0.34678688645362854,0.10849311947822571,0.33042487502098083,0.1240043118596077,0.07081174850463867,0.07594473659992218,0.08324749767780304,0.08779021352529526,0.0983806774020195,0.08689334988594055,0.07787834852933884,0.06674125790596008
286,1462,0.3307846188545227,0.4551091492176056,0.3361174464225769,0.29891255497932434,0.055147796869277954,0.05751359462738037,0.0618540458381176,0.06609001010656357,0.07661571353673935,0.06514117866754532,0.06253129988908768,0.0657849982380867
287,1463,0.0014190598158165812,0.00037680845707654953,0.0010321169393137097,0.0005801470251753926,0.06968165934085846,0.0706574097275734,0.07430470734834671,0.07367340475320816,0.08331229537725449,0.07716863602399826,0.07756900787353516,0.0705786868929863
288,1464,0.27953779697418213,0.1750863492488861,0.3941075801849365,0.16177906095981598,0.16375306248664856,0.16655868291854858,0.17350730299949646,0.1625487059354782,0.17231763899326324,0.16146549582481384,0.14673160016536713,0.13997744023799896
289,1465,0.006018690299242735,0.0016573454486206174,0.003257330507040024,0.0011349443811923265,0.08854725956916809,0.09159493446350098,0.09834430366754532,0.09750853478908539,0.10548023134469986,0.10236325114965439,0.09612491726875305,0.08602187782526016
290,1466,0.01775209791958332,0.010328279808163643,0.017884407192468643,0.004589881747961044,0.06798569858074188,0.0701557993888855,0.07436107844114304,0.0764189064502716,0.08381187170743942,0.07216600328683853,0.06996327638626099,0.06860674917697906
291,1467,0.007876847870647907,0.0023236090783029795,0.00237898132763803,0.002195451408624649,0.08147460222244263,0.08116169273853302,0.08384881913661957,0.08269296586513519,0.09032576531171799,0.08953779190778732,0.08584720641374588,0.07710020989179611
292,1468,0.011583988554775715,0.00795501098036766,0.01236807182431221,0.003641985822468996,0.04656052589416504,0.04814263805747032,0.0511670745909214,0.053744278848171234,0.0631793960928917,0.05433882772922516,0.05082353949546814,0.04878511279821396
293,1469,0.15090742707252502,0.05776015296578407,0.10322961956262589,0.024584852159023285,0.12268698960542679,0.12770067155361176,0.13553184270858765,0.12890435755252838,0.1421152800321579,0.13769304752349854,0.12993308901786804,0.11515892297029495
