,Expr-142-ep-5.pt,Expr-143-ep-9.pt,Expr-144-ep-6.pt,Expr-145-ep-8.pt,Expr-285-ep-0.pt,Expr-286-ep-0.pt,Expr-287-ep-0.pt,Expr-288-ep-0.pt,Expr-289-ep-0.pt,Expr-290-ep-0.pt,Expr-291-ep-0.pt,Expr-292-ep-0.pt
Age,0.017006782447399726,0.017006825427619776,0.013605464883402085,0.02721089732890225,2.9599585449346932e-08,2.9599585449346932e-08,2.9599585449346932e-08,2.9599585449346932e-08,2.9599585449346932e-08,2.9599585449346932e-08,2.9599585449346932e-08,2.9599585449346932e-08
DailyRate,0.003401366626324287,0.013605426768867335,-1.0542318129580508e-08,-0.010204070684861177,2.9599585449346932e-08,2.9599585449346932e-08,2.9599585449346932e-08,2.9599585449346932e-08,2.9599585449346932e-08,2.9599585449346932e-08,2.9599585449346932e-08,2.9599585449346932e-08
DistanceFromHome,0.003401366626324287,0.02721090219458755,0.013605464883402085,0.01020408284907437,2.9599585449346932e-08,2.9599585449346932e-08,2.9599585449346932e-08,2.9599585449346932e-08,2.9599585449346932e-08,2.9599585449346932e-08,2.9599585449346932e-08,2.9599585449346932e-08
Gender,0.017006782447399726,0.020408164481727442,-1.0542318129580508e-08,0.0068027437949667036,2.9599585449346932e-08,2.9599585449346932e-08,2.9599585449346932e-08,2.9599585449346932e-08,2.9599585449346932e-08,2.9599585449346932e-08,2.9599585449346932e-08,2.9599585449346932e-08
HourlyRate,0.003401366626324287,0.017006825427619776,0.003401388116434312,0.0068027437949667036,2.9599585449346932e-08,2.9599585449346932e-08,2.9599585449346932e-08,2.9599585449346932e-08,2.9599585449346932e-08,2.9599585449346932e-08,2.9599585449346932e-08,2.9599585449346932e-08
MonthlyIncome,-0.0034013710865358204,0.013605426768867335,0.01700680393750975,0.013605421903182036,2.9599585449346932e-08,2.9599585449346932e-08,2.9599585449346932e-08,2.9599585449346932e-08,2.9599585449346932e-08,2.9599585449346932e-08,2.9599585449346932e-08,2.9599585449346932e-08
MonthlyRate,0.006802705680431953,0.030612241248695216,0.010204066224649644,0.013605421903182036,2.9599585449346932e-08,2.9599585449346932e-08,2.9599585449346932e-08,2.9599585449346932e-08,2.9599585449346932e-08,2.9599585449346932e-08,2.9599585449346932e-08,2.9599585449346932e-08
OverTime,0.03061225787311994,0.05782313249549087,0.04081635613019774,0.05102038991694546,2.9599585449346932e-08,2.9599585449346932e-08,2.9599585449346932e-08,2.9599585449346932e-08,2.9599585449346932e-08,2.9599585449346932e-08,2.9599585449346932e-08,2.9599585449346932e-08
PercentSalaryHike,2.7572216620974643e-08,0.006802748660652003,0.003401388116434312,-0.00340133297200107,2.9599585449346932e-08,2.9599585449346932e-08,2.9599585449346932e-08,2.9599585449346932e-08,2.9599585449346932e-08,2.9599585449346932e-08,2.9599585449346932e-08,2.9599585449346932e-08
PerformanceRating,2.7572216620974643e-08,0.010204087714759669,-1.0542318129580508e-08,-0.006802731630753511,2.9599585449346932e-08,2.9599585449346932e-08,2.9599585449346932e-08,2.9599585449346932e-08,2.9599585449346932e-08,2.9599585449346932e-08,2.9599585449346932e-08,2.9599585449346932e-08
TotalWorkingYears,0.01360544339329206,0.006802748660652003,0.010204066224649644,0.003401345136214262,2.9599585449346932e-08,2.9599585449346932e-08,2.9599585449346932e-08,2.9599585449346932e-08,2.9599585449346932e-08,2.9599585449346932e-08,2.9599585449346932e-08,2.9599585449346932e-08
YearsAtCompany,-0.0034013710865358204,0.010204087714759669,0.006802727170541978,0.01020408284907437,2.9599585449346932e-08,2.9599585449346932e-08,2.9599585449346932e-08,2.9599585449346932e-08,2.9599585449346932e-08,2.9599585449346932e-08,2.9599585449346932e-08,2.9599585449346932e-08
YearsInCurrentRole,0.010204104339184394,0.017006825427619776,0.003401388116434312,0.0068027437949667036,2.9599585449346932e-08,2.9599585449346932e-08,2.9599585449346932e-08,2.9599585449346932e-08,2.9599585449346932e-08,2.9599585449346932e-08,2.9599585449346932e-08,2.9599585449346932e-08
YearsSinceLastPromotion,-0.0068027101406434864,0.006802748660652003,0.010204066224649644,0.0068027437949667036,2.9599585449346932e-08,2.9599585449346932e-08,2.9599585449346932e-08,2.9599585449346932e-08,2.9599585449346932e-08,2.9599585449346932e-08,2.9599585449346932e-08,2.9599585449346932e-08
YearsWithCurrManager,0.006802705680431953,0.010204087714759669,0.020408142991617417,0.013605421903182036,2.9599585449346932e-08,2.9599585449346932e-08,2.9599585449346932e-08,2.9599585449346932e-08,2.9599585449346932e-08,2.9599585449346932e-08,2.9599585449346932e-08,2.9599585449346932e-08
BusinessTravel_Non-Travel,2.7572216620974643e-08,0.010204087714759669,-1.0542318129580508e-08,0.0068027437949667036,2.9599585449346932e-08,2.9599585449346932e-08,2.9599585449346932e-08,2.9599585449346932e-08,2.9599585449346932e-08,2.9599585449346932e-08,2.9599585449346932e-08,2.9599585449346932e-08
BusinessTravel_Travel_Frequently,-0.0034013710865358204,0.010204087714759669,0.013605464883402085,-0.006802731630753511,2.9599585449346932e-08,2.9599585449346932e-08,2.9599585449346932e-08,2.9599585449346932e-08,2.9599585449346932e-08,2.9599585449346932e-08,2.9599585449346932e-08,2.9599585449346932e-08
BusinessTravel_Travel_Rarely,-0.0068027101406434864,0.0034013500018995613,0.003401388116434312,6.08210659613917e-09,2.9599585449346932e-08,2.9599585449346932e-08,2.9599585449346932e-08,2.9599585449346932e-08,2.9599585449346932e-08,2.9599585449346932e-08,2.9599585449346932e-08,2.9599585449346932e-08
Department_Human Resources,2.7572216620974643e-08,1.0947791895254966e-08,0.003401388116434312,0.003401345136214262,2.9599585449346932e-08,2.9599585449346932e-08,2.9599585449346932e-08,2.9599585449346932e-08,2.9599585449346932e-08,2.9599585449346932e-08,2.9599585449346932e-08,2.9599585449346932e-08
Department_Research & Development,0.01360544339329206,0.013605426768867335,0.01700680393750975,0.003401345136214262,2.9599585449346932e-08,2.9599585449346932e-08,2.9599585449346932e-08,2.9599585449346932e-08,2.9599585449346932e-08,2.9599585449346932e-08,2.9599585449346932e-08,2.9599585449346932e-08
Department_Sales,0.010204104339184394,0.0034013500018995613,0.01700680393750975,0.0068027437949667036,2.9599585449346932e-08,2.9599585449346932e-08,2.9599585449346932e-08,2.9599585449346932e-08,2.9599585449346932e-08,2.9599585449346932e-08,2.9599585449346932e-08,2.9599585449346932e-08
EducationField_Human Resources,2.7572216620974643e-08,1.0947791895254966e-08,-1.0542318129580508e-08,6.08210659613917e-09,2.9599585449346932e-08,2.9599585449346932e-08,2.9599585449346932e-08,2.9599585449346932e-08,2.9599585449346932e-08,2.9599585449346932e-08,2.9599585449346932e-08,2.9599585449346932e-08
EducationField_Life Sciences,0.006802705680431953,0.006802748660652003,-1.0542318129580508e-08,6.08210659613917e-09,2.9599585449346932e-08,2.9599585449346932e-08,2.9599585449346932e-08,2.9599585449346932e-08,2.9599585449346932e-08,2.9599585449346932e-08,2.9599585449346932e-08,2.9599585449346932e-08
EducationField_Marketing,0.010204104339184394,0.010204087714759669,0.010204066224649644,0.003401345136214262,2.9599585449346932e-08,2.9599585449346932e-08,2.9599585449346932e-08,2.9599585449346932e-08,2.9599585449346932e-08,2.9599585449346932e-08,2.9599585449346932e-08,2.9599585449346932e-08
EducationField_Medical,2.7572216620974643e-08,0.006802748660652003,0.010204066224649644,0.01020408284907437,2.9599585449346932e-08,2.9599585449346932e-08,2.9599585449346932e-08,2.9599585449346932e-08,2.9599585449346932e-08,2.9599585449346932e-08,2.9599585449346932e-08,2.9599585449346932e-08
EducationField_Other,0.003401366626324287,1.0947791895254966e-08,-1.0542318129580508e-08,0.003401345136214262,2.9599585449346932e-08,2.9599585449346932e-08,2.9599585449346932e-08,2.9599585449346932e-08,2.9599585449346932e-08,2.9599585449346932e-08,2.9599585449346932e-08,2.9599585449346932e-08
EducationField_Technical Degree,0.006802705680431953,1.0947791895254966e-08,-1.0542318129580508e-08,-0.00340133297200107,2.9599585449346932e-08,2.9599585449346932e-08,2.9599585449346932e-08,2.9599585449346932e-08,2.9599585449346932e-08,2.9599585449346932e-08,2.9599585449346932e-08,2.9599585449346932e-08
JobRole_Healthcare Representative,2.7572216620974643e-08,1.0947791895254966e-08,-1.0542318129580508e-08,0.0068027437949667036,2.9599585449346932e-08,2.9599585449346932e-08,2.9599585449346932e-08,2.9599585449346932e-08,2.9599585449346932e-08,2.9599585449346932e-08,2.9599585449346932e-08,2.9599585449346932e-08
JobRole_Human Resources,2.7572216620974643e-08,-0.003401387710960546,-1.0542318129580508e-08,0.003401345136214262,2.9599585449346932e-08,2.9599585449346932e-08,2.9599585449346932e-08,2.9599585449346932e-08,2.9599585449346932e-08,2.9599585449346932e-08,2.9599585449346932e-08,2.9599585449346932e-08
JobRole_Laboratory Technician,0.003401366626324287,0.0034013500018995613,-1.0542318129580508e-08,0.003401345136214262,2.9599585449346932e-08,2.9599585449346932e-08,2.9599585449346932e-08,2.9599585449346932e-08,2.9599585449346932e-08,2.9599585449346932e-08,2.9599585449346932e-08,2.9599585449346932e-08
JobRole_Manager,2.7572216620974643e-08,0.0034013500018995613,-1.0542318129580508e-08,6.08210659613917e-09,2.9599585449346932e-08,2.9599585449346932e-08,2.9599585449346932e-08,2.9599585449346932e-08,2.9599585449346932e-08,2.9599585449346932e-08,2.9599585449346932e-08,2.9599585449346932e-08
JobRole_Manufacturing Director,2.7572216620974643e-08,1.0947791895254966e-08,-1.0542318129580508e-08,6.08210659613917e-09,2.9599585449346932e-08,2.9599585449346932e-08,2.9599585449346932e-08,2.9599585449346932e-08,2.9599585449346932e-08,2.9599585449346932e-08,2.9599585449346932e-08,2.9599585449346932e-08
JobRole_Research Director,2.7572216620974643e-08,0.0034013500018995613,-1.0542318129580508e-08,6.08210659613917e-09,2.9599585449346932e-08,2.9599585449346932e-08,2.9599585449346932e-08,2.9599585449346932e-08,2.9599585449346932e-08,2.9599585449346932e-08,2.9599585449346932e-08,2.9599585449346932e-08
JobRole_Research Scientist,0.003401366626324287,0.010204087714759669,-1.0542318129580508e-08,0.01020408284907437,2.9599585449346932e-08,2.9599585449346932e-08,2.9599585449346932e-08,2.9599585449346932e-08,2.9599585449346932e-08,2.9599585449346932e-08,2.9599585449346932e-08,2.9599585449346932e-08
JobRole_Sales Executive,0.003401366626324287,0.006802748660652003,0.006802727170541978,0.003401345136214262,2.9599585449346932e-08,2.9599585449346932e-08,2.9599585449346932e-08,2.9599585449346932e-08,2.9599585449346932e-08,2.9599585449346932e-08,2.9599585449346932e-08,2.9599585449346932e-08
JobRole_Sales Representative,2.7572216620974643e-08,0.006802748660652003,-1.0542318129580508e-08,6.08210659613917e-09,2.9599585449346932e-08,2.9599585449346932e-08,2.9599585449346932e-08,2.9599585449346932e-08,2.9599585449346932e-08,2.9599585449346932e-08,2.9599585449346932e-08,2.9599585449346932e-08
MaritalStatus_Divorced,0.017006782447399726,0.010204087714759669,0.003401388116434312,0.0068027437949667036,2.9599585449346932e-08,2.9599585449346932e-08,2.9599585449346932e-08,2.9599585449346932e-08,2.9599585449346932e-08,2.9599585449346932e-08,2.9599585449346932e-08,2.9599585449346932e-08
MaritalStatus_Married,0.003401366626324287,0.013605426768867335,0.006802727170541978,0.003401345136214262,2.9599585449346932e-08,2.9599585449346932e-08,2.9599585449346932e-08,2.9599585449346932e-08,2.9599585449346932e-08,2.9599585449346932e-08,2.9599585449346932e-08,2.9599585449346932e-08
MaritalStatus_Single,0.006802705680431953,0.013605426768867335,0.013605464883402085,0.003401345136214262,2.9599585449346932e-08,2.9599585449346932e-08,2.9599585449346932e-08,2.9599585449346932e-08,2.9599585449346932e-08,2.9599585449346932e-08,2.9599585449346932e-08,2.9599585449346932e-08
Education_1,0.003401366626324287,-0.006802726765068212,0.003401388116434312,6.08210659613917e-09,2.9599585449346932e-08,2.9599585449346932e-08,2.9599585449346932e-08,2.9599585449346932e-08,2.9599585449346932e-08,2.9599585449346932e-08,2.9599585449346932e-08,2.9599585449346932e-08
Education_2,-0.0034013710865358204,1.0947791895254966e-08,-1.0542318129580508e-08,-0.00340133297200107,2.9599585449346932e-08,2.9599585449346932e-08,2.9599585449346932e-08,2.9599585449346932e-08,2.9599585449346932e-08,2.9599585449346932e-08,2.9599585449346932e-08,2.9599585449346932e-08
Education_3,2.7572216620974643e-08,1.0947791895254966e-08,-1.0542318129580508e-08,6.08210659613917e-09,2.9599585449346932e-08,2.9599585449346932e-08,2.9599585449346932e-08,2.9599585449346932e-08,2.9599585449346932e-08,2.9599585449346932e-08,2.9599585449346932e-08,2.9599585449346932e-08
Education_4,2.7572216620974643e-08,0.0034013500018995613,0.003401388116434312,6.08210659613917e-09,2.9599585449346932e-08,2.9599585449346932e-08,2.9599585449346932e-08,2.9599585449346932e-08,2.9599585449346932e-08,2.9599585449346932e-08,2.9599585449346932e-08,2.9599585449346932e-08
Education_5,-0.0034013710865358204,1.0947791895254966e-08,-0.0034013495964257956,-0.00340133297200107,2.9599585449346932e-08,2.9599585449346932e-08,2.9599585449346932e-08,2.9599585449346932e-08,2.9599585449346932e-08,2.9599585449346932e-08,2.9599585449346932e-08,2.9599585449346932e-08
RelationshipSatisfaction_1,0.006802705680431953,0.013605426768867335,-1.0542318129580508e-08,0.01020408284907437,2.9599585449346932e-08,2.9599585449346932e-08,2.9599585449346932e-08,2.9599585449346932e-08,2.9599585449346932e-08,2.9599585449346932e-08,2.9599585449346932e-08,2.9599585449346932e-08
RelationshipSatisfaction_2,2.7572216620974643e-08,0.0034013500018995613,0.013605464883402085,0.003401345136214262,2.9599585449346932e-08,2.9599585449346932e-08,2.9599585449346932e-08,2.9599585449346932e-08,2.9599585449346932e-08,2.9599585449346932e-08,2.9599585449346932e-08,2.9599585449346932e-08
RelationshipSatisfaction_3,0.010204104339184394,0.006802748660652003,0.010204066224649644,0.0068027437949667036,2.9599585449346932e-08,2.9599585449346932e-08,2.9599585449346932e-08,2.9599585449346932e-08,2.9599585449346932e-08,2.9599585449346932e-08,2.9599585449346932e-08,2.9599585449346932e-08
RelationshipSatisfaction_4,0.003401366626324287,0.006802748660652003,-1.0542318129580508e-08,0.01020408284907437,2.9599585449346932e-08,2.9599585449346932e-08,2.9599585449346932e-08,2.9599585449346932e-08,2.9599585449346932e-08,2.9599585449346932e-08,2.9599585449346932e-08,2.9599585449346932e-08
StockOptionLevel_0,0.003401366626324287,0.020408164481727442,0.010204066224649644,0.003401345136214262,2.9599585449346932e-08,2.9599585449346932e-08,2.9599585449346932e-08,2.9599585449346932e-08,2.9599585449346932e-08,2.9599585449346932e-08,2.9599585449346932e-08,2.9599585449346932e-08
StockOptionLevel_1,0.01360544339329206,0.010204087714759669,0.003401388116434312,6.08210659613917e-09,2.9599585449346932e-08,2.9599585449346932e-08,2.9599585449346932e-08,2.9599585449346932e-08,2.9599585449346932e-08,2.9599585449346932e-08,2.9599585449346932e-08,2.9599585449346932e-08
StockOptionLevel_2,0.003401366626324287,1.0947791895254966e-08,-0.0034013495964257956,6.08210659613917e-09,2.9599585449346932e-08,2.9599585449346932e-08,2.9599585449346932e-08,2.9599585449346932e-08,2.9599585449346932e-08,2.9599585449346932e-08,2.9599585449346932e-08,2.9599585449346932e-08
StockOptionLevel_3,2.7572216620974643e-08,1.0947791895254966e-08,0.003401388116434312,6.08210659613917e-09,2.9599585449346932e-08,2.9599585449346932e-08,2.9599585449346932e-08,2.9599585449346932e-08,2.9599585449346932e-08,2.9599585449346932e-08,2.9599585449346932e-08,2.9599585449346932e-08
TrainingTimesLastYear_0,2.7572216620974643e-08,1.0947791895254966e-08,-1.0542318129580508e-08,6.08210659613917e-09,2.9599585449346932e-08,2.9599585449346932e-08,2.9599585449346932e-08,2.9599585449346932e-08,2.9599585449346932e-08,2.9599585449346932e-08,2.9599585449346932e-08,2.9599585449346932e-08
TrainingTimesLastYear_1,2.7572216620974643e-08,0.0034013500018995613,-1.0542318129580508e-08,6.08210659613917e-09,2.9599585449346932e-08,2.9599585449346932e-08,2.9599585449346932e-08,2.9599585449346932e-08,2.9599585449346932e-08,2.9599585449346932e-08,2.9599585449346932e-08,2.9599585449346932e-08
TrainingTimesLastYear_2,2.7572216620974643e-08,0.0034013500018995613,0.003401388116434312,0.0068027437949667036,2.9599585449346932e-08,2.9599585449346932e-08,2.9599585449346932e-08,2.9599585449346932e-08,2.9599585449346932e-08,2.9599585449346932e-08,2.9599585449346932e-08,2.9599585449346932e-08
TrainingTimesLastYear_3,-0.0068027101406434864,0.010204087714759669,0.003401388116434312,-0.006802731630753511,2.9599585449346932e-08,2.9599585449346932e-08,2.9599585449346932e-08,2.9599585449346932e-08,2.9599585449346932e-08,2.9599585449346932e-08,2.9599585449346932e-08,2.9599585449346932e-08
TrainingTimesLastYear_4,-0.0068027101406434864,0.0034013500018995613,0.003401388116434312,-0.00340133297200107,2.9599585449346932e-08,2.9599585449346932e-08,2.9599585449346932e-08,2.9599585449346932e-08,2.9599585449346932e-08,2.9599585449346932e-08,2.9599585449346932e-08,2.9599585449346932e-08
TrainingTimesLastYear_5,2.7572216620974643e-08,1.0947791895254966e-08,-0.0034013495964257956,6.08210659613917e-09,2.9599585449346932e-08,2.9599585449346932e-08,2.9599585449346932e-08,2.9599585449346932e-08,2.9599585449346932e-08,2.9599585449346932e-08,2.9599585449346932e-08,2.9599585449346932e-08
TrainingTimesLastYear_6,0.003401366626324287,-0.003401387710960546,0.003401388116434312,6.08210659613917e-09,2.9599585449346932e-08,2.9599585449346932e-08,2.9599585449346932e-08,2.9599585449346932e-08,2.9599585449346932e-08,2.9599585449346932e-08,2.9599585449346932e-08,2.9599585449346932e-08
WorkLifeBalance_1,-0.0068027101406434864,0.006802748660652003,-1.0542318129580508e-08,-0.00340133297200107,2.9599585449346932e-08,2.9599585449346932e-08,2.9599585449346932e-08,2.9599585449346932e-08,2.9599585449346932e-08,2.9599585449346932e-08,2.9599585449346932e-08,2.9599585449346932e-08
WorkLifeBalance_2,2.7572216620974643e-08,0.006802748660652003,-1.0542318129580508e-08,-0.00340133297200107,2.9599585449346932e-08,2.9599585449346932e-08,2.9599585449346932e-08,2.9599585449346932e-08,2.9599585449346932e-08,2.9599585449346932e-08,2.9599585449346932e-08,2.9599585449346932e-08
WorkLifeBalance_3,-0.01700678690761126,0.006802748660652003,0.010204066224649644,0.003401345136214262,2.9599585449346932e-08,2.9599585449346932e-08,2.9599585449346932e-08,2.9599585449346932e-08,2.9599585449346932e-08,2.9599585449346932e-08,2.9599585449346932e-08,2.9599585449346932e-08
WorkLifeBalance_4,-0.0034013710865358204,0.006802748660652003,-1.0542318129580508e-08,6.08210659613917e-09,2.9599585449346932e-08,2.9599585449346932e-08,2.9599585449346932e-08,2.9599585449346932e-08,2.9599585449346932e-08,2.9599585449346932e-08,2.9599585449346932e-08,2.9599585449346932e-08
EnvironmentSatisfaction_1,0.006802705680431953,0.017006825427619776,0.010204066224649644,0.01020408284907437,2.9599585449346932e-08,2.9599585449346932e-08,2.9599585449346932e-08,2.9599585449346932e-08,2.9599585449346932e-08,2.9599585449346932e-08,2.9599585449346932e-08,2.9599585449346932e-08
EnvironmentSatisfaction_2,2.7572216620974643e-08,0.0034013500018995613,-1.0542318129580508e-08,6.08210659613917e-09,2.9599585449346932e-08,2.9599585449346932e-08,2.9599585449346932e-08,2.9599585449346932e-08,2.9599585449346932e-08,2.9599585449346932e-08,2.9599585449346932e-08,2.9599585449346932e-08
EnvironmentSatisfaction_3,0.003401366626324287,0.006802748660652003,0.003401388116434312,6.08210659613917e-09,2.9599585449346932e-08,2.9599585449346932e-08,2.9599585449346932e-08,2.9599585449346932e-08,2.9599585449346932e-08,2.9599585449346932e-08,2.9599585449346932e-08,2.9599585449346932e-08
EnvironmentSatisfaction_4,0.01360544339329206,0.013605426768867335,0.020408142991617417,0.013605421903182036,2.9599585449346932e-08,2.9599585449346932e-08,2.9599585449346932e-08,2.9599585449346932e-08,2.9599585449346932e-08,2.9599585449346932e-08,2.9599585449346932e-08,2.9599585449346932e-08
JobInvolvement_1,0.003401366626324287,0.0034013500018995613,0.003401388116434312,0.0068027437949667036,2.9599585449346932e-08,2.9599585449346932e-08,2.9599585449346932e-08,2.9599585449346932e-08,2.9599585449346932e-08,2.9599585449346932e-08,2.9599585449346932e-08,2.9599585449346932e-08
JobInvolvement_2,2.7572216620974643e-08,0.0034013500018995613,-1.0542318129580508e-08,0.003401345136214262,2.9599585449346932e-08,2.9599585449346932e-08,2.9599585449346932e-08,2.9599585449346932e-08,2.9599585449346932e-08,2.9599585449346932e-08,2.9599585449346932e-08,2.9599585449346932e-08
JobInvolvement_3,0.010204104339184394,0.023809503535835108,-1.0542318129580508e-08,0.003401345136214262,2.9599585449346932e-08,2.9599585449346932e-08,2.9599585449346932e-08,2.9599585449346932e-08,2.9599585449346932e-08,2.9599585449346932e-08,2.9599585449346932e-08,2.9599585449346932e-08
JobInvolvement_4,2.7572216620974643e-08,0.006802748660652003,0.006802727170541978,6.08210659613917e-09,2.9599585449346932e-08,2.9599585449346932e-08,2.9599585449346932e-08,2.9599585449346932e-08,2.9599585449346932e-08,2.9599585449346932e-08,2.9599585449346932e-08,2.9599585449346932e-08
JobLevel_1,0.006802705680431953,0.006802748660652003,-0.006802748255178237,6.08210659613917e-09,2.9599585449346932e-08,2.9599585449346932e-08,2.9599585449346932e-08,2.9599585449346932e-08,2.9599585449346932e-08,2.9599585449346932e-08,2.9599585449346932e-08,2.9599585449346932e-08
JobLevel_2,0.003401366626324287,0.010204087714759669,-1.0542318129580508e-08,6.08210659613917e-09,2.9599585449346932e-08,2.9599585449346932e-08,2.9599585449346932e-08,2.9599585449346932e-08,2.9599585449346932e-08,2.9599585449346932e-08,2.9599585449346932e-08,2.9599585449346932e-08
JobLevel_3,2.7572216620974643e-08,1.0947791895254966e-08,0.003401388116434312,6.08210659613917e-09,2.9599585449346932e-08,2.9599585449346932e-08,2.9599585449346932e-08,2.9599585449346932e-08,2.9599585449346932e-08,2.9599585449346932e-08,2.9599585449346932e-08,2.9599585449346932e-08
JobLevel_4,2.7572216620974643e-08,0.0034013500018995613,-1.0542318129580508e-08,6.08210659613917e-09,2.9599585449346932e-08,2.9599585449346932e-08,2.9599585449346932e-08,2.9599585449346932e-08,2.9599585449346932e-08,2.9599585449346932e-08,2.9599585449346932e-08,2.9599585449346932e-08
JobLevel_5,2.7572216620974643e-08,1.0947791895254966e-08,-1.0542318129580508e-08,0.003401345136214262,2.9599585449346932e-08,2.9599585449346932e-08,2.9599585449346932e-08,2.9599585449346932e-08,2.9599585449346932e-08,2.9599585449346932e-08,2.9599585449346932e-08,2.9599585449346932e-08
JobSatisfaction_1,0.006802705680431953,1.0947791895254966e-08,0.010204066224649644,0.01020408284907437,2.9599585449346932e-08,2.9599585449346932e-08,2.9599585449346932e-08,2.9599585449346932e-08,2.9599585449346932e-08,2.9599585449346932e-08,2.9599585449346932e-08,2.9599585449346932e-08
JobSatisfaction_2,-0.0068027101406434864,0.0034013500018995613,0.003401388116434312,-0.00340133297200107,2.9599585449346932e-08,2.9599585449346932e-08,2.9599585449346932e-08,2.9599585449346932e-08,2.9599585449346932e-08,2.9599585449346932e-08,2.9599585449346932e-08,2.9599585449346932e-08
JobSatisfaction_3,-0.010204108799395928,0.006802748660652003,-1.0542318129580508e-08,-0.00340133297200107,2.9599585449346932e-08,2.9599585449346932e-08,2.9599585449346932e-08,2.9599585449346932e-08,2.9599585449346932e-08,2.9599585449346932e-08,2.9599585449346932e-08,2.9599585449346932e-08
JobSatisfaction_4,0.010204104339184394,0.013605426768867335,0.003401388116434312,0.0068027437949667036,2.9599585449346932e-08,2.9599585449346932e-08,2.9599585449346932e-08,2.9599585449346932e-08,2.9599585449346932e-08,2.9599585449346932e-08,2.9599585449346932e-08,2.9599585449346932e-08
NumCompaniesWorked_0,0.003401366626324287,0.013605426768867335,0.020408142991617417,0.0068027437949667036,2.9599585449346932e-08,2.9599585449346932e-08,2.9599585449346932e-08,2.9599585449346932e-08,2.9599585449346932e-08,2.9599585449346932e-08,2.9599585449346932e-08,2.9599585449346932e-08
NumCompaniesWorked_1,-0.0034013710865358204,0.010204087714759669,0.006802727170541978,6.08210659613917e-09,2.9599585449346932e-08,2.9599585449346932e-08,2.9599585449346932e-08,2.9599585449346932e-08,2.9599585449346932e-08,2.9599585449346932e-08,2.9599585449346932e-08,2.9599585449346932e-08
NumCompaniesWorked_2,2.7572216620974643e-08,0.010204087714759669,-1.0542318129580508e-08,-0.00340133297200107,2.9599585449346932e-08,2.9599585449346932e-08,2.9599585449346932e-08,2.9599585449346932e-08,2.9599585449346932e-08,2.9599585449346932e-08,2.9599585449346932e-08,2.9599585449346932e-08
NumCompaniesWorked_3,0.003401366626324287,0.0034013500018995613,-0.0034013495964257956,-0.00340133297200107,2.9599585449346932e-08,2.9599585449346932e-08,2.9599585449346932e-08,2.9599585449346932e-08,2.9599585449346932e-08,2.9599585449346932e-08,2.9599585449346932e-08,2.9599585449346932e-08
NumCompaniesWorked_4,2.7572216620974643e-08,1.0947791895254966e-08,0.003401388116434312,6.08210659613917e-09,2.9599585449346932e-08,2.9599585449346932e-08,2.9599585449346932e-08,2.9599585449346932e-08,2.9599585449346932e-08,2.9599585449346932e-08,2.9599585449346932e-08,2.9599585449346932e-08
NumCompaniesWorked_5,2.7572216620974643e-08,0.0034013500018995613,0.003401388116434312,6.08210659613917e-09,2.9599585449346932e-08,2.9599585449346932e-08,2.9599585449346932e-08,2.9599585449346932e-08,2.9599585449346932e-08,2.9599585449346932e-08,2.9599585449346932e-08,2.9599585449346932e-08
NumCompaniesWorked_6,2.7572216620974643e-08,-0.003401387710960546,-1.0542318129580508e-08,-0.00340133297200107,2.9599585449346932e-08,2.9599585449346932e-08,2.9599585449346932e-08,2.9599585449346932e-08,2.9599585449346932e-08,2.9599585449346932e-08,2.9599585449346932e-08,2.9599585449346932e-08
NumCompaniesWorked_7,0.006802705680431953,0.0034013500018995613,0.003401388116434312,0.003401345136214262,2.9599585449346932e-08,2.9599585449346932e-08,2.9599585449346932e-08,2.9599585449346932e-08,2.9599585449346932e-08,2.9599585449346932e-08,2.9599585449346932e-08,2.9599585449346932e-08
NumCompaniesWorked_8,-0.0034013710865358204,-0.003401387710960546,0.003401388116434312,-0.00340133297200107,2.9599585449346932e-08,2.9599585449346932e-08,2.9599585449346932e-08,2.9599585449346932e-08,2.9599585449346932e-08,2.9599585449346932e-08,2.9599585449346932e-08,2.9599585449346932e-08
NumCompaniesWorked_9,2.7572216620974643e-08,1.0947791895254966e-08,-1.0542318129580508e-08,6.08210659613917e-09,2.9599585449346932e-08,2.9599585449346932e-08,2.9599585449346932e-08,2.9599585449346932e-08,2.9599585449346932e-08,2.9599585449346932e-08,2.9599585449346932e-08,2.9599585449346932e-08
