,arrest
0,0
1,1
2,1
3,0
4,1
5,0
6,0
7,0
8,1
9,0
10,0
11,1
12,1
13,0
14,0
15,1
16,1
17,1
18,1
19,1
20,0
21,1
22,0
23,0
24,1
25,1
26,1
27,1
28,1
29,0
30,1
31,1
32,1
33,1
34,0
35,0
36,0
37,1
38,0
39,1
40,1
41,1
42,0
43,0
44,1
45,0
46,0
47,1
48,0
49,0
50,0
51,0
52,1
53,1
54,1
55,1
56,0
57,1
58,0
59,0
60,1
61,0
62,0
63,1
64,1
65,0
66,1
67,0
68,1
69,0
70,0
71,1
72,1
73,1
74,1
75,1
76,0
77,1
78,1
79,1
80,1
81,0
82,1
83,0
84,0
85,1
86,0
87,1
88,1
89,0
90,0
91,0
92,0
93,1
94,1
95,0
96,1
97,0
98,1
99,1
100,1
101,1
102,0
103,0
104,1
105,1
106,0
107,1
108,0
109,0
110,0
111,0
112,1
113,0
114,1
115,1
116,1
117,1
118,0
119,1
120,0
121,0
122,1
123,1
124,1
125,1
126,1
127,1
128,0
129,0
130,1
131,1
132,0
133,1
134,0
135,1
136,0
137,1
138,0
139,0
140,0
141,1
142,0
143,1
144,0
145,0
146,0
147,0
148,1
149,1
150,0
151,0
152,1
153,0
154,0
155,1
156,1
157,1
158,0
159,0
160,1
161,1
162,1
163,1
164,0
165,1
166,0
167,0
168,1
169,0
170,0
171,0
172,1
173,1
174,1
175,0
176,0
177,1
178,0
179,0
180,1
181,0
182,0
183,1
184,0
185,1
186,0
187,1
188,0
189,0
190,1
191,0
192,1
193,0
194,0
195,0
196,0
197,1
198,0
199,0
200,1
201,0
202,0
203,0
204,0
205,1
206,1
207,0
208,0
209,1
210,1
211,0
212,1
213,0
214,0
215,0
216,1
217,1
218,0
219,0
220,1
221,1
222,0
223,0
224,0
225,0
226,0
227,0
228,1
229,0
230,0
231,1
232,1
233,1
234,0
235,0
236,0
237,1
238,0
239,0
240,0
241,0
242,1
243,1
244,1
245,0
246,0
247,1
248,1
249,1
250,0
251,0
252,0
253,1
254,0
255,0
256,1
257,0
258,0
259,0
260,1
261,1
262,0
263,1
264,0
265,1
266,0
267,0
268,0
269,1
270,0
271,1
272,1
273,1
274,0
275,0
276,1
277,0
278,0
279,1
280,0
281,0
282,1
283,0
284,0
285,0
286,1
287,0
288,0
289,0
290,1
291,0
292,0
293,0
294,0
295,0
296,1
297,0
298,1
299,0
300,0
301,0
302,1
303,0
304,0
305,0
306,0
307,1
308,1
309,1
310,0
311,1
312,1
313,1
314,0
315,0
316,0
317,0
318,1
319,1
320,0
321,1
322,0
323,0
324,0
325,1
326,0
327,1
328,0
329,0
330,0
331,1
332,0
333,1
334,0
335,0
336,1
337,1
338,0
339,0
340,0
341,0
342,0
343,0
344,0
345,1
346,0
347,0
348,0
349,1
350,1
351,1
352,0
353,1
354,1
355,1
356,0
357,1
358,0
359,1
360,0
361,0
362,1
363,0
364,0
365,1
366,1
367,0
368,0
369,0
370,1
371,1
372,1
373,0
374,0
375,0
376,0
377,0
378,1
379,1
380,1
381,1
382,1
383,1
384,1
385,1
386,1
387,1
388,0
389,0
390,0
391,0
392,1
393,1
394,1
395,0
396,1
397,1
398,0
399,1
400,0
401,0
402,0
403,0
404,1
405,0
406,1
407,1
408,0
409,0
410,0
411,1
412,1
413,1
414,0
415,0
416,1
417,0
418,1
419,0
420,0
421,1
422,1
423,0
424,1
425,0
426,0
427,0
428,0
429,0
430,0
431,0
432,0
433,0
434,0
435,0
436,0
437,1
438,1
439,0
440,1
441,0
442,1
443,1
444,0
445,0
446,0
447,1
448,0
449,1
450,1
451,1
452,0
453,0
454,0
455,0
456,1
457,1
458,1
459,0
460,1
461,1
462,1
463,0
464,0
465,0
466,0
467,0
468,0
469,1
470,1
471,0
472,1
473,0
474,0
475,0
476,1
477,0
478,0
479,1
480,0
481,0
482,1
483,0
484,1
485,0
486,0
487,0
488,0
489,0
490,1
491,1
492,1
493,0
494,1
495,0
496,0
497,1
498,0
499,0
500,0
501,0
502,0
503,1
504,0
505,0
506,0
507,1
508,1
509,0
510,1
511,0
512,1
513,0
514,1
515,0
516,0
517,1
518,0
519,1
520,1
521,0
522,1
523,0
524,1
525,0
526,0
527,1
528,0
529,0
530,1
531,0
532,1
533,1
534,0
535,0
536,1
537,0
538,1
539,1
540,0
541,1
542,1
543,0
544,0
545,0
546,1
547,0
548,0
549,1
550,1
551,1
552,1
553,1
554,1
555,0
556,0
557,1
558,1
559,1
560,0
561,0
562,0
563,0
564,0
565,0
566,1
567,0
568,0
569,0
570,0
571,1
572,1
573,0
574,0
575,1
576,1
577,1
578,0
579,1
580,1
581,0
582,0
583,1
584,0
585,1
586,1
587,1
588,0
589,0
590,0
591,0
592,0
593,1
594,1
595,0
596,1
597,0
598,0
599,0
600,0
601,1
602,1
603,0
604,0
605,1
606,0
607,1
608,0
609,0
610,1
611,0
612,0
613,0
614,0
615,0
616,1
617,1
618,1
619,0
620,1
621,0
622,0
623,0
624,0
625,1
626,0
627,0
628,0
629,1
630,1
631,0
632,1
633,0
634,0
635,0
636,0
637,1
638,0
639,1
640,1
641,1
642,1
643,0
644,1
645,0
646,0
647,0
648,0
649,1
650,0
651,0
652,1
653,0
654,1
655,0
656,0
657,1
658,0
659,0
660,0
661,0
662,1
663,1
664,1
665,0
666,0
667,0
668,0
669,0
670,1
671,0
672,1
673,1
674,0
675,0
676,0
677,0
678,1
679,0
680,0
681,0
682,1
683,0
684,0
685,0
686,1
687,1
688,0
689,0
690,0
691,1
692,0
693,1
694,1
695,0
696,1
697,1
698,0
699,0
700,1
701,0
702,0
703,1
704,0
705,1
706,0
707,1
708,1
709,1
710,1
711,1
712,1
713,0
714,0
715,1
716,0
717,1
718,0
719,0
720,1
721,1
722,1
723,0
724,1
725,1
726,1
727,0
728,1
729,0
730,0
731,0
732,0
733,1
734,0
735,1
736,0
737,1
738,1
739,0
740,1
741,0
742,0
743,0
744,0
745,0
746,0
747,1
748,0
749,1
750,1
751,0
752,0
753,0
754,1
755,0
756,1
757,0
758,1
759,0
760,0
761,1
762,1
763,1
764,0
765,0
766,1
767,1
768,1
769,1
770,0
771,1
772,0
773,0
774,0
775,0
776,0
777,1
778,1
779,1
780,0
781,0
782,1
783,1
784,1
785,1
786,1
787,0
788,0
789,0
790,1
791,0
792,0
793,0
794,0
795,0
796,1
797,1
798,0
799,1
800,0
801,0
802,0
803,1
804,1
805,0
806,0
807,1
808,1
809,1
810,0
811,0
812,0
813,1
814,0
815,1
816,0
817,1
818,1
819,0
820,1
821,1
822,1
823,1
824,1
825,0
826,1
827,0
828,0
829,0
830,1
831,1
832,0
833,1
834,0
835,1
836,0
837,1
838,0
839,1
840,0
841,0
842,0
843,1
844,0
845,1
846,0
847,0
848,0
849,0
850,1
851,0
852,0
853,0
854,1
855,0
856,0
857,0
858,1
859,1
860,0
861,1
862,0
863,0
864,1
865,0
866,0
867,1
868,0
869,0
870,1
871,1
872,1
873,0
874,0
875,1
876,1
877,0
878,0
879,0
880,0
881,0
882,1
883,1
884,0
885,0
886,1
887,1
888,0
889,0
890,1
891,0
892,1
893,0
894,0
895,1
896,1
897,0
898,0
899,0
900,0
901,0
902,0
903,0
904,1
905,1
906,1
907,0
908,0
909,1
910,1
911,0
912,0
913,1
914,0
915,0
916,0
917,0
918,1
919,0
920,0
921,1
922,0
923,0
924,1
925,0
926,0
927,0
928,1
929,0
930,1
931,0
932,1
933,1
934,0
935,0
936,0
937,0
938,0
939,1
940,1
941,1
942,0
943,0
944,0
945,0
946,0
947,1
948,1
949,1
950,0
951,1
952,0
953,0
954,1
955,1
956,1
957,1
958,0
959,1
960,0
961,0
962,0
963,0
964,0
965,1
966,1
967,0
968,1
969,0
970,0
971,0
972,0
973,1
974,0
975,0
976,1
977,1
978,0
979,1
980,0
981,0
982,0
983,0
984,0
985,1
986,1
987,0
988,0
989,0
990,1
991,1
992,0
993,0
994,0
995,1
996,1
997,1
998,0
999,0
1000,1
1001,1
1002,0
1003,0
1004,0
1005,1
1006,0
1007,0
1008,1
1009,0
1010,0
1011,0
1012,1
1013,1
1014,0
1015,0
1016,1
1017,1
1018,1
1019,1
1020,0
1021,0
1022,0
1023,1
1024,1
1025,1
1026,1
1027,0
1028,0
1029,0
1030,0
1031,0
1032,0
1033,1
1034,0
1035,0
1036,1
1037,0
1038,1
1039,0
1040,0
1041,0
1042,0
1043,1
1044,0
1045,1
1046,1
1047,1
1048,0
1049,1
1050,0
1051,0
1052,0
1053,1
1054,1
1055,0
1056,1
1057,0
1058,0
1059,1
1060,0
1061,1
1062,1
1063,1
1064,0
1065,0
1066,1
1067,0
1068,1
1069,0
1070,0
1071,0
1072,1
1073,0
1074,0
1075,1
1076,0
1077,0
1078,0
1079,0
1080,0
1081,1
1082,1
1083,0
1084,1
1085,0
1086,1
1087,1
1088,0
1089,0
1090,0
1091,0
1092,0
1093,0
1094,0
1095,1
1096,0
1097,0
1098,0
1099,1
1100,1
1101,1
1102,1
1103,0
1104,0
1105,1
1106,1
1107,0
1108,0
1109,0
1110,0
1111,0
1112,1
1113,1
1114,0
1115,0
1116,1
1117,0
1118,0
1119,0
1120,0
1121,0
1122,0
1123,1
1124,1
1125,0
1126,0
1127,0
1128,0
1129,0
1130,1
1131,1
1132,0
1133,1
1134,0
1135,0
1136,1
1137,0
1138,0
1139,0
1140,0
1141,1
1142,0
1143,0
1144,1
1145,0
1146,1
1147,0
1148,1
1149,1
1150,0
1151,0
1152,0
1153,0
1154,0
1155,1
1156,0
1157,0
1158,0
1159,1
1160,1
1161,0
1162,1
1163,0
1164,0
1165,0
1166,0
1167,1
1168,0
1169,0
1170,0
1171,1
1172,0
1173,1
1174,0
1175,1
1176,0
1177,1
1178,1
1179,0
1180,1
1181,0
1182,1
1183,1
1184,0
1185,1
1186,1
1187,1
1188,1
1189,0
1190,1
1191,0
1192,1
1193,1
1194,0
1195,0
1196,0
1197,0
1198,1
1199,1
1200,0
1201,0
1202,0
1203,0
1204,1
1205,1
1206,0
1207,1
1208,1
1209,1
1210,0
1211,1
1212,1
1213,1
1214,1
1215,0
1216,1
1217,0
1218,0
1219,0
1220,0
1221,0
1222,1
1223,1
1224,1
1225,1
1226,1
1227,0
1228,0
1229,0
1230,1
1231,1
1232,0
1233,0
1234,0
1235,1
1236,1
1237,1
1238,1
1239,0
1240,0
1241,1
1242,0
1243,0
1244,1
1245,0
1246,0
1247,1
1248,0
1249,1
1250,0
1251,0
1252,1
1253,0
1254,0
1255,1
1256,0
1257,0
1258,1
1259,0
1260,1
1261,1
1262,0
1263,1
1264,1
1265,0
1266,0
1267,0
1268,1
1269,1
1270,1
1271,0
1272,0
1273,0
1274,0
1275,1
1276,1
1277,1
1278,0
1279,0
1280,0
1281,1
1282,0
1283,1
1284,0
1285,1
1286,1
1287,1
1288,1
1289,0
1290,1
1291,0
1292,1
1293,0
1294,1
1295,0
1296,1
1297,1
1298,1
1299,0
1300,0
1301,0
1302,1
1303,0
1304,1
1305,0
1306,0
1307,1
1308,1
1309,1
1310,1
1311,0
1312,0
1313,0
1314,0
1315,0
1316,0
1317,0
1318,1
1319,1
1320,1
1321,0
1322,1
1323,1
1324,1
1325,0
1326,0
1327,1
1328,1
1329,0
1330,1
1331,0
1332,0
1333,1
1334,0
1335,0
1336,1
1337,0
1338,0
1339,1
1340,0
1341,0
1342,0
1343,0
1344,0
1345,0
1346,1
1347,0
1348,1
1349,1
1350,0
1351,1
1352,0
1353,0
1354,0
1355,0
1356,1
1357,0
1358,0
1359,1
1360,1
1361,1
1362,0
1363,1
1364,0
1365,0
1366,0
1367,0
1368,1
1369,0
1370,0
1371,0
1372,1
1373,0
1374,1
1375,1
1376,0
1377,1
1378,0
1379,0
1380,0
1381,0
1382,0
1383,1
1384,1
1385,0
1386,1
1387,1
1388,1
1389,0
1390,0
1391,0
1392,1
1393,0
1394,0
1395,1
1396,1
1397,0
1398,1
1399,0
1400,1
1401,1
1402,1
1403,0
1404,0
1405,1
1406,0
1407,0
1408,0
1409,0
1410,0
1411,1
1412,1
1413,0
1414,1
1415,1
1416,0
1417,0
1418,0
1419,0
1420,0
1421,0
1422,1
1423,0
1424,1
1425,0
1426,0
1427,0
1428,1
1429,1
1430,0
1431,1
1432,0
1433,0
1434,1
1435,0
1436,1
1437,1
1438,1
1439,0
1440,1
1441,1
1442,1
1443,0
1444,0
1445,0
1446,0
1447,0
1448,0
1449,0
1450,1
1451,1
1452,0
1453,0
1454,0
1455,0
1456,1
1457,0
1458,0
1459,1
1460,0
1461,0
1462,0
1463,0
1464,0
1465,0
1466,0
1467,1
1468,0
1469,1
1470,1
1471,0
1472,1
1473,0
1474,0
1475,1
1476,1
1477,1
1478,0
1479,0
1480,0
1481,0
1482,0
1483,1
1484,0
1485,0
1486,0
1487,0
1488,0
1489,0
1490,0
1491,1
1492,0
1493,0
1494,1
1495,1
1496,0
1497,1
1498,0
1499,0
1500,0
1501,0
1502,0
1503,0
1504,0
1505,0
1506,0
1507,1
1508,0
1509,1
1510,0
1511,1
1512,0
1513,1
1514,0
1515,0
1516,1
1517,0
1518,1
1519,0
1520,0
1521,1
1522,1
1523,1
1524,0
1525,1
1526,0
1527,1
1528,1
1529,0
1530,0
1531,1
1532,1
1533,1
1534,0
1535,0
1536,1
1537,0
1538,0
1539,0
1540,0
1541,0
1542,1
1543,0
1544,0
1545,0
1546,0
1547,1
1548,0
1549,0
1550,1
1551,1
1552,0
1553,0
1554,1
1555,1
1556,1
1557,0
1558,0
1559,0
1560,1
1561,0
1562,1
1563,0
1564,0
1565,0
1566,0
1567,1
1568,1
1569,0
1570,0
1571,1
1572,1
1573,0
1574,1
1575,0
1576,1
1577,0
1578,0
1579,1
1580,1
1581,1
1582,0
1583,0
1584,1
1585,0
1586,0
1587,1
1588,0
1589,1
1590,1
1591,1
1592,1
1593,0
1594,0
1595,1
1596,1
1597,0
1598,0
1599,1
1600,0
1601,1
1602,1
1603,1
1604,1
1605,0
1606,0
1607,1
1608,1
1609,1
1610,1
1611,1
1612,0
1613,0
1614,1
1615,1
1616,1
1617,0
1618,1
1619,0
1620,0
1621,1
1622,0
1623,0
1624,1
1625,0
1626,1
1627,0
1628,0
1629,0
1630,0
1631,1
1632,0
1633,0
1634,0
1635,0
1636,1
1637,1
1638,0
1639,0
1640,1
1641,0
1642,0
1643,1
1644,1
1645,0
1646,0
1647,1
1648,0
1649,0
1650,0
1651,0
1652,0
1653,0
1654,0
1655,0
1656,0
1657,0
1658,1
1659,0
1660,0
1661,1
1662,0
1663,1
1664,1
1665,0
1666,0
1667,1
1668,0
1669,0
1670,1
1671,0
1672,0
1673,1
1674,0
1675,0
1676,1
1677,0
1678,1
1679,0
1680,1
1681,0
1682,0
1683,1
1684,0
1685,0
1686,1
1687,1
1688,1
1689,0
1690,1
1691,0
1692,1
1693,0
1694,1
1695,1
1696,1
1697,0
1698,0
1699,0
1700,0
1701,0
1702,0
1703,1
1704,0
1705,1
1706,0
1707,0
1708,0
1709,0
1710,0
1711,0
1712,1
1713,0
1714,0
1715,0
1716,1
1717,0
1718,0
1719,0
1720,0
1721,0
1722,0
1723,0
1724,1
1725,1
1726,0
1727,0
1728,0
1729,1
1730,0
1731,0
1732,0
1733,0
1734,1
1735,0
1736,1
1737,1
1738,1
1739,1
1740,0
1741,1
1742,0
1743,0
1744,1
1745,1
1746,1
1747,0
1748,0
1749,1
1750,0
1751,1
1752,1
1753,0
1754,0
1755,0
1756,1
1757,0
1758,0
1759,0
1760,0
1761,1
1762,0
1763,1
1764,0
1765,1
1766,1
1767,1
1768,1
1769,0
1770,1
1771,1
1772,1
1773,0
1774,1
1775,1
1776,0
1777,1
1778,0
1779,0
1780,0
1781,0
1782,0
1783,0
1784,1
1785,0
1786,0
1787,0
1788,0
1789,0
1790,0
1791,1
1792,1
1793,0
1794,0
1795,0
1796,1
1797,1
1798,0
1799,1
1800,0
1801,0
1802,0
1803,1
1804,0
1805,0
1806,0
1807,0
1808,0
1809,1
1810,0
1811,0
1812,1
1813,1
1814,0
1815,0
1816,0
1817,1
1818,1
1819,1
1820,1
1821,0
1822,1
1823,1
1824,1
1825,0
1826,1
1827,1
1828,1
1829,1
1830,0
1831,0
1832,1
1833,0
1834,0
1835,1
1836,0
1837,0
1838,1
1839,0
1840,1
1841,0
1842,0
1843,1
1844,0
1845,0
1846,0
1847,0
1848,1
1849,0
1850,0
1851,0
1852,1
1853,1
1854,0
1855,0
1856,1
1857,1
1858,0
1859,1
1860,1
1861,1
1862,0
1863,0
1864,1
1865,0
1866,1
1867,1
1868,0
1869,1
1870,1
1871,0
1872,1
1873,1
1874,0
1875,0
1876,1
1877,1
1878,1
1879,1
1880,1
1881,1
1882,0
1883,1
1884,0
1885,0
1886,1
1887,1
1888,0
1889,1
1890,1
1891,0
1892,1
1893,0
1894,1
1895,1
1896,1
1897,0
1898,1
1899,0
1900,1
1901,1
1902,0
1903,1
1904,0
1905,1
1906,0
1907,0
1908,0
1909,0
1910,1
1911,1
1912,0
1913,1
1914,1
1915,0
1916,1
1917,0
1918,1
1919,1
1920,0
1921,1
1922,0
1923,1
1924,0
1925,1
1926,0
1927,1
1928,1
1929,0
1930,1
1931,0
1932,1
1933,1
1934,0
1935,0
1936,0
1937,0
1938,1
1939,1
1940,0
1941,1
1942,0
1943,1
1944,0
1945,1
1946,0
1947,1
1948,0
1949,1
1950,1
1951,0
1952,0
1953,0
1954,0
1955,0
1956,1
1957,1
1958,0
1959,1
1960,1
1961,0
1962,0
1963,0
1964,0
1965,1
1966,0
1967,1
1968,1
1969,1
1970,0
1971,0
1972,0
1973,0
1974,1
1975,0
1976,1
1977,0
1978,0
1979,0
1980,1
1981,1
1982,1
1983,0
1984,0
1985,1
1986,1
1987,0
1988,0
1989,0
1990,0
1991,1
1992,1
1993,0
1994,1
1995,1
1996,0
1997,1
1998,0
1999,0
2000,1
2001,0
2002,1
2003,0
2004,0
2005,1
2006,0
2007,1
2008,0
2009,0
2010,1
2011,1
2012,1
2013,0
2014,0
2015,1
2016,1
2017,0
2018,1
2019,0
2020,0
2021,1
2022,0
2023,0
2024,1
2025,1
2026,0
2027,0
2028,0
2029,0
2030,0
2031,0
2032,1
2033,1
2034,0
2035,1
2036,0
2037,1
2038,1
2039,1
2040,0
2041,0
2042,0
2043,0
2044,0
2045,0
2046,1
2047,0
2048,0
2049,0
2050,0
2051,0
2052,0
2053,0
2054,1
2055,0
2056,0
2057,1
2058,0
2059,1
2060,1
2061,1
2062,1
2063,0
2064,0
2065,0
2066,0
2067,0
2068,1
2069,1
2070,0
2071,0
2072,0
2073,0
2074,1
2075,1
2076,1
2077,0
2078,0
2079,1
2080,0
2081,1
2082,1
2083,0
2084,0
2085,0
2086,1
2087,0
2088,0
2089,0
2090,0
2091,0
2092,0
2093,0
2094,0
2095,1
2096,0
2097,1
2098,1
2099,1
2100,1
2101,0
2102,0
2103,1
2104,1
2105,1
2106,1
2107,0
2108,0
2109,1
2110,1
2111,0
2112,0
2113,0
2114,1
2115,0
2116,0
2117,1
2118,0
2119,0
2120,1
2121,0
2122,0
2123,0
2124,1
2125,1
2126,0
2127,0
2128,1
2129,0
2130,1
2131,0
2132,1
2133,1
2134,1
2135,1
2136,1
2137,0
2138,1
2139,1
2140,0
2141,0
2142,0
2143,1
2144,0
2145,1
2146,0
2147,0
2148,0
2149,1
2150,0
2151,0
2152,0
2153,1
2154,1
2155,1
2156,0
2157,1
2158,0
2159,0
2160,1
2161,1
2162,0
2163,0
2164,0
2165,0
2166,0
2167,0
2168,0
2169,1
2170,0
2171,0
2172,1
2173,1
2174,0
2175,1
2176,1
2177,0
2178,1
2179,1
2180,1
2181,1
2182,0
2183,0
2184,1
2185,0
2186,1
2187,1
2188,0
2189,0
2190,1
2191,1
2192,0
2193,0
2194,1
2195,1
2196,0
2197,1
2198,0
2199,0
2200,1
2201,0
2202,1
2203,0
2204,1
2205,1
2206,1
2207,0
2208,0
2209,1
2210,0
2211,0
2212,0
2213,0
2214,0
2215,0
2216,1
2217,1
2218,0
2219,1
2220,0
2221,0
2222,1
2223,0
2224,0
2225,1
2226,1
2227,0
2228,1
2229,1
2230,1
2231,1
2232,0
2233,1
2234,0
2235,1
2236,1
2237,1
2238,0
2239,1
2240,1
2241,0
2242,0
2243,0
2244,0
2245,0
2246,0
2247,0
2248,0
2249,1
2250,1
2251,0
2252,1
2253,0
2254,0
2255,1
2256,0
2257,1
2258,0
2259,0
2260,0
2261,0
2262,1
2263,1
2264,0
2265,0
2266,1
2267,1
2268,1
2269,0
2270,0
2271,1
2272,0
2273,0
2274,0
2275,1
2276,0
2277,1
2278,1
2279,0
2280,1
2281,0
2282,0
2283,0
2284,0
2285,0
2286,1
2287,0
2288,0
2289,1
2290,0
2291,0
2292,1
2293,0
2294,0
2295,1
2296,1
2297,1
2298,1
2299,1
2300,1
2301,0
2302,0
2303,0
2304,1
2305,0
2306,0
2307,0
2308,0
2309,1
2310,1
2311,1
2312,0
2313,1
2314,1
2315,0
2316,1
2317,1
2318,0
2319,0
2320,0
2321,0
2322,1
2323,1
2324,1
2325,1
2326,1
2327,0
2328,0
2329,0
2330,0
2331,1
2332,0
2333,0
2334,1
2335,1
2336,0
2337,0
2338,1
2339,0
2340,1
2341,1
2342,1
2343,1
2344,0
2345,1
2346,0
2347,1
2348,0
2349,1
2350,0
2351,0
2352,1
2353,1
2354,0
2355,1
2356,0
2357,1
2358,1
2359,1
2360,1
2361,1
2362,1
2363,1
2364,0
2365,1
2366,0
2367,1
2368,1
2369,0
2370,1
2371,0
2372,0
2373,0
2374,0
2375,0
2376,0
2377,1
2378,0
2379,0
2380,1
2381,0
2382,1
2383,1
2384,0
2385,1
2386,1
2387,0
2388,0
2389,0
2390,1
2391,0
2392,0
2393,0
2394,1
2395,0
2396,1
2397,0
2398,0
2399,0
2400,1
2401,0
2402,1
2403,1
2404,1
2405,1
2406,1
2407,0
2408,0
2409,0
2410,0
2411,1
2412,0
2413,1
2414,0
2415,1
2416,1
2417,1
2418,0
2419,0
2420,0
2421,0
2422,1
2423,1
2424,1
2425,1
2426,1
2427,1
2428,1
2429,0
2430,1
2431,0
2432,0
2433,1
2434,1
2435,1
2436,0
2437,0
2438,1
2439,0
2440,1
2441,1
2442,0
2443,1
2444,1
2445,1
2446,1
2447,1
2448,0
2449,0
2450,0
2451,0
2452,1
2453,1
2454,0
2455,0
2456,0
2457,0
2458,0
2459,1
2460,0
2461,0
2462,0
2463,1
2464,0
2465,0
2466,0
2467,1
2468,0
2469,0
2470,0
2471,1
2472,1
2473,0
2474,0
2475,1
2476,0
2477,1
2478,0
2479,0
2480,0
2481,0
2482,0
2483,0
2484,0
2485,0
2486,1
2487,0
2488,0
2489,0
2490,1
2491,1
2492,1
2493,0
2494,1
2495,0
2496,1
2497,0
2498,0
2499,0
2500,1
2501,0
2502,1
2503,0
2504,0
2505,1
2506,1
2507,1
2508,1
2509,1
2510,1
2511,0
2512,0
2513,0
2514,0
2515,0
2516,1
2517,1
2518,0
2519,0
2520,1
2521,0
2522,0
2523,1
2524,1
2525,0
2526,1
2527,0
2528,1
2529,1
2530,0
2531,0
2532,1
2533,1
2534,0
2535,0
2536,1
2537,0
2538,0
2539,0
2540,0
2541,1
2542,1
2543,1
2544,0
2545,0
2546,0
2547,0
2548,0
2549,1
2550,0
2551,0
2552,1
2553,1
2554,1
2555,1
2556,0
2557,0
2558,1
2559,1
2560,1
2561,0
2562,1
2563,0
2564,1
2565,1
2566,0
2567,1
2568,0
2569,0
2570,1
2571,1
2572,0
2573,1
2574,0
2575,1
2576,0
2577,1
2578,1
2579,0
2580,0
2581,1
2582,1
2583,0
2584,1
2585,1
2586,1
2587,1
2588,1
2589,1
2590,1
2591,0
2592,1
2593,0
2594,0
2595,0
2596,0
2597,0
2598,1
2599,1
2600,0
2601,0
2602,0
2603,0
2604,0
2605,1
2606,0
2607,1
2608,0
2609,0
2610,1
2611,1
2612,1
2613,0
2614,0
2615,0
2616,0
2617,1
2618,0
2619,0
2620,1
2621,0
2622,0
2623,0
2624,0
2625,0
2626,0
2627,0
2628,1
2629,1
2630,1
2631,1
2632,1
2633,1
2634,0
2635,1
2636,0
2637,0
2638,1
2639,0
2640,1
2641,0
2642,1
2643,1
2644,0
2645,0
2646,0
2647,1
2648,0
2649,0
2650,0
2651,0
2652,0
2653,1
2654,1
2655,0
2656,0
2657,1
2658,0
2659,0
2660,0
2661,0
2662,0
2663,1
2664,1
2665,1
2666,0
2667,1
2668,0
2669,0
2670,1
2671,0
2672,1
2673,1
2674,0
2675,0
2676,1
2677,0
2678,1
2679,1
2680,1
2681,0
2682,0
2683,0
2684,1
2685,1
2686,1
2687,1
2688,0
2689,0
2690,0
2691,0
2692,0
2693,0
2694,0
2695,0
2696,1
2697,0
2698,1
2699,0
2700,1
2701,1
2702,1
2703,1
2704,0
2705,1
2706,1
2707,0
2708,0
2709,1
2710,0
2711,1
2712,0
2713,1
2714,1
2715,1
2716,0
2717,0
2718,0
2719,1
2720,1
2721,0
2722,1
2723,0
2724,0
2725,1
2726,0
2727,0
2728,1
2729,1
2730,0
2731,0
2732,0
2733,1
2734,0
2735,0
2736,1
2737,0
2738,0
2739,1
2740,1
2741,0
2742,0
2743,0
2744,1
2745,0
2746,1
2747,1
2748,0
2749,1
2750,1
2751,1
2752,1
2753,0
2754,0
2755,0
2756,0
2757,1
2758,1
2759,1
2760,0
2761,1
2762,1
2763,1
2764,1
2765,1
2766,0
2767,1
2768,0
2769,0
2770,1
2771,1
2772,1
2773,0
2774,1
2775,0
2776,0
2777,1
2778,1
2779,1
2780,1
2781,0
2782,1
2783,0
2784,0
2785,1
2786,1
2787,1
2788,1
2789,1
2790,0
2791,1
2792,0
2793,1
2794,1
2795,1
2796,1
2797,0
2798,0
2799,1
2800,1
2801,0
2802,0
2803,0
2804,1
2805,1
2806,0
2807,0
2808,0
2809,1
2810,0
2811,0
2812,0
2813,0
2814,1
2815,0
2816,0
2817,1
2818,1
2819,1
2820,1
2821,1
2822,1
2823,1
2824,0
2825,1
2826,0
2827,1
2828,1
2829,0
2830,0
2831,1
2832,0
2833,0
2834,1
2835,0
2836,1
2837,1
2838,0
2839,1
2840,0
2841,1
2842,1
2843,1
2844,1
2845,1
2846,0
2847,0
2848,1
2849,1
2850,0
2851,0
2852,0
2853,0
2854,1
2855,0
2856,1
2857,1
2858,1
2859,1
2860,1
2861,1
2862,0
2863,0
2864,1
2865,1
2866,1
2867,0
2868,0
2869,1
2870,1
2871,1
2872,1
2873,0
2874,0
2875,0
2876,1
2877,0
2878,1
2879,1
2880,0
2881,0
2882,1
2883,0
2884,0
2885,1
2886,0
2887,1
2888,0
2889,0
2890,0
2891,0
2892,0
2893,0
2894,0
2895,1
2896,0
2897,1
2898,1
2899,1
2900,0
2901,0
2902,1
2903,1
2904,0
2905,0
2906,1
2907,0
2908,0
2909,1
2910,1
2911,0
2912,1
2913,1
2914,1
2915,1
2916,1
2917,1
2918,1
2919,1
2920,0
2921,0
2922,1
2923,0
2924,0
2925,0
2926,1
2927,0
2928,0
2929,1
2930,0
2931,1
2932,1
2933,0
2934,1
2935,0
2936,0
2937,1
2938,0
2939,1
2940,1
2941,1
2942,1
2943,0
2944,1
2945,0
2946,1
2947,0
2948,0
2949,0
2950,1
2951,1
2952,0
2953,1
2954,0
2955,0
2956,1
2957,1
2958,0
2959,0
2960,1
2961,1
2962,1
2963,0
2964,1
2965,1
2966,1
2967,1
2968,0
2969,0
2970,0
2971,0
2972,0
2973,1
2974,1
2975,1
2976,0
2977,0
2978,0
2979,0
2980,1
2981,1
2982,1
2983,0
2984,1
2985,1
2986,1
2987,0
2988,0
2989,0
2990,0
2991,1
2992,1
2993,0
2994,1
2995,0
2996,0
2997,1
2998,0
2999,1
3000,0
3001,0
3002,1
3003,0
3004,1
3005,1
3006,0
3007,1
3008,0
3009,0
3010,0
3011,1
3012,0
3013,0
3014,0
3015,1
3016,1
3017,0
3018,0
3019,0
3020,1
3021,0
3022,0
3023,0
3024,1
3025,0
3026,1
3027,0
3028,1
3029,1
3030,1
3031,1
3032,1
3033,1
3034,0
3035,1
3036,1
3037,1
3038,0
3039,0
3040,1
3041,0
3042,1
3043,0
3044,0
3045,0
3046,1
3047,1
3048,0
3049,1
3050,1
3051,0
3052,0
3053,1
3054,1
3055,1
3056,0
3057,0
3058,0
3059,1
3060,0
3061,0
3062,1
3063,0
3064,0
3065,1
3066,1
3067,0
3068,1
3069,0
3070,0
3071,0
3072,0
3073,1
3074,1
3075,0
3076,1
3077,0
3078,0
3079,0
3080,0
3081,0
3082,0
3083,0
3084,0
3085,0
3086,0
3087,0
3088,1
3089,0
3090,1
3091,1
3092,0
3093,1
3094,1
3095,1
3096,0
3097,1
3098,0
3099,1
3100,0
3101,1
3102,0
3103,1
3104,0
3105,0
3106,1
3107,1
3108,0
3109,0
3110,0
3111,1
3112,1
3113,0
3114,0
3115,0
3116,1
3117,1
3118,1
3119,0
3120,1
3121,0
3122,1
3123,0
3124,1
3125,1
3126,1
3127,1
3128,0
3129,0
3130,0
3131,1
3132,0
3133,1
3134,0
3135,0
3136,0
3137,1
3138,1
3139,1
3140,1
3141,0
3142,0
3143,1
3144,1
3145,0
3146,0
3147,1
3148,0
3149,0
3150,0
3151,0
3152,0
3153,1
3154,1
3155,1
3156,0
3157,0
3158,1
3159,0
3160,0
3161,1
3162,1
3163,0
3164,0
3165,0
3166,0
3167,0
3168,1
3169,0
3170,1
3171,1
3172,0
3173,1
3174,1
3175,0
3176,1
3177,1
3178,1
3179,1
3180,0
3181,0
3182,0
3183,1
3184,0
3185,1
3186,1
3187,0
3188,0
3189,0
3190,0
3191,1
3192,1
3193,0
3194,1
3195,1
3196,0
3197,1
3198,0
3199,0
3200,0
3201,1
3202,1
3203,0
3204,0
3205,1
3206,1
3207,1
3208,0
3209,1
3210,0
3211,0
3212,1
3213,0
3214,0
3215,0
3216,0
3217,1
3218,0
3219,0
3220,1
3221,0
3222,0
3223,0
3224,0
3225,0
3226,1
3227,0
3228,0
3229,0
3230,0
3231,1
3232,0
3233,0
3234,0
3235,1
3236,1
3237,1
3238,0
3239,0
3240,0
3241,1
3242,1
3243,0
3244,0
3245,1
3246,1
3247,1
3248,1
3249,0
3250,1
3251,1
3252,0
3253,1
3254,1
3255,1
3256,1
3257,0
3258,1
3259,0
3260,0
3261,1
3262,0
3263,1
3264,1
3265,0
3266,0
3267,0
3268,1
3269,0
3270,1
3271,1
3272,0
3273,0
3274,1
3275,1
3276,0
3277,1
3278,0
3279,1
3280,0
3281,0
3282,1
3283,1
3284,1
3285,0
3286,0
3287,0
3288,1
3289,1
3290,0
3291,1
3292,0
3293,0
3294,1
3295,1
3296,1
3297,0
3298,1
3299,1
3300,1
3301,0
3302,1
3303,0
3304,0
3305,0
3306,1
3307,1
3308,1
3309,0
3310,0
3311,0
3312,1
3313,1
3314,1
3315,1
3316,0
3317,0
3318,0
3319,1
3320,1
3321,0
3322,1
3323,1
3324,1
3325,1
3326,0
3327,1
3328,0
3329,0
3330,0
3331,0
3332,0
3333,0
3334,1
3335,1
3336,0
3337,1
3338,0
3339,1
3340,1
3341,0
3342,0
3343,1
3344,0
3345,0
3346,1
3347,0
3348,1
3349,1
3350,0
3351,0
3352,1
3353,0
3354,0
3355,0
3356,0
3357,1
3358,0
3359,1
3360,0
3361,1
3362,1
3363,0
3364,0
3365,0
3366,0
3367,0
3368,0
3369,1
3370,1
3371,1
3372,0
3373,1
3374,0
3375,0
3376,1
3377,0
3378,0
3379,1
3380,0
3381,1
3382,0
3383,1
3384,0
3385,0
3386,0
3387,0
3388,1
3389,1
3390,1
3391,0
3392,0
3393,0
3394,0
3395,1
3396,1
3397,0
3398,0
3399,0
3400,1
3401,0
3402,1
3403,0
3404,0
3405,0
3406,1
3407,1
3408,1
3409,1
3410,1
3411,1
3412,0
3413,0
3414,0
3415,0
3416,1
3417,0
3418,0
3419,0
3420,1
3421,1
3422,0
3423,1
3424,1
3425,0
3426,0
3427,0
3428,0
3429,0
3430,1
3431,0
3432,0
3433,1
3434,0
3435,1
3436,0
3437,1
3438,0
3439,0
3440,0
3441,0
3442,0
3443,0
3444,1
3445,0
3446,0
3447,0
3448,1
3449,1
3450,1
3451,1
3452,0
3453,1
3454,0
3455,0
3456,0
3457,1
3458,0
3459,0
3460,1
3461,0
3462,0
3463,0
3464,0
3465,1
3466,1
3467,0
3468,0
3469,0
3470,1
3471,0
3472,1
3473,0
3474,1
3475,0
3476,1
3477,0
3478,0
3479,1
3480,0
3481,1
3482,0
3483,0
3484,1
3485,0
3486,1
3487,0
3488,0
3489,0
3490,0
3491,0
3492,0
3493,0
3494,0
3495,1
3496,1
3497,0
3498,1
3499,1
3500,0
3501,1
3502,0
3503,1
3504,0
3505,1
3506,0
3507,0
3508,1
3509,0
3510,0
3511,0
3512,1
3513,0
3514,1
3515,1
3516,0
3517,1
3518,0
3519,0
3520,1
3521,0
3522,0
3523,0
3524,1
3525,0
3526,0
3527,1
3528,1
3529,1
3530,1
3531,1
3532,1
3533,1
3534,1
3535,1
3536,0
3537,1
3538,0
3539,0
3540,1
3541,0
3542,1
3543,0
3544,1
3545,1
3546,0
3547,0
3548,1
3549,0
3550,0
3551,1
3552,1
3553,1
3554,0
3555,0
3556,1
3557,1
3558,1
3559,1
3560,1
3561,1
3562,1
3563,1
3564,0
3565,1
3566,0
3567,0
3568,1
3569,0
3570,1
3571,1
3572,1
3573,0
3574,1
3575,1
3576,1
3577,1
3578,0
3579,0
3580,0
3581,0
3582,1
3583,0
3584,0
3585,1
3586,0
3587,0
3588,1
3589,0
3590,0
3591,0
3592,1
3593,1
3594,0
3595,1
3596,0
3597,1
3598,0
3599,1
3600,0
3601,1
3602,0
3603,1
3604,0
3605,1
3606,1
3607,0
3608,1
3609,1
3610,0
3611,1
3612,1
3613,0
3614,0
3615,0
3616,0
3617,1
3618,1
3619,1
3620,1
3621,1
3622,1
3623,1
3624,0
3625,1
3626,0
3627,0
3628,0
3629,0
3630,0
3631,1
3632,1
3633,1
3634,0
3635,0
3636,0
3637,1
3638,0
3639,0
3640,1
3641,1
3642,0
3643,0
3644,1
3645,0
3646,0
3647,0
3648,1
3649,1
3650,0
3651,1
3652,0
3653,0
3654,1
3655,1
3656,1
3657,0
3658,0
3659,1
3660,0
3661,1
3662,0
3663,0
3664,1
3665,1
3666,1
3667,1
3668,0
3669,1
3670,0
3671,1
3672,0
3673,1
3674,0
3675,1
3676,0
3677,1
3678,0
3679,1
3680,1
3681,0
3682,0
3683,0
3684,0
3685,1
3686,1
3687,1
3688,0
3689,1
3690,0
3691,0
3692,0
3693,0
3694,0
3695,1
3696,1
3697,1
3698,0
3699,1
3700,0
3701,0
3702,1
3703,0
3704,0
3705,0
3706,0
3707,1
3708,1
3709,1
3710,0
3711,1
3712,1
3713,1
3714,0
3715,0
3716,1
3717,0
3718,1
3719,0
3720,0
3721,1
3722,1
3723,1
3724,0
3725,0
3726,1
3727,0
3728,1
3729,1
3730,0
3731,1
3732,0
3733,0
3734,0
3735,0
3736,0
3737,1
3738,1
3739,1
3740,1
3741,1
3742,1
3743,1
3744,0
3745,1
3746,1
3747,0
3748,0
3749,1
3750,0
3751,0
3752,0
3753,0
3754,0
3755,1
3756,0
3757,0
3758,0
3759,0
3760,0
3761,1
3762,0
3763,0
3764,0
3765,0
3766,1
3767,0
3768,0
3769,0
3770,0
3771,0
3772,1
3773,0
3774,0
3775,1
3776,1
3777,1
3778,0
3779,1
3780,1
3781,0
3782,0
3783,1
3784,0
3785,1
3786,1
3787,1
3788,1
3789,0
3790,0
3791,1
3792,0
3793,0
3794,0
3795,0
3796,1
3797,0
3798,0
3799,0
3800,0
3801,0
3802,1
3803,0
3804,0
3805,0
3806,0
3807,0
3808,1
3809,1
3810,0
3811,0
3812,0
3813,0
3814,1
3815,1
3816,1
3817,0
3818,0
3819,1
3820,1
3821,0
3822,0
3823,0
3824,0
3825,1
3826,1
3827,0
3828,0
3829,1
3830,1
3831,0
3832,1
3833,0
3834,1
3835,1
3836,1
3837,1
3838,0
3839,1
3840,1
3841,1
3842,1
3843,0
3844,0
3845,1
3846,0
3847,0
3848,1
3849,0
3850,0
3851,0
3852,0
3853,1
3854,0
3855,1
3856,0
3857,0
3858,1
3859,1
3860,0
3861,1
3862,1
3863,0
3864,0
3865,1
3866,0
3867,1
3868,0
3869,0
3870,0
3871,1
3872,1
3873,1
3874,1
3875,0
3876,1
3877,0
3878,0
3879,0
3880,1
3881,1
3882,1
3883,0
3884,0
3885,1
3886,0
3887,1
3888,0
3889,0
3890,1
3891,1
3892,0
3893,1
3894,1
3895,0
3896,1
3897,0
3898,0
3899,1
3900,1
3901,0
3902,0
3903,1
3904,0
3905,0
3906,0
3907,1
3908,1
3909,1
3910,0
3911,1
3912,0
3913,1
3914,1
3915,1
3916,0
3917,0
3918,1
3919,1
3920,1
3921,0
3922,1
3923,0
3924,1
3925,0
3926,1
3927,1
3928,0
3929,0
3930,0
3931,1
3932,1
3933,0
3934,0
3935,1
3936,0
3937,1
3938,1
3939,1
3940,0
3941,0
3942,0
3943,1
3944,1
3945,1
3946,1
3947,0
3948,1
3949,0
3950,0
3951,0
3952,1
3953,0
3954,0
3955,0
3956,0
3957,1
3958,1
3959,1
3960,1
3961,1
3962,1
3963,0
3964,0
3965,0
3966,0
3967,0
3968,0
3969,0
3970,1
3971,0
3972,1
3973,0
3974,1
3975,1
3976,1
3977,0
3978,1
3979,1
3980,1
3981,0
3982,0
3983,0
3984,1
3985,0
3986,1
3987,0
3988,0
3989,0
3990,1
3991,1
3992,1
3993,0
3994,0
3995,0
3996,0
3997,0
3998,1
3999,0
4000,0
4001,1
4002,0
4003,0
4004,0
4005,0
4006,1
4007,0
4008,1
4009,1
4010,1
4011,0
4012,0
4013,0
4014,0
4015,0
4016,0
4017,0
4018,1
4019,0
4020,1
4021,0
4022,0
4023,1
4024,1
4025,1
4026,0
4027,0
4028,0
4029,1
4030,0
4031,0
4032,0
4033,0
4034,1
4035,1
4036,0
4037,1
4038,1
4039,1
4040,0
4041,1
4042,0
4043,1
4044,1
4045,1
4046,0
4047,1
4048,0
4049,0
4050,0
4051,0
4052,1
4053,0
4054,0
4055,1
4056,1
4057,0
4058,1
4059,0
4060,1
4061,1
4062,1
4063,1
4064,1
4065,0
4066,1
4067,0
4068,0
4069,0
4070,0
4071,0
4072,0
4073,0
4074,1
4075,1
4076,0
4077,0
4078,0
4079,1
4080,0
4081,1
4082,1
4083,0
4084,0
4085,1
4086,0
4087,0
4088,1
4089,1
4090,1
4091,0
4092,1
4093,1
4094,0
4095,0
4096,1
4097,1
4098,0
4099,1
4100,1
4101,0
4102,1
4103,1
4104,0
4105,0
4106,0
4107,1
4108,1
4109,1
4110,1
4111,1
4112,0
4113,1
4114,1
4115,1
4116,1
4117,1
4118,0
4119,1
4120,1
4121,0
4122,0
4123,0
4124,0
4125,0
4126,1
4127,0
4128,0
4129,1
4130,0
4131,1
4132,0
4133,1
4134,1
4135,1
4136,0
4137,1
4138,1
4139,1
4140,1
4141,0
4142,0
4143,1
4144,0
4145,1
4146,1
4147,0
4148,0
4149,0
4150,1
4151,1
4152,1
4153,0
4154,0
4155,1
4156,1
4157,0
4158,0
4159,0
4160,1
4161,0
4162,0
4163,1
4164,0
4165,0
4166,0
4167,0
4168,1
4169,0
4170,0
4171,1
4172,1
4173,0
4174,0
4175,1
4176,0
4177,0
4178,1
4179,0
4180,0
4181,0
4182,1
4183,1
4184,1
4185,0
4186,1
4187,1
4188,1
4189,1
4190,1
4191,0
4192,0
4193,0
4194,1
4195,1
4196,0
4197,0
4198,0
4199,1
4200,0
4201,1
4202,1
4203,1
4204,0
4205,1
4206,0
4207,1
4208,0
4209,0
4210,1
4211,0
4212,0
4213,1
4214,0
4215,0
4216,0
4217,1
4218,1
4219,0
4220,1
4221,1
4222,0
4223,0
4224,1
4225,1
4226,0
4227,1
4228,0
4229,1
4230,1
4231,0
4232,1
4233,1
4234,0
4235,1
4236,1
4237,0
4238,0
4239,0
4240,0
4241,1
4242,0
4243,0
4244,0
4245,0
4246,1
4247,0
4248,0
4249,0
4250,0
4251,0
4252,1
4253,1
4254,1
4255,0
4256,0
4257,1
4258,0
4259,0
4260,1
4261,1
4262,1
4263,1
4264,0
4265,0
4266,0
4267,1
4268,0
4269,0
4270,1
4271,1
4272,0
4273,1
4274,1
4275,0
4276,0
4277,0
4278,0
4279,1
4280,1
4281,1
4282,0
4283,0
4284,0
4285,0
4286,1
4287,0
4288,1
4289,0
4290,1
4291,0
4292,0
4293,1
4294,1
4295,0
4296,1
4297,1
4298,0
4299,0
4300,0
4301,0
4302,1
4303,0
4304,0
4305,0
4306,0
4307,1
4308,0
4309,0
4310,1
4311,1
4312,0
4313,1
4314,1
4315,0
4316,1
4317,0
4318,0
4319,0
4320,1
4321,1
4322,0
4323,1
4324,0
4325,0
4326,1
4327,1
4328,1
4329,1
4330,0
4331,0
4332,0
4333,1
4334,1
4335,0
4336,0
4337,1
4338,1
4339,1
4340,1
4341,1
4342,0
4343,0
4344,0
4345,1
4346,0
4347,1
4348,1
4349,1
4350,0
4351,0
4352,0
4353,0
4354,0
4355,1
4356,1
4357,1
4358,0
4359,1
4360,0
4361,1
4362,1
4363,0
4364,1
4365,1
4366,1
4367,1
4368,0
4369,1
4370,0
4371,0
4372,1
4373,1
4374,0
4375,1
4376,1
4377,1
4378,0
4379,1
4380,1
4381,1
4382,0
4383,1
4384,0
4385,1
4386,1
4387,1
4388,0
4389,1
4390,1
4391,1
4392,0
4393,1
4394,0
4395,1
4396,0
4397,0
4398,1
4399,1
4400,0
4401,1
4402,1
4403,1
4404,1
4405,0
4406,1
4407,0
4408,1
4409,0
4410,0
4411,1
4412,0
4413,0
4414,1
4415,0
4416,1
4417,1
4418,1
4419,1
4420,0
4421,0
4422,0
4423,1
4424,0
4425,1
4426,1
4427,0
4428,1
4429,1
4430,0
4431,1
4432,0
4433,0
4434,1
4435,1
4436,0
4437,0
4438,0
4439,0
4440,0
4441,1
4442,1
4443,0
4444,0
4445,1
4446,0
4447,0
4448,0
4449,0
4450,1
4451,0
4452,0
4453,1
4454,0
4455,1
4456,0
4457,0
4458,0
4459,1
4460,1
4461,0
4462,0
4463,0
4464,0
4465,0
4466,0
4467,0
4468,1
4469,0
4470,1
4471,0
4472,0
4473,0
4474,1
4475,1
4476,0
4477,1
4478,0
4479,0
4480,1
4481,1
4482,0
4483,1
4484,0
4485,0
4486,0
4487,1
4488,1
4489,1
4490,1
4491,1
4492,1
4493,0
4494,0
4495,1
4496,0
4497,0
4498,1
4499,0
4500,1
4501,1
4502,1
4503,0
4504,0
4505,1
4506,0
4507,1
4508,1
4509,1
4510,1
4511,1
4512,1
4513,0
4514,1
4515,0
4516,0
4517,0
4518,0
4519,1
4520,0
4521,1
4522,1
4523,0
4524,0
4525,0
4526,0
4527,1
4528,0
4529,0
4530,0
4531,0
4532,0
4533,1
4534,0
4535,1
4536,1
4537,0
4538,1
4539,0
4540,1
4541,1
4542,1
4543,1
4544,1
4545,0
4546,0
4547,1
4548,1
4549,0
4550,0
4551,1
4552,0
4553,1
4554,1
4555,0
4556,0
4557,1
4558,0
4559,1
4560,0
4561,1
4562,0
4563,0
4564,0
4565,0
4566,1
4567,0
4568,0
4569,1
4570,1
4571,1
4572,1
4573,0
4574,1
4575,0
4576,1
4577,0
4578,1
4579,0
4580,1
4581,0
4582,0
4583,0
4584,0
4585,0
4586,0
4587,0
4588,0
4589,0
4590,1
4591,0
4592,1
4593,0
4594,0
4595,1
4596,1
4597,0
4598,1
4599,0
4600,1
4601,1
4602,1
4603,1
4604,0
4605,0
4606,1
4607,0
4608,1
4609,0
4610,1
4611,1
4612,1
4613,0
4614,1
4615,1
4616,0
4617,0
4618,0
4619,1
4620,0
4621,0
4622,0
4623,0
4624,1
4625,1
4626,0
4627,0
4628,0
4629,1
4630,0
4631,0
4632,1
4633,1
4634,0
4635,0
4636,0
4637,0
4638,0
4639,0
4640,1
4641,1
4642,0
4643,0
4644,0
4645,1
4646,0
4647,1
4648,0
4649,1
4650,1
4651,1
4652,0
4653,0
4654,1
4655,0
4656,1
4657,0
4658,0
4659,1
4660,1
4661,1
4662,1
4663,1
4664,0
4665,1
4666,1
4667,0
4668,0
4669,0
4670,0
4671,0
4672,1
4673,0
4674,1
4675,0
4676,0
4677,0
4678,1
4679,0
4680,1
4681,1
4682,0
4683,1
4684,1
4685,1
4686,1
4687,1
4688,1
4689,0
4690,0
4691,0
4692,1
4693,1
4694,1
4695,0
4696,1
4697,1
4698,0
4699,1
4700,1
4701,0
4702,1
4703,0
4704,0
4705,1
4706,0
4707,0
4708,1
4709,0
4710,1
4711,0
4712,1
4713,1
4714,0
4715,0
4716,1
4717,1
4718,1
4719,1
4720,1
4721,1
4722,1
4723,0
4724,1
4725,1
4726,0
4727,1
4728,0
4729,0
4730,0
4731,0
4732,0
4733,1
4734,0
4735,1
4736,1
4737,0
4738,1
4739,1
4740,1
4741,0
4742,1
4743,0
4744,1
4745,0
4746,0
4747,1
4748,1
4749,0
4750,1
4751,0
4752,0
4753,0
4754,1
4755,0
4756,0
4757,0
4758,1
4759,0
4760,1
4761,1
4762,1
4763,1
4764,0
4765,0
4766,0
4767,1
4768,0
4769,1
4770,1
4771,0
4772,0
4773,1
4774,0
4775,1
4776,1
4777,1
4778,0
4779,1
4780,1
4781,0
4782,0
4783,0
4784,0
4785,1
4786,1
4787,1
4788,1
4789,0
4790,0
4791,0
4792,1
4793,0
4794,0
4795,0
4796,0
4797,1
4798,1
4799,0
4800,1
4801,1
4802,0
4803,0
4804,1
4805,1
4806,1
4807,0
4808,1
4809,1
4810,1
4811,0
4812,0
4813,0
4814,1
4815,0
4816,1
4817,0
4818,1
4819,0
4820,0
4821,0
4822,1
4823,1
4824,1
4825,0
4826,0
4827,0
4828,1
4829,0
4830,0
4831,0
4832,1
4833,1
4834,0
4835,0
4836,0
4837,0
4838,0
4839,0
4840,1
4841,0
4842,1
4843,0
4844,0
4845,1
4846,1
4847,0
4848,0
4849,1
4850,1
4851,0
4852,0
4853,0
4854,0
4855,0
4856,0
4857,0
4858,1
4859,0
4860,0
4861,1
4862,1
4863,0
4864,0
4865,1
4866,1
4867,1
4868,1
4869,0
4870,0
4871,0
4872,0
4873,0
4874,0
4875,0
4876,0
4877,1
4878,0
4879,0
4880,0
4881,0
4882,0
4883,0
4884,0
4885,0
4886,1
4887,1
4888,1
4889,0
4890,1
4891,1
4892,0
4893,0
4894,1
4895,0
4896,0
4897,1
4898,0
4899,1
4900,0
4901,0
4902,0
4903,1
4904,0
4905,0
4906,0
4907,1
4908,1
4909,1
4910,0
4911,0
4912,1
4913,1
4914,1
4915,0
4916,0
4917,1
4918,1
4919,0
4920,1
4921,0
4922,1
4923,1
4924,0
4925,0
4926,1
4927,0
4928,0
4929,0
4930,1
4931,0
4932,0
4933,1
4934,0
4935,0
4936,1
