,index,Expr-140-ep-7.pt,Expr-26-ep-2.pt,Expr-27-ep-9.pt,Expr-374-ep-3.pt,Expr-384-ep-12.pt,Expr-427-ep-8.pt,Expr-544-ep-7.pt,Expr-628-ep-9.pt,Expr-702-ep-6.pt,Expr-91-ep-4.pt,Expr-935-ep-5.pt,Expr-94-ep-6.pt
0,1176,1.358528697892325e-05,0.0009203154477290809,1.4161607396090403e-05,0.0028247798327356577,3.83148981292214e-12,1.5013943421848808e-09,2.1460129573824815e-05,8.726630653654865e-07,0.0022501316852867603,4.314225952839479e-05,1.9436689399299212e-05,1.0509959793125745e-05
1,1177,5.480793333845213e-05,0.005437142215669155,1.1517847786635116e-09,0.0011598853161558509,2.053295441891778e-19,1.2931179022533656e-13,1.3934358321421314e-05,2.011817823444062e-09,0.0004935833276249468,0.0001639157853787765,4.481924406718463e-06,2.470741492288653e-06
2,1178,0.40819886326789856,0.2961843013763428,0.8296663761138916,0.34754663705825806,0.3882133364677429,0.33286482095718384,0.397929847240448,0.6813024282455444,0.9506694078445435,0.20476026833057404,0.5450860857963562,0.3650168478488922
3,1179,2.9235048714326695e-05,0.000738320522941649,9.973791037509727e-08,0.0005326924147084355,3.0077997870137096e-09,7.958502301619319e-09,6.864502211101353e-06,2.046020455281905e-07,0.0005601056036539376,4.246346725267358e-05,1.6596710338490084e-05,2.459604502291768e-07
4,1180,0.27922171354293823,0.38210710883140564,0.18114180862903595,0.2841816544532776,0.7329296469688416,0.25222158432006836,0.42058730125427246,0.19698750972747803,0.2429175078868866,0.18807613849639893,0.19991910457611084,0.12749192118644714
5,1181,1.2999985301576089e-05,0.005785641726106405,1.030391549861065e-09,0.0014238375006243587,1.3491867345560848e-10,5.491125332213187e-10,5.812146991956979e-05,1.1047495362959125e-08,6.450405635405332e-05,5.8621331845643e-05,2.0384977688081563e-06,7.498331979149953e-05
6,1182,4.275097671779804e-05,0.0011204808251932263,0.00012566254008561373,0.0006171591812744737,4.904936758975964e-07,0.00014401810767594725,8.584697752667125e-06,1.9786817574640736e-05,0.003422098932787776,2.3740441974950954e-05,0.0001979460648726672,1.8233697119285353e-05
7,1183,7.795989949954674e-05,0.0030196558218449354,9.235466677637305e-06,0.0028512473218142986,2.60045851518953e-09,2.8928226925017952e-08,1.9167282516718842e-05,2.8729834866680903e-06,0.0007850856054574251,0.00022223129053600132,2.1152667613932863e-05,3.0248880648287013e-05
8,1184,1.003655114573121e-08,0.00040984517545439303,4.968277872441362e-11,8.843184332363307e-05,1.5889829374413954e-20,1.3375324068795602e-12,3.9753977887357905e-08,3.8281534192607936e-11,3.802778519457206e-05,5.583342044701567e-06,1.6710396266716998e-07,1.936685478653999e-08
9,1185,8.871403451848892e-07,0.0059923152439296246,7.34883487396587e-10,0.0010598378721624613,8.951854150529917e-14,5.250681139878921e-11,3.611514785006875e-06,3.88773013781929e-09,5.3926167311146855e-05,5.173636236577295e-05,4.783639155903074e-07,1.0412244364488288e-06
10,1186,0.699030876159668,0.3328706622123718,0.8492192625999451,0.5789340734481812,0.9072816371917725,0.6397737860679626,0.6567284464836121,0.986167848110199,0.5151563882827759,0.5472339987754822,0.698464572429657,0.5500480532646179
11,1187,0.0006921712192706764,0.0038185622543096542,0.0004164774145465344,0.002472825348377228,0.0012523821787908673,0.00010084363748319447,0.0011333465809002519,0.0014557302929461002,0.004621134139597416,0.0008802828378975391,0.0005194395198486745,0.00011271028779447079
12,1188,0.14960336685180664,0.08246912807226181,0.03665875270962715,0.21609406173229218,0.02087881974875927,0.030949726700782776,0.10883788764476776,0.04463324695825577,0.17920897901058197,0.03746375814080238,0.07688429951667786,0.1317310780286789
13,1189,9.479541040491313e-05,0.0006731132161803544,0.001011288957670331,0.0017154529923573136,5.373673775466159e-05,0.00023002766829449683,2.148261046386324e-05,0.00038372486596927047,0.010125057771801949,9.842689178185537e-05,0.0012085111811757088,7.119142537703738e-05
14,1190,0.00010662552813300863,0.0014571740757673979,0.00011624200851656497,0.0010494946036487818,2.7719397621694952e-06,7.552719580417033e-06,1.8602344425744377e-05,1.523369337519398e-05,0.0020128185860812664,6.400827987818047e-05,0.00013091876462567598,7.676771929254755e-06
15,1191,0.03761632740497589,0.05145144462585449,0.028517957776784897,0.10464076697826385,0.006623422726988792,0.009704910218715668,0.03547482565045357,0.008818437345325947,0.08176207542419434,0.017820389941334724,0.051464419811964035,0.03947736695408821
16,1192,0.7773959636688232,0.27248847484588623,0.6132122278213501,0.29917171597480774,0.19428665935993195,0.49287545680999756,0.8371610045433044,0.47554466128349304,0.8830659985542297,0.21760056912899017,0.38297829031944275,0.02692677453160286
17,1193,0.3277374804019928,0.180543914437294,0.12176275253295898,0.2101009041070938,0.2014836221933365,0.19669665396213531,0.43415018916130066,0.9949652552604675,0.47585782408714294,0.054047755897045135,0.24125726521015167,0.04272622615098953
18,1194,4.249927951605059e-05,0.0029742165934294462,8.245307867582596e-07,0.003149764845147729,2.3266801679744376e-11,5.179543904887396e-07,4.6981589548522606e-05,1.8584737517812755e-06,0.0016717406688258052,5.78767285333015e-05,5.904688805458136e-05,2.9013190214755014e-05
19,1195,0.00289089884608984,0.011492348276078701,0.0002972250513266772,0.020185012370347977,2.4316467062135416e-08,0.00016056526510510594,0.005105463322252035,0.00025567226111888885,0.011089361272752285,0.0010794206755235791,0.0012083891779184341,0.0035254466347396374
20,1196,0.7756723761558533,0.48975399136543274,0.3427017629146576,0.3504040241241455,0.11842784285545349,0.056366465985774994,0.7445544600486755,0.1081327497959137,0.6442453861236572,0.4300156533718109,0.2198624461889267,0.14775654673576355
21,1197,0.49705198407173157,0.4181648790836334,0.2259277105331421,0.7416386604309082,0.389029324054718,0.31753069162368774,0.4913555681705475,0.3155089318752289,0.39207372069358826,0.4788183271884918,0.27312171459198,0.2552337348461151
22,1198,0.00043087301310151815,0.01120090764015913,0.003154448699206114,0.011302664875984192,0.0029395350720733404,0.002204490825533867,0.00034337068791501224,0.0005507887690328062,0.03837551921606064,0.0006645552930422127,0.0018428723560646176,0.00033320634975098073
23,1199,0.021925177425146103,0.07280207425355911,0.045120734721422195,0.08018630743026733,0.042844656854867935,0.026667887344956398,0.01825735718011856,0.030019277706742287,0.1688816249370575,0.02945752628147602,0.011500200256705284,0.0025004465132951736
24,1200,0.03836207091808319,0.031736135482788086,0.14095577597618103,0.11633661389350891,0.009861568920314312,0.006272122263908386,0.07630961388349533,0.054237205535173416,0.4129177927970886,0.025319160893559456,0.02407662197947502,0.03352581709623337
25,1201,0.664355993270874,0.5499643087387085,0.8492192625999451,0.7416386604309082,0.9072816371917725,0.6397737860679626,0.588438868522644,0.8207356929779053,0.3827253580093384,0.9155944585800171,0.5116608142852783,0.5852575898170471
26,1202,0.006178927607834339,0.14614945650100708,0.008693979121744633,0.06030937656760216,0.0029145898297429085,0.0018635304877534509,0.005567339714616537,0.014591996558010578,0.13870836794376373,0.022249596193432808,0.01946871355175972,0.0009081123862415552
27,1203,0.0008537169778719544,0.012892607599496841,0.0031757487449795008,0.013039880432188511,0.00020862114615738392,0.0022648866288363934,0.0004328769282437861,0.0011794025776907802,0.06424587965011597,0.001649457961320877,0.0019388895016163588,0.0003084036288782954
28,1204,0.11833938956260681,0.15356595814228058,0.0227692648768425,0.1733761578798294,0.04420552775263786,0.01549347024410963,0.12302941083908081,0.00865655206143856,0.17641253769397736,0.12240256369113922,0.09201327711343765,0.13932205736637115
29,1205,0.12293865531682968,0.17120832204818726,0.23166483640670776,0.2733863592147827,0.24482078850269318,0.1819189041852951,0.20202378928661346,0.17715002596378326,0.244949072599411,0.09443145245313644,0.09901873022317886,0.08605099469423294
30,1206,0.0014337778557091951,0.031213654205203056,0.004255811218172312,0.013536356389522552,0.0008291347767226398,0.005191593896597624,0.0006611077697016299,0.000776036293245852,0.042873088270425797,0.0033219431061297655,0.007246503606438637,0.0009313887567259371
31,1207,0.1453295201063156,0.34166190028190613,0.18859848380088806,0.2244689166545868,0.24218162894248962,0.08204393833875656,0.17124220728874207,0.13103508949279785,0.29347431659698486,0.1345248967409134,0.14678508043289185,0.004094731993973255
32,1208,0.00037038218579255044,0.009656804613769054,2.4616301743662916e-06,0.0029497731011360884,2.633973705812309e-09,2.852948739473504e-07,0.0003353363717906177,1.1266502951912116e-05,0.00365442899055779,0.0005387502023950219,0.0002938478719443083,0.0001551558234496042
33,1209,5.158384010428563e-05,0.0030601578764617443,0.00043991714483127,0.005971463862806559,4.3595999033030353e-10,2.0339177808637032e-07,2.384963408985641e-05,0.00021184899378567934,0.00544130289927125,0.0005834416951984167,5.432712350739166e-05,2.2509331756737083e-05
34,1210,0.0012372743804007769,0.02392243593931198,0.0011100538540631533,0.006159279029816389,4.6867415903761867e-07,0.00025387812638655305,0.0015164418146014214,0.0005450609605759382,0.01725996471941471,0.0025319866836071014,0.0011434032348915935,0.00018031953368335962
35,1211,0.018644167110323906,0.04621506854891777,0.027328694239258766,0.08470150083303452,0.029661649838089943,0.021827781572937965,0.014314783737063408,0.023585569113492966,0.1291174739599228,0.007768614217638969,0.025566427037119865,0.025761684402823448
36,1212,0.06669044494628906,0.21614320576190948,0.013013781979680061,0.09243875741958618,0.011981227435171604,0.042994774878025055,0.03696936368942261,0.002099839970469475,0.13809417188167572,0.027266470715403557,0.03633086010813713,0.009087502025067806
37,1213,0.016525061801075935,0.06732667237520218,0.06212824955582619,0.12016385793685913,0.07618038356304169,0.03084108792245388,0.015677299350500107,0.12454550713300705,0.12627065181732178,0.027478570118546486,0.06793178617954254,0.00730555085465312
38,1214,0.0003865920880343765,0.008132302202284336,0.0007267807959578931,0.00625121034681797,9.54510469455272e-05,0.0006949648377485573,0.00013178499648347497,0.003224034793674946,0.025216778740286827,0.002784423530101776,0.00023064522247295827,0.00025529006961733103
39,1215,0.4482758641242981,0.46132469177246094,0.46685928106307983,0.4898420572280884,0.4996151328086853,0.6397737860679626,0.6201449036598206,0.4714184105396271,0.676185131072998,0.17968767881393433,0.5923001766204834,0.2925177216529846
40,1216,0.021439721807837486,0.017427871003746986,0.00872912909835577,0.030102305114269257,0.0024640688207000494,0.001678920118138194,0.021957064047455788,0.02037888951599598,0.1538025140762329,0.02448097988963127,0.014432352967560291,0.012288319878280163
41,1217,0.008018306456506252,0.027430448681116104,0.009813360869884491,0.017287760972976685,0.0008307935786433518,0.00512587558478117,0.007347412407398224,0.006732038222253323,0.036011047661304474,0.0022506830282509327,0.005109832156449556,0.0026702426839619875
42,1218,0.17123661935329437,0.2091018259525299,0.19758670032024384,0.25163671374320984,0.26448696851730347,0.11319563537836075,0.1643133908510208,0.0649787113070488,0.3676200807094574,0.12695424258708954,0.254415899515152,0.17933078110218048
43,1219,0.02617722377181053,0.1830892264842987,0.05354791507124901,0.1181701272726059,0.040796782821416855,0.09700093418359756,0.035333260893821716,0.06357793509960175,0.17248670756816864,0.020996909588575363,0.051581885665655136,0.00482266116887331
44,1220,0.0031126949470490217,0.0358244888484478,0.005432479549199343,0.03245773911476135,0.0010645624715834856,0.0036603857297450304,0.0014627387281507254,0.0017957199597731233,0.05128183588385582,0.0057645984925329685,0.016555357724428177,0.009061380289494991
45,1221,8.743968646740541e-05,0.06106767803430557,4.889374849881278e-06,0.07158531993627548,0.0009948195656761527,1.5251919194270158e-06,0.00038559609674848616,4.663662548409775e-05,0.07535138726234436,0.03958398476243019,0.0010026891250163317,0.0006083881016820669
46,1222,0.17821115255355835,0.3615996241569519,0.32707440853118896,0.4686797261238098,0.041826069355010986,0.3827241063117981,0.15583392977714539,0.22640569508075714,0.7084924578666687,0.19596174359321594,0.1777609884738922,0.07704756408929825
47,1223,0.7378414869308472,0.5425199866294861,0.03864080458879471,0.6385261416435242,0.01777656003832817,0.005495220422744751,0.8186932802200317,0.14524106681346893,0.22062580287456512,0.4268212914466858,0.2225922793149948,0.8910384774208069
48,1224,0.2568820118904114,0.4129127264022827,0.3946380615234375,0.5943074226379395,0.3825832009315491,0.4558941721916199,0.4017657935619354,0.23328568041324615,0.42042315006256104,0.5986441373825073,0.2813705503940582,0.6063345074653625
49,1225,0.006363573484122753,0.1007910892367363,5.3100570767128374e-06,0.06177103891968727,2.081551375709978e-09,1.2389131143208942e-07,0.009219356812536716,1.0358176041336264e-05,0.042189475148916245,0.004016062710434198,0.0017343730432912707,0.0003852926311083138
50,1226,0.8348832726478577,0.4615705907344818,0.9358533024787903,0.7304867506027222,0.9107621908187866,0.690381646156311,0.8393187522888184,0.9779663681983948,0.9021462798118591,0.9754541516304016,0.9328392148017883,0.8328478932380676
51,1227,0.04667971655726433,0.14788049459457397,0.04873442277312279,0.18115250766277313,0.036341749131679535,0.02758101187646389,0.06083085387945175,0.036098308861255646,0.11993937939405441,0.03698495030403137,0.03406049311161041,0.03793129697442055
52,1228,0.0019391451496630907,0.015141774900257587,0.0010425469372421503,0.028458429500460625,0.0001290052750846371,0.00010761593875940889,0.004133697133511305,0.0003607232647482306,0.049504488706588745,0.002828057622537017,0.0015235737664625049,0.0024330506566911936
53,1229,0.007408064790070057,0.0080088647082448,0.00681325001642108,0.03275707736611366,0.0005004069535061717,0.004250849597156048,0.004299722611904144,0.00560010178014636,0.0336293950676918,0.003766519483178854,0.005453320685774088,0.005374370142817497
54,1230,0.20244883000850677,0.32037946581840515,0.27324768900871277,0.45059219002723694,0.247415691614151,0.2237117737531662,0.19565820693969727,0.1657279133796692,0.23192434012889862,0.23449942469596863,0.16193807125091553,0.35750851035118103
55,1231,0.0014022665563970804,0.0018981203902512789,0.0002109650959027931,0.004726500250399113,2.407867032161448e-05,5.9715075622079894e-05,0.0008426189888268709,1.737573074933607e-05,0.006585652474313974,0.0005528616020455956,0.000685473729390651,0.0006848814664408565
56,1232,7.299453136511147e-05,0.0017861180240288377,5.574440729105845e-05,0.001010951236821711,1.194589572151017e-06,2.653214323800057e-06,3.5946042771684006e-05,1.1873989933519624e-05,0.0027106506749987602,8.402760431636125e-05,3.370548438397236e-05,5.852808499184903e-06
57,1233,0.009918763302266598,0.05380203202366829,0.0017357886536046863,0.04086270183324814,9.483175381319597e-05,0.0016783783212304115,0.009347916580736637,0.00101855571847409,0.03461054340004921,0.0028232436161488295,0.0064384047873318195,0.004969318397343159
58,1234,0.011391699314117432,0.018773868680000305,0.03334776684641838,0.10597163438796997,0.005125153809785843,0.010228664614260197,0.009094619192183018,0.013594555668532848,0.14116717875003815,0.0276140458881855,0.0353664793074131,0.005265118554234505
59,1235,0.018021360039711,0.04794620722532272,0.026259135454893112,0.07386568933725357,0.0009007388143800199,0.00455891527235508,0.011217057704925537,0.004688597749918699,0.17168501019477844,0.02484855055809021,0.008349400013685226,0.0031569821294397116
60,1236,0.2958022654056549,0.16130982339382172,0.04443320631980896,0.29354387521743774,0.00034883132320828736,0.011565315537154675,0.3072088062763214,0.044679637998342514,0.2906668186187744,0.12735389173030853,0.18215668201446533,0.08653669059276581
61,1237,0.8792800903320312,0.2703149914741516,0.9274360537528992,0.4422159194946289,0.1394965946674347,0.9333608746528625,0.9075062870979309,0.735140323638916,0.5419539213180542,0.31330329179763794,0.7086164355278015,0.4093910753726959
62,1238,0.181710883975029,0.3016268014907837,0.13606101274490356,0.35841596126556396,0.5737470984458923,0.3100298047065735,0.177840456366539,0.19867344200611115,0.34341782331466675,0.11655187606811523,0.2576655149459839,0.1492166668176651
63,1239,0.03580804541707039,0.09868649393320084,0.015239744447171688,0.11815018206834793,0.021215802058577538,0.03158869594335556,0.01321631483733654,0.002614540746435523,0.19174344837665558,0.032129690051078796,0.026586534455418587,0.027018079534173012
64,1240,0.0007004193612374365,0.0033932130318135023,0.0015152934938669205,0.004372072871774435,0.0003469597431831062,0.0005073441425338387,0.00045220699394121766,0.0021267991978675127,0.02435733750462532,0.0007702538860030472,0.001165204681456089,0.0001499969366705045
65,1241,0.14981773495674133,0.4076906740665436,0.3152264952659607,0.3898109197616577,0.003524511819705367,0.11087751388549805,0.1056394875049591,0.16045719385147095,0.40622827410697937,0.29301968216896057,0.13273434340953827,0.37010425329208374
66,1242,0.09156433492898941,0.2236802726984024,0.020119179040193558,0.3212874233722687,0.49538710713386536,0.06950363516807556,0.22435222566127777,0.08650145679712296,0.3820400834083557,0.17599323391914368,0.23890487849712372,0.1309078186750412
67,1243,0.002475552260875702,0.04628872126340866,0.009221081621944904,0.05355116352438927,1.91822957518184e-09,0.00014047743752598763,0.023448582738637924,0.002246050164103508,0.2901122570037842,0.022523682564496994,0.0036588849034160376,0.004700056277215481
68,1244,0.020952852442860603,0.2226652354001999,0.03128394857048988,0.11702918261289597,0.00863309483975172,0.03395310044288635,0.03237937018275261,0.01213992852717638,0.09374195337295532,0.016042819246649742,0.031245283782482147,0.014301870949566364
69,1245,0.0619867779314518,0.12812542915344238,0.040859073400497437,0.1736716330051422,0.011011021211743355,0.01887080818414688,0.043171580880880356,0.08051721006631851,0.28655096888542175,0.06299480050802231,0.05093488469719887,0.020855603739619255
70,1246,0.5031377673149109,0.14730936288833618,0.0026975523214787245,0.22418498992919922,0.957445502281189,0.13233500719070435,0.2390168458223343,0.9999990463256836,0.8782470226287842,0.26435142755508423,0.03960052877664566,0.029490582644939423
71,1247,0.03289497643709183,0.09774705767631531,0.030503880232572556,0.08534792810678482,0.015280432067811489,0.19350223243236542,0.03507428616285324,0.017758386209607124,0.18545430898666382,0.020292073488235474,0.05016036704182625,0.05775126814842224
72,1248,0.009698739275336266,0.05279404670000076,0.008753419853746891,0.03431874141097069,0.012101736851036549,0.011718329973518848,0.010539642535150051,0.012101343832910061,0.08006350696086884,0.0066277943551540375,0.015049165114760399,0.005824704188853502
73,1249,0.8960763216018677,0.5283277630805969,0.9772721529006958,0.7699187397956848,0.9072816371917725,0.9574517011642456,0.9409542679786682,0.9793461561203003,0.6848008632659912,0.9436504244804382,0.7867364287376404,0.8146573901176453
74,1250,0.5260539650917053,0.1453493982553482,0.026572057977318764,0.08912897855043411,8.672471381032665e-07,0.023107517510652542,0.2309139370918274,0.9524921774864197,0.20739732682704926,0.040653761476278305,0.019012775272130966,0.07168134301900864
75,1251,0.10395526885986328,0.21717165410518646,0.3336380124092102,0.25099149346351624,0.0767037570476532,0.06161237135529518,0.07213032990694046,0.15034547448158264,0.21375513076782227,0.07938890159130096,0.10499223321676254,0.11056947708129883
76,1252,0.02390144392848015,0.026091935113072395,0.07324054837226868,0.07523442059755325,0.0021384493447840214,0.06314399838447571,0.018692050129175186,0.02804695814847946,0.04267045110464096,0.01245901919901371,0.017867563292384148,0.01937028020620346
77,1253,0.0033832138869911432,0.02884151041507721,0.002792998915538192,0.02740483544766903,0.0011616466799750924,0.00019713351503014565,0.0016974128084257245,0.0011535545345395803,0.03069533221423626,0.006613102741539478,0.006224757060408592,0.0041174935176968575
78,1254,0.002191050909459591,0.01194317452609539,0.020916519686579704,0.022045312449336052,0.0009254567557945848,0.003147688927128911,0.0013670932967215776,0.006449544336646795,0.09162527322769165,0.004066858906298876,0.008436750620603561,0.0021796724759042263
79,1255,0.9960460066795349,0.5499643087387085,0.8492192625999451,0.7632529735565186,0.9072816371917725,0.9866830706596375,0.9948101043701172,0.960615336894989,0.9218186736106873,0.9828752279281616,0.9970346689224243,0.9754145741462708
80,1256,0.06263621896505356,0.13184301555156708,0.012689958326518536,0.15051612257957458,0.002557245083153248,0.005202618893235922,0.07137138396501541,0.04199185594916344,0.051675476133823395,0.02588428184390068,0.02099878340959549,0.00837433710694313
81,1257,0.48456358909606934,0.5475844144821167,0.8492192625999451,0.6416037082672119,0.9072816371917725,0.5836590528488159,0.5079874396324158,0.8446919918060303,0.6761936545372009,0.5562953352928162,0.8055773377418518,0.8831716179847717
82,1258,0.024739809334278107,0.051714181900024414,0.023660847917199135,0.07387550175189972,0.003168064169585705,0.029167650267481804,0.02085869014263153,0.01287597231566906,0.08627410233020782,0.006574708968400955,0.02421186864376068,0.0023953085765242577
83,1259,3.2474345061928034e-05,0.0010052123107016087,6.284969913394889e-07,0.0005505919689312577,6.850206166197914e-14,4.324362237184687e-07,6.790277438994963e-06,7.343065590248443e-06,0.002446927363052964,3.986330557381734e-05,2.4974995540105738e-05,1.0258600923407357e-05
84,1260,0.007517839781939983,0.030418790876865387,0.0029554497450590134,0.02923731692135334,0.0005823203246109188,0.002180535579100251,0.008712949231266975,0.0005401091184467077,0.021775828674435616,0.0022419290617108345,0.0042818947695195675,0.011784316040575504
85,1261,0.013923149555921555,0.04378153011202812,0.06930238753557205,0.07276154309511185,0.012595021165907383,0.11782602965831757,0.010488358326256275,0.044666532427072525,0.1977374255657196,0.020484507083892822,0.017790110781788826,0.00966886430978775
86,1262,0.8043151497840881,0.5499643087387085,0.9998576641082764,0.7416386604309082,0.9987310767173767,0.8108546137809753,0.9069939851760864,0.9806423783302307,0.9674615859985352,0.9351546168327332,0.981253445148468,0.2691037058830261
87,1263,0.0033752601593732834,0.040811579674482346,0.0026447991840541363,0.033342380076646805,5.7751796703087166e-05,0.0003364717704243958,0.0029793893918395042,0.0008737322641536593,0.07162389904260635,0.010034414008259773,0.001975598279386759,0.0003907744539901614
88,1264,0.001028676750138402,0.008733623661100864,0.0003733833727892488,0.02258547954261303,4.318299190453345e-12,1.5112948403839255e-07,0.0022872276604175568,0.0003890757216140628,0.017304740846157074,0.0016211578622460365,0.0003229758294764906,0.006106121931225061
89,1265,0.00035891588777303696,0.003761575324460864,0.0005792582524009049,0.003255213377997279,7.705119060119614e-05,2.4768592993495986e-05,0.00010053840378532186,3.453692261246033e-05,0.00451695267111063,0.0004929732531309128,0.0001673087535891682,4.221986455377191e-05
90,1266,0.003680485999211669,0.0311297420412302,0.04741509631276131,0.040517475455999374,0.018264157697558403,0.018669191747903824,0.004952921066433191,0.014777547679841518,0.061621565371751785,0.005110576748847961,0.006277813110500574,0.0005140758003108203
91,1267,0.0002983800368383527,0.0069727967493236065,8.497121598338708e-06,0.0045489417389035225,1.639561304500603e-07,3.121138547612645e-07,0.00011802573135355487,7.03102250554366e-06,0.0050085303373634815,0.0009694969630800188,0.00025792597443796694,1.3001993465877604e-05
92,1268,0.0006667560082860291,0.037702810019254684,0.005195893347263336,0.03438226133584976,9.497726694007724e-08,0.00015537715808022767,0.004250157158821821,0.0010992755414918065,0.01655285805463791,0.0028462533373385668,0.0006266410346142948,0.0017759265610948205
93,1269,0.0010546287521719933,0.008657234720885754,0.004599154461175203,0.008300821296870708,0.0002019450766965747,2.096831303788349e-05,0.0003666653938125819,0.00016967700503300875,0.013497667387127876,0.002136737573891878,0.0014623487368226051,0.00021766641293652356
94,1270,0.17404548823833466,0.2730158269405365,0.2471265196800232,0.32282939553260803,0.35556545853614807,0.21958933770656586,0.1801680475473404,0.15798355638980865,0.24476788938045502,0.1291506290435791,0.2690136432647705,0.34506791830062866
95,1271,0.28609269857406616,0.2788556218147278,0.49958527088165283,0.6247930526733398,0.08247002959251404,0.19401772320270538,0.29874205589294434,0.5465809106826782,0.8541236519813538,0.2592235505580902,0.31290876865386963,0.3216005861759186
96,1272,0.008912984281778336,0.05652693659067154,0.0007343604229390621,0.04315384104847908,7.020096381893381e-05,8.280801557702944e-05,0.006606787443161011,0.0016374002443626523,0.04524414241313934,0.0021977664437144995,0.00379333458840847,0.0007760263979434967
97,1273,0.26101425290107727,0.3581852912902832,0.25135135650634766,0.36489754915237427,0.4943210780620575,0.32248032093048096,0.4236910343170166,0.6896999478340149,0.5415574908256531,0.22260700166225433,0.20888613164424896,0.6043782830238342
98,1274,0.18595947325229645,0.2459406554698944,0.19861620664596558,0.3070952296257019,0.08692411333322525,0.22955623269081116,0.11556326597929001,0.09514512121677399,0.28872647881507874,0.161014124751091,0.15739068388938904,0.21128304302692413
99,1275,0.06550250202417374,0.244317889213562,0.06287495791912079,0.174614816904068,0.04899628087878227,0.03430761769413948,0.06814609467983246,0.01731964200735092,0.14766982197761536,0.03644844889640808,0.04888273403048515,0.05256909132003784
100,1276,0.04864649474620819,0.08450710773468018,0.03642332926392555,0.1828489452600479,0.0033099879510700703,0.015076047740876675,0.03859283775091171,0.04225235432386398,0.15817944705486298,0.03986554965376854,0.053116586059331894,0.06869234144687653
101,1277,0.0004805390490218997,0.003259885823354125,4.4827163947047666e-05,0.008675510063767433,2.2760013962397352e-07,5.924160717540872e-08,0.0006227437406778336,4.718669515568763e-05,0.004422371741384268,0.00025684721185825765,6.666335684712976e-05,0.0005956673412583768
102,1278,0.20080240070819855,0.21449877321720123,0.21085232496261597,0.1843549609184265,0.375745952129364,0.06274232268333435,0.16446362435817719,0.2768377661705017,0.3680379390716553,0.17698831856250763,0.09540478140115738,0.1188252717256546
103,1279,0.045706216245889664,0.06771960109472275,0.1280045509338379,0.13804900646209717,0.11603548377752304,0.03626088425517082,0.05807017907500267,0.10157112777233124,0.1094391942024231,0.04988802596926689,0.03788028657436371,0.03163564205169678
104,1280,0.006060913670808077,0.049267351627349854,7.89605849149666e-07,0.06765588372945786,7.401076800306328e-07,3.556773719992634e-08,0.004537643399089575,0.0003467568603809923,0.005903502926230431,0.012431691400706768,0.000873045704793185,0.0055606672540307045
105,1281,0.24918048083782196,0.2931763529777527,0.267412006855011,0.2946173846721649,0.4128873646259308,0.29942411184310913,0.1694050431251526,0.5966290831565857,0.39133453369140625,0.25829678773880005,0.18651534616947174,0.23205633461475372
106,1282,0.012926098890602589,0.08091399073600769,0.003423888236284256,0.06267969310283661,0.00044399971375241876,0.005513063166290522,0.009735074825584888,0.039514731615781784,0.034339647740125656,0.015635691583156586,0.006679783575236797,0.004329230170696974
107,1283,0.0006125593208707869,0.0030336559284478426,0.002779835369437933,0.0030340654775500298,3.0770843295613304e-05,0.0013604557607322931,0.0007443203940056264,0.0002995846443809569,0.008895100094377995,0.00045566109474748373,0.0006529820384457707,6.938765000086278e-05
108,1284,0.0022617822978645563,0.05160786956548691,0.0015371617628261447,0.030205408111214638,0.00015306680870708078,0.0010120613733306527,0.003087786026299,0.00033174859709106386,0.037250373512506485,0.005507220979779959,0.0011253806296736002,0.003947078716009855
109,1285,0.046725593507289886,0.0845344215631485,0.08406724780797958,0.06975354999303818,0.0006823939620517194,0.007789770141243935,0.017715169116854668,0.012532510794699192,0.1770084947347641,0.035605378448963165,0.02565702423453331,0.03293783217668533
110,1286,0.008605253882706165,0.10212035477161407,0.07405351847410202,0.06391731649637222,0.021038072183728218,0.010430547408759594,0.009614009410142899,0.0464019812643528,0.060316093266010284,0.016797779127955437,0.014921040274202824,0.000966027844697237
111,1287,0.00312781915999949,0.027167832478880882,0.009508684277534485,0.02353849448263645,3.853268572129309e-05,0.0018523866310715675,0.0013290783390402794,0.004086718894541264,0.0465327724814415,0.009167729876935482,0.0028899505268782377,0.0027719526551663876
112,1288,2.31702131259226e-07,9.06161658349447e-05,5.635291788763652e-09,3.348270183778368e-05,3.563354530200383e-15,3.910280085839268e-12,1.922098213924528e-08,2.6907338579462703e-09,2.6216204787488095e-05,1.9359783891559346e-06,4.956189627591812e-07,3.374275081569067e-08
113,1289,0.0065075550228357315,0.04415932670235634,0.00020219903672114015,0.038269735872745514,0.008816204033792019,1.1321314559609164e-05,0.0026997854001820087,0.0004929373390041292,0.00999872013926506,0.013200802728533745,0.007731403689831495,0.0011419049696996808
114,1290,0.007765101734548807,0.01121463067829609,0.01114802435040474,0.039210543036460876,0.0003016881528310478,0.005570445209741592,0.007762710563838482,0.007014418486505747,0.039411190897226334,0.0053831529803574085,0.005206563975661993,0.001416955143213272
115,1291,0.02961597591638565,0.03584683686494827,0.0813593938946724,0.07966522127389908,0.004342612810432911,0.07650851458311081,0.01303547527641058,0.01666564866900444,0.1280970275402069,0.012540224939584732,0.03317281976342201,0.025655899196863174
116,1292,0.0009291511960327625,0.007255083881318569,0.008664313703775406,0.010502957738935947,0.0034355134703218937,0.0016154613113030791,0.0004996252828277647,0.002476390916854143,0.037450700998306274,0.0022021092008799314,0.002148393075913191,0.00012790985056199133
117,1293,0.10321392863988876,0.2482360154390335,0.1404285430908203,0.21984070539474487,0.14170204102993011,0.1624511331319809,0.21635866165161133,0.05388309434056282,0.22456933557987213,0.06569695472717285,0.10341355204582214,0.11408071964979172
118,1294,0.010133620351552963,0.013915000483393669,0.021034494042396545,0.035171568393707275,1.2153334338904642e-08,0.0001921230723382905,0.004873319994658232,0.000797969929408282,0.04755121096968651,0.00794903002679348,0.005203099921345711,0.006582349538803101
119,1295,0.17508076131343842,0.4458805322647095,0.0902397483587265,0.4945676922798157,0.12561768293380737,0.0051776934415102005,0.17262086272239685,0.0761144682765007,0.4150364100933075,0.3489721119403839,0.18478384613990784,0.07383313775062561
120,1296,0.10672811418771744,0.1312711089849472,0.05612192675471306,0.12296795099973679,0.05160926654934883,0.09495626389980316,0.10788439214229584,0.01821357198059559,0.2442997395992279,0.04937485232949257,0.07354789227247238,0.10235527902841568
121,1297,0.12826645374298096,0.11793005466461182,0.11625931411981583,0.22732512652873993,0.04799157753586769,0.22644329071044922,0.0775272399187088,0.1915999799966812,0.3091603219509125,0.10603631287813187,0.13907089829444885,0.01279086247086525
122,1298,4.237107714288868e-05,0.000986600760370493,2.2114509192761034e-05,0.0009523822809569538,1.8590523565009676e-09,1.7103374148064177e-06,8.104550033749547e-06,3.507625024212757e-06,0.0024131794925779104,0.00014427004498429596,3.605906749726273e-05,3.843600779873668e-07
123,1299,6.420562385756057e-06,0.00011850083683384582,1.5439887590673607e-07,0.00014044636918697506,3.582219243458695e-10,4.2641881137228665e-09,1.922288902278524e-06,1.852622091291778e-07,0.00013642643170896918,7.086971436365275e-06,2.3613652047060896e-06,1.0114501947100507e-07
124,1300,0.0002871476754080504,0.02967906929552555,0.0010654573561623693,0.009434899315237999,1.1042765436286572e-05,0.00020817486802116036,0.00011625840852502733,0.00034907765802927315,0.0177826639264822,0.0026370049454271793,0.0014117311220616102,0.0006250061560422182
125,1301,1.1680408533720765e-05,0.018536711111664772,5.519792956043545e-10,0.009817124344408512,9.52054698911877e-15,7.538038460097596e-08,8.957891259342432e-05,8.590429478871897e-10,0.005420574452728033,0.0009280223166570067,4.742493183584884e-05,3.49286274285987e-05
126,1302,0.13083793222904205,0.38372403383255005,0.3304738402366638,0.4859475791454315,0.07367817312479019,0.19163592159748077,0.12064645439386368,0.16989105939865112,0.3405250310897827,0.22714905440807343,0.21044819056987762,0.2731170058250427
127,1303,0.028284506872296333,0.15812186896800995,5.841262827743776e-05,0.4681070148944855,1.738526225381065e-05,0.0001340912567684427,0.02504846081137657,0.07235430181026459,0.3061521053314209,0.47913655638694763,0.10673950612545013,0.0035204682499170303
128,1304,0.001196019584313035,0.0044292863458395,3.05666208078037e-06,0.004519264679402113,9.480221052626803e-09,2.8017862518936454e-07,0.00033038415131159127,1.3108041230225354e-06,0.0037125085946172476,0.0003911246021743864,0.00013783089525531977,0.00011805623944383115
129,1305,3.6821860703639686e-05,0.00025614144396968186,0.0001396259613102302,0.0006376501987688243,6.051954528629722e-07,1.1453610113676405e-06,1.378169054078171e-05,3.987630771007389e-05,0.0018475394463166595,2.4987930373754352e-05,2.8358825147734024e-05,3.3891024031618144e-06
130,1306,0.29496195912361145,0.31166261434555054,0.4590895473957062,0.3908698558807373,0.13552182912826538,0.3034680485725403,0.27100005745887756,0.19196799397468567,0.35593318939208984,0.24380801618099213,0.37687617540359497,0.29707756638526917
131,1307,0.00048184007755480707,0.012737948447465897,0.0015968591906130314,0.009292195551097393,0.00019087760301772505,0.0015294330660253763,0.0004857870517298579,0.0010394233977422118,0.10039598494768143,0.0013896470190957189,0.003031640313565731,0.0005234168493188918
132,1308,0.2562538981437683,0.28696081042289734,0.3283638060092926,0.41042348742485046,0.030153729021549225,0.17621563374996185,0.5599184632301331,0.8446919918060303,0.5826958417892456,0.31121593713760376,0.29112327098846436,0.36655864119529724
133,1309,0.08186366409063339,0.09408338367938995,0.11191730946302414,0.23300527036190033,0.09527648240327835,0.13939324021339417,0.10094510018825531,0.12751159071922302,0.2597717046737671,0.08025804907083511,0.13275350630283356,0.28030112385749817
134,1310,0.007999584078788757,0.06358909606933594,0.006322768516838551,0.08482196182012558,0.0008740182383917272,1.1012444929292542e-06,0.0169522687792778,0.00020025543926749378,0.021939396858215332,0.010573027655482292,0.0007278536795638502,0.022699570283293724
135,1311,0.2667320668697357,0.3167301416397095,0.9493050575256348,0.375417560338974,0.21779009699821472,0.2102755606174469,0.4623478949069977,0.5373833179473877,0.9969281554222107,0.11428243666887283,0.7254200577735901,0.05400729179382324
136,1312,0.05464775115251541,0.11559433490037918,0.07541446387767792,0.12621791660785675,0.00032212986843660474,0.011425687931478024,0.04239799082279205,0.02760239504277706,0.21914738416671753,0.061538707464933395,0.045566923916339874,0.0031078604515641928
137,1313,0.9802901148796082,0.5248407125473022,0.999931812286377,0.7476256489753723,0.9999243021011353,0.999691367149353,0.9891770482063293,0.9999982118606567,0.9897039532661438,0.9921833872795105,0.9358038902282715,0.8271514773368835
138,1314,1.4787300642638002e-05,0.004573384299874306,0.00024337737704627216,0.002321644453331828,4.583740942365466e-09,6.172164376039291e-06,1.9903605789295398e-05,4.626061581802787e-06,0.001977949170395732,0.0004814784915652126,3.951769758714363e-05,4.2954117816407233e-05
139,1315,0.001836792565882206,0.003198587568476796,0.011258055455982685,0.019073475152254105,0.0001788230729289353,0.0027325372211635113,0.0022892896085977554,0.005232915747910738,0.021196244284510612,0.0010528648272156715,0.002145962556824088,0.0005680331378243864
140,1316,0.0003980164765380323,0.03283505514264107,0.0013307735789567232,0.013501979410648346,0.0001496412296546623,0.00034767991746775806,0.0001720646832836792,0.0007588190492242575,0.029048828408122063,0.0037905662320554256,0.0019354581600055099,0.000731665117200464
141,1317,0.2014341652393341,0.449070543050766,0.10140030831098557,0.3393128514289856,0.1655985563993454,0.26326704025268555,0.14668597280979156,0.47225823998451233,0.37844592332839966,0.18001405894756317,0.35867437720298767,0.09414323419332504
142,1318,0.12739205360412598,0.1508474051952362,0.06612003594636917,0.17555075883865356,0.09423559904098511,0.19305557012557983,0.10891412943601608,0.020747540518641472,0.21724176406860352,0.05015010014176369,0.08771461248397827,0.042199812829494476
143,1319,0.2572053074836731,0.1995100975036621,0.30346786975860596,0.29274439811706543,0.619551956653595,0.3109850287437439,0.2798171043395996,0.47904571890830994,0.20668552815914154,0.09969968348741531,0.13466934859752655,0.050706904381513596
144,1320,0.00215764157474041,0.05869308486580849,0.012736658565700054,0.08348698914051056,0.005227747838944197,0.013412457890808582,0.005302971228957176,0.0029272218234837055,0.1747089922428131,0.012067620642483234,0.0045857420191168785,0.02230861224234104
145,1321,0.08833900839090347,0.19876337051391602,0.11911948770284653,0.24748605489730835,0.1774061769247055,0.11830681562423706,0.12581844627857208,0.10863593965768814,0.255656361579895,0.10757654160261154,0.12743043899536133,0.02570566162467003
146,1322,3.1284500437323004e-05,0.0033792706672102213,3.5892378491553245e-06,0.002048779046162963,5.533061162021902e-11,8.380955929254696e-10,1.6227795640588738e-06,4.433271442394471e-06,0.0013081582728773355,0.00020230392692610621,1.7549558833707124e-05,2.8414249300112715e-06
147,1323,0.0005289994878694415,0.004668790381401777,0.0007655001827515662,0.010872436687350273,0.00016100434004329145,5.0694390665739775e-05,0.00017390758148394525,2.7582209440879524e-05,0.009638357907533646,0.00018029563943855464,0.000606758869253099,0.00012678200437221676
148,1324,0.007797218859195709,0.029182899743318558,0.0445375069975853,0.018674254417419434,1.4859369002806488e-05,5.214409975451417e-05,0.0033557552378624678,0.0019410665845498443,0.07415276765823364,0.005544327199459076,0.002891612472012639,0.00023095461074262857
149,1325,0.052446138113737106,0.08288124948740005,0.1250198632478714,0.1025775894522667,0.09751254320144653,0.05132253095507622,0.06220739707350731,0.09058874100446701,0.2161414921283722,0.0369461365044117,0.0719330832362175,0.020205603912472725
150,1326,0.7045112252235413,0.34055548906326294,0.8492192625999451,0.5766096115112305,0.6153977513313293,0.6442081332206726,0.813204824924469,0.8446919918060303,0.34295395016670227,0.925951361656189,0.42898717522621155,0.8154482841491699
151,1327,0.0009694180334918201,0.08741383254528046,9.311271423939615e-05,0.0933501273393631,0.49538710713386536,0.030960801988840103,0.0008742052596062422,0.053265027701854706,0.06676484644412994,0.024326099082827568,0.026828067377209663,0.0003007161139976233
152,1328,0.014974386431276798,0.10132406651973724,0.005261718295514584,0.055743977427482605,0.004391633905470371,0.006824455689638853,0.011005870997905731,0.002990409731864929,0.13985438644886017,0.011129189282655716,0.01986568607389927,0.004273289814591408
153,1329,0.0784500241279602,0.06649820506572723,0.061908625066280365,0.1915939450263977,0.008782744407653809,0.03787911310791969,0.05753248929977417,0.07397601753473282,0.17956936359405518,0.04687723144888878,0.03824428841471672,0.03639744594693184
154,1330,0.038926154375076294,0.14270293712615967,0.0008127688779495656,0.05155164748430252,0.0775575116276741,0.00036931244540028274,0.03621711954474449,0.006918525788933039,0.07257342338562012,0.024207452312111855,0.008252344094216824,0.007069121114909649
155,1331,0.016198305413126945,0.05179867520928383,0.0004349728405941278,0.13119512796401978,0.01008208841085434,7.713089871685952e-06,0.014027256518602371,0.039944667369127274,0.2739237844944,0.1635029911994934,0.021300852298736572,0.001796531374566257
156,1332,0.9413309693336487,0.5190668106079102,0.9850476980209351,0.6932392120361328,0.9072816371917725,0.988017201423645,0.9690630435943604,0.9999920129776001,0.9875118732452393,0.9954941272735596,0.9877679944038391,0.8860267400741577
157,1333,0.0015443896409124136,0.04178915172815323,0.005244679749011993,0.012131279334425926,5.609379513771273e-05,0.0012101376196369529,0.000655937590636313,0.0012613997096195817,0.03435982018709183,0.005574289709329605,0.0007991661550477147,0.0003816530224867165
158,1334,0.060246992856264114,0.2719118595123291,0.1174241453409195,0.1559147983789444,0.034666478633880615,0.1305459588766098,0.054495230317115784,0.062042687088251114,0.16690734028816223,0.0475902296602726,0.06880080699920654,0.0022165626287460327
159,1335,0.0012205353705212474,0.0035363028291612864,0.006241193972527981,0.0097389230504632,0.001063874107785523,0.00046665300033055246,0.000677188450936228,0.0015002212021499872,0.02760195918381214,0.0003039028961211443,0.0008024502312764525,3.609667328419164e-05
160,1336,0.0041307262144982815,0.03945518657565117,0.0063364263623952866,0.050867218524217606,0.00011888564768014476,0.0012626642128452659,0.00550872553139925,0.005769847892224789,0.027984023094177246,0.006975257303565741,0.0010208747116848826,0.007911628112196922
161,1337,0.01021345891058445,0.027034273371100426,0.03966929018497467,0.05983041971921921,0.0039279880002141,0.0030075369868427515,0.014239075593650341,0.015990836545825005,0.21245704591274261,0.01666518859565258,0.04721447825431824,0.02187819965183735
162,1338,0.17909224331378937,0.26477858424186707,0.17204350233078003,0.34349602460861206,0.5018928050994873,0.11654482036828995,0.22995586693286896,0.7623381614685059,0.3603248596191406,0.28079307079315186,0.14361365139484406,0.30033767223358154
163,1339,0.6276612281799316,0.3646664619445801,0.4920908510684967,0.5891258120536804,0.71196049451828,0.6418246030807495,0.8431605100631714,0.5971593856811523,0.667548418045044,0.23362961411476135,0.5214301347732544,0.5812132358551025
164,1340,0.25713497400283813,0.2880912721157074,0.10547235608100891,0.3907851576805115,0.1479063332080841,0.05360444262623787,0.2223982810974121,0.363038569688797,0.3789425194263458,0.23064249753952026,0.16881787776947021,0.22252745926380157
165,1341,0.032262977212667465,0.03267296031117439,0.060975320637226105,0.07484046369791031,0.002731708576902747,0.014151534996926785,0.021372288465499878,0.009354657493531704,0.08739440143108368,0.015346970409154892,0.027651328593492508,0.005970072001218796
166,1342,0.08321695029735565,0.17480778694152832,0.13889457285404205,0.14133650064468384,0.1456543505191803,0.07762160152196884,0.08922678232192993,0.07134798169136047,0.2467404305934906,0.050053928047418594,0.11786822229623795,0.08912640810012817
167,1343,0.09146884828805923,0.2113272100687027,0.10419046878814697,0.2046646922826767,0.02442855015397072,0.05558055639266968,0.1011459156870842,0.07354459166526794,0.2362961769104004,0.04878727346658707,0.10131631046533585,0.06061241030693054
168,1344,0.007242569699883461,0.023877840489149094,0.02657715231180191,0.04114489629864693,0.0013735245447605848,0.02984207682311535,0.008222267031669617,0.028793103992938995,0.06884565204381943,0.008425258100032806,0.007256368175148964,0.002798699541017413
169,1345,0.032989345490932465,0.0772215723991394,0.0535123273730278,0.09450165182352066,0.003706294810399413,0.03343671187758446,0.014566457830369473,0.025760648772120476,0.10892616957426071,0.01615879125893116,0.03933724761009216,0.034838300198316574
170,1346,6.208127160789445e-05,0.0071976981125772,0.0025758971460163593,0.0022399206645786762,1.2983235137653537e-05,0.0002510091580916196,4.644639557227492e-05,0.0003242178645450622,0.01167256198823452,0.000811845064163208,0.0008907672017812729,6.500720246549463e-06
171,1347,0.005112633109092712,0.03516692668199539,0.0017788951518014073,0.038220036774873734,7.186638868006412e-06,8.816431545710657e-06,0.006871066056191921,0.0001485376269556582,0.07259160280227661,0.011886957101523876,0.003752977354452014,0.004054913762956858
172,1348,0.0012272285530343652,0.0400363989174366,1.603589225851465e-07,0.037888750433921814,1.6202619690375286e-06,9.832567684497917e-07,0.002586431335657835,2.381170452281367e-05,0.0012748470762744546,0.0028487539384514093,0.00029837831971235573,0.0012065821792930365
173,1349,0.13844037055969238,0.2653728425502777,0.12656983733177185,0.3040011525154114,0.10211735963821411,0.36534932255744934,0.16157598793506622,0.3766074776649475,0.31327658891677856,0.20313581824302673,0.11718142777681351,0.12149962037801743
174,1350,0.0016343793831765652,0.07100336998701096,0.007102068513631821,0.021134614944458008,3.6829093005508184e-05,0.00048305964446626604,0.00030852420604787767,0.0028927852399647236,0.025999320670962334,0.005224991124123335,0.00984130334109068,0.0010619329987093806
175,1351,5.035692083765753e-06,0.0006020998116582632,1.3836056744764846e-09,0.0014684762572869658,2.9747260210655213e-09,3.99790651972598e-11,2.7940959625993855e-06,1.4167735873371612e-09,0.0050428942777216434,6.040695734554902e-05,1.3500086424755864e-05,7.27365659258794e-07
176,1352,0.0006747921579517424,0.003681160742416978,0.0017717108130455017,0.008907753974199295,6.435627710743574e-07,0.000436571950558573,0.00028973043663427234,0.0008154557435773313,0.010819786228239536,0.00038803910138085485,0.0010259818518534303,0.0002293033030582592
177,1353,0.8705140948295593,0.5084382891654968,0.3468284010887146,0.6421205997467041,0.20962032675743103,0.6397737860679626,0.887887179851532,0.7825738787651062,0.6621894836425781,0.6879035234451294,0.7577505111694336,0.8817529678344727
178,1354,0.0837332159280777,0.29877790808677673,0.18424426019191742,0.23887097835540771,0.12567879259586334,0.08891323953866959,0.10262748599052429,0.1290922462940216,0.2616739273071289,0.16923090815544128,0.11930125951766968,0.06530486047267914
179,1355,0.08275869488716125,0.19214171171188354,0.14328208565711975,0.23444864153862,0.12952828407287598,0.08057801425457001,0.0856451764702797,0.17800794541835785,0.3212543725967407,0.10222747921943665,0.16287223994731903,0.13529689610004425
180,1356,0.0031722274143248796,0.019205082207918167,0.011392557993531227,0.02460961416363716,0.0008596530533395708,0.00508477259427309,0.002445228397846222,0.006115795113146305,0.05010977387428284,0.005032924935221672,0.004562207963317633,0.0029409120324999094
181,1357,0.00804894883185625,0.05873984470963478,0.0003178264887537807,0.05542664974927902,7.736647376077599e-07,1.924126458163755e-08,0.008655422367155552,0.0006284518167376518,0.03488488495349884,0.02557496726512909,0.0006846119067631662,0.007983488030731678
182,1358,0.0028432640247046947,0.014009862206876278,0.017288563773036003,0.024416541680693626,0.008433807641267776,0.0014110376359894872,0.0011806642869487405,0.007143648341298103,0.05055658891797066,0.003970135003328323,0.005524512846022844,0.0014089469332247972
183,1359,0.02668330818414688,0.06526661664247513,0.03127782419323921,0.08199216425418854,0.0060699316672980785,0.01634683459997177,0.012339423410594463,0.01852090284228325,0.11862409114837646,0.01650383323431015,0.05224039405584335,0.028188129886984825
184,1360,0.2529743015766144,0.2980426847934723,0.19719727337360382,0.32462960481643677,0.039090074598789215,0.1082831472158432,0.2778829336166382,0.8600746393203735,0.20493105053901672,0.10456477850675583,0.04937632009387016,0.050987303256988525
185,1361,0.026364464312791824,0.12097427994012833,0.013268985785543919,0.06757745146751404,0.004308933392167091,0.014124074019491673,0.011823629029095173,0.019098462536931038,0.03748094663023949,0.014613191597163677,0.007485822308808565,0.029661566019058228
186,1362,0.003139766165986657,0.005629079882055521,0.0003558681928552687,0.012862658128142357,0.00012176253221696243,2.093224975396879e-05,0.002126640174537897,9.88453539321199e-05,0.028058648109436035,0.0009189274278469384,0.0018217145698145032,0.00514515396207571
187,1363,0.05090167745947838,0.14253436028957367,0.04673087224364281,0.20724226534366608,0.012367809191346169,0.0396789014339447,0.037239644676446915,0.03871754929423332,0.20496365427970886,0.04446685314178467,0.07185516506433487,0.04761584848165512
188,1364,0.01117027085274458,0.05528983846306801,0.011370276100933552,0.04078388214111328,0.00860203243792057,0.01703523099422455,0.009347209706902504,0.032639555633068085,0.060848865658044815,0.004424818325787783,0.013684785924851894,0.005286637227982283
189,1365,0.9280986189842224,0.5499643087387085,0.9518711566925049,0.752614438533783,0.9072816371917725,0.9801165461540222,0.9401959776878357,0.9991303086280823,0.879158079624176,0.9813660383224487,0.9917606115341187,0.9604029655456543
190,1366,0.1888846904039383,0.2419903427362442,0.13286584615707397,0.2263999730348587,0.07193756848573685,0.44700807332992554,0.09435127675533295,0.12091810256242752,0.3162267506122589,0.04781173914670944,0.163906991481781,0.26961833238601685
191,1367,0.048460785299539566,0.12687300145626068,0.010635152459144592,0.17620576918125153,0.003815123112872243,0.035181231796741486,0.06297450512647629,0.01021869108080864,0.14960354566574097,0.02271898090839386,0.024149253964424133,0.03744688630104065
192,1368,0.08733145892620087,0.14678221940994263,0.10803968459367752,0.11814440041780472,0.12487340718507767,0.005578247830271721,0.09058190137147903,0.14253361523151398,0.11963498592376709,0.06932579725980759,0.022829914465546608,0.09141473472118378
193,1369,0.745537281036377,0.25838834047317505,0.2435409426689148,0.29984593391418457,0.3266974687576294,0.3365793824195862,0.7563037276268005,0.815462589263916,0.8225647211074829,0.685278058052063,0.506048858165741,0.1444540172815323
194,1370,0.00039088568883016706,0.0037973911967128515,2.9113464279362233e-06,0.005556900519877672,1.1090691032222821e-06,3.8301364838844165e-05,0.0007164248963817954,6.284393748501316e-05,0.0020254652481526136,0.0005012349574826658,5.20493631483987e-05,4.6568806283175945e-05
195,1371,0.000916479155421257,0.004718183074146509,0.0005687604425475001,0.009179405868053436,3.494290240269038e-06,0.0001287580089410767,0.0008538389811292291,0.0001467785332351923,0.04085060954093933,0.0020604459568858147,0.004403320606797934,0.0005048633320257068
196,1372,0.0016220518155023456,0.01872543804347515,0.006018470507115126,0.01733429729938507,0.00043657858623191714,0.0016723861917853355,0.0013985390542075038,0.0021771788597106934,0.02982291206717491,0.0047989957965910435,0.004260748624801636,0.0034964235965162516
197,1373,0.0012011302169412374,0.006323774810880423,9.086004126857006e-08,0.005621480755507946,3.6881260712107178e-06,1.897419998897476e-08,0.0007741588051430881,3.379608983777871e-07,0.0020467133726924658,0.000500286987517029,0.0001283077144762501,0.00020490743918344378
198,1374,0.00027200623298995197,0.004324429202824831,0.0027216505259275436,0.017009124159812927,2.416140354455365e-08,0.0004813302948605269,0.0010421506594866514,0.0018224525265395641,0.08765298873186111,0.0014913077466189861,0.0014949034666642547,0.00010056611790787429
199,1375,0.943833589553833,0.5256870985031128,0.5061488151550293,0.6784682869911194,0.4167332947254181,0.8021264672279358,0.96842360496521,0.7691000699996948,0.9188947081565857,0.6715532541275024,0.6553401350975037,0.3016001284122467
200,1376,0.0012696764897555113,0.015124817378818989,0.0017779301851987839,0.008498250506818295,0.005408231168985367,0.00013606228458229452,0.0011977199465036392,0.000524657079949975,0.03838064894080162,0.001743011875078082,0.0012692846357822418,0.0006561038899235427
201,1377,0.0006309739546850324,0.005184080917388201,9.139598842011765e-05,0.006836168002337217,1.402112320647575e-05,1.2800482807051594e-07,0.00037855992559343576,2.809408897519461e-06,0.011518166400492191,0.00031234530615620315,0.0003173771547153592,0.0005075988592579961
202,1378,0.019640253856778145,0.025515887886285782,0.028737960383296013,0.1081995815038681,0.007275526411831379,0.0037162350490689278,0.016458949074149132,0.02994135580956936,0.11557970941066742,0.017037823796272278,0.0382998026907444,0.031085792928934097
203,1379,0.9632979035377502,0.5304201245307922,0.9999879598617554,0.6612012982368469,0.999832272529602,0.999992847442627,0.969843864440918,1.0,0.9731897115707397,0.9939543604850769,0.9972001314163208,0.890740156173706
204,1380,0.04161260649561882,0.13201457262039185,0.11238378286361694,0.16920039057731628,0.008865805342793465,0.038337450474500656,0.04092593118548393,0.06418170034885406,0.2058277577161789,0.07641234248876572,0.06816467642784119,0.018814630806446075
205,1381,0.03216924890875816,0.08248338103294373,0.027436982840299606,0.08444177359342575,0.05978536605834961,0.09169238805770874,0.030883271247148514,0.03495306521654129,0.2217320054769516,0.01779407635331154,0.0274506863206625,0.017965242266654968
206,1382,0.060986511409282684,0.050468266010284424,0.06409206986427307,0.13173769414424896,0.041737038642168045,0.12443675100803375,0.08354827016592026,0.033443938940763474,0.11549615859985352,0.014611130580306053,0.04819619283080101,0.012513317167758942
207,1383,0.00968189537525177,0.10058888792991638,0.002541515976190567,0.04833158478140831,0.0009253470343537629,0.004845950286835432,0.009665788151323795,0.005131518002599478,0.04106057435274124,0.010970834642648697,0.007043085992336273,0.014440751634538174
208,1384,0.3942888081073761,0.4863065481185913,0.47984418272972107,0.4902273714542389,0.2179836928844452,0.3077838718891144,0.339942067861557,0.12086279690265656,0.4432280361652374,0.3572351038455963,0.31232234835624695,0.42525142431259155
209,1385,0.0223064087331295,0.14822551608085632,0.07442580908536911,0.11841996759176254,0.05805971100926399,0.04842379316687584,0.018272124230861664,0.014937618747353554,0.18199318647384644,0.01279070507735014,0.03087824396789074,0.0012467489577829838
210,1386,0.13539424538612366,0.31488242745399475,0.31886571645736694,0.23129048943519592,0.14834576845169067,0.29497867822647095,0.13826055824756622,0.18967396020889282,0.1890469640493393,0.15395978093147278,0.1368858367204666,0.16994190216064453
211,1387,0.018085451796650887,0.029860947281122208,0.04459522292017937,0.06536675244569778,0.005400954280048609,0.04605100303888321,0.013122567906975746,0.018467722460627556,0.061998505145311356,0.013824834488332272,0.025707602500915527,0.015428145416080952
212,1388,1.4547002137987874e-05,0.0004698219709098339,6.949433100089664e-06,0.0004900002386420965,6.275148223267024e-08,1.5451128092536237e-06,2.9161788006604183e-06,1.25688359275955e-06,0.0008253047126345336,6.6512179728306364e-06,5.974110081297113e-06,3.068568048547604e-07
213,1389,0.014400117099285126,0.07083283364772797,0.0023484318517148495,0.03861219808459282,0.0002676123986020684,0.004524051211774349,0.015556668862700462,0.0003088123048655689,0.03996529057621956,0.013030395843088627,0.006569820921868086,0.030159126967191696
214,1390,0.29663529992103577,0.5358294248580933,0.842016339302063,0.6147863268852234,0.8511145710945129,0.28948524594306946,0.2679704427719116,0.7335985898971558,0.7738404273986816,0.32383498549461365,0.7080051898956299,0.0413447842001915
215,1391,0.9299317002296448,0.5242592692375183,0.9998857975006104,0.7416386604309082,0.9072816371917725,0.9714056253433228,0.9528803825378418,0.9869545102119446,0.8923868536949158,0.7886986136436462,0.9707377552986145,0.4971056282520294
216,1392,0.008456271141767502,0.031389109790325165,0.00823946762830019,0.027646558359265327,0.007103366311639547,0.00565379299223423,0.006532719358801842,0.017046267166733742,0.07159111648797989,0.006684563122689724,0.014884567819535732,0.00669650686904788
217,1393,0.01118453685194254,0.03972227871417999,0.018004676327109337,0.04208338260650635,0.00410038884729147,0.012519368901848793,0.007760404143482447,0.017864912748336792,0.13000977039337158,0.007770276162773371,0.031209176406264305,0.01742723397910595
218,1394,0.00025053240824490786,0.012948257848620415,0.0049506863579154015,0.008116032928228378,0.0021564089693129063,0.0011336429743096232,0.00011535399971762672,0.000895604956895113,0.08210619539022446,0.0013228988973423839,0.0006429906352423131,0.0009736620122566819
219,1395,0.46024632453918457,0.5017381906509399,0.3797738254070282,0.7416386604309082,0.8925536274909973,0.6397737860679626,0.5311715006828308,0.8446919918060303,0.6205179691314697,0.6139753460884094,0.3885583281517029,0.3653656840324402
220,1396,0.9757856726646423,0.5499643087387085,0.8492192625999451,0.7416386604309082,0.9072816371917725,0.9183684587478638,0.9769375324249268,0.8446919918060303,0.6761936545372009,0.8982483148574829,0.7516207695007324,0.9803198575973511
221,1397,0.00015817975508980453,0.003933562897145748,0.0023033383768051863,0.0033513440284878016,4.193884706182871e-06,1.3693259461433627e-05,4.128639193368144e-05,0.00015951611567288637,0.015490035526454449,0.00040459699812345207,0.0007278971024788916,1.2998584679735359e-05
222,1398,1.4831393855274655e-05,0.003715764032676816,3.1397405564348446e-07,0.0008880984969437122,1.1655712839342414e-08,8.475810631125569e-08,2.832202198987943e-06,4.2470716721254576e-08,0.002247302792966366,6.0846516134915873e-05,9.092589607462287e-06,2.2313346903501952e-07
223,1399,0.004986240062862635,0.025207191705703735,0.00528473686426878,0.011398924514651299,0.0024682695511728525,0.005098255351185799,0.0029336349107325077,0.00029417360201478004,0.03448688983917236,0.0019624189008027315,0.002578904153779149,0.0007328304345719516
224,1400,0.05921361595392227,0.06432162970304489,0.037962656468153,0.20228353142738342,0.0514846034348011,0.0011812200536951423,0.06324084848165512,0.024538330733776093,0.12614525854587555,0.04361392557621002,0.010660378262400627,0.013888017274439335
225,1401,0.012394537217915058,0.08964737504720688,0.0008576942491345108,0.21548615396022797,2.3222996503591276e-07,0.001287821214646101,0.09294689446687698,0.0026436285115778446,0.1716727465391159,0.07622692734003067,0.016217974945902824,0.025342432782053947
226,1402,0.21312250196933746,0.414641797542572,0.23187141120433807,0.4702070355415344,0.3397018313407898,0.2676554024219513,0.29722586274147034,0.5482911467552185,0.38787636160850525,0.1304357498884201,0.24345889687538147,0.14328694343566895
227,1403,0.36548465490341187,0.49378854036331177,0.4107140600681305,0.42928197979927063,0.4022863209247589,0.22675612568855286,0.39939042925834656,0.21410761773586273,0.4391844868659973,0.3878277838230133,0.3666858673095703,0.35290226340293884
228,1404,0.011414937674999237,0.036448538303375244,0.0007506310939788818,0.021155154332518578,5.751616754423594e-06,0.0002166181948268786,0.0049597593024373055,0.00010549976286711171,0.04907577112317085,0.001799902762286365,0.008947184309363365,0.0008367326227016747
229,1405,1.4208846550900489e-05,0.006933353841304779,1.060563050714336e-07,0.0012472596717998385,6.842234209735712e-16,2.6159197030750647e-09,1.49843390317983e-05,2.3882836330813006e-07,0.0006102743791416287,8.9175948232878e-05,3.475787707429845e-06,9.911529559758492e-06
230,1406,0.07984604686498642,0.032404836267232895,0.3569079041481018,0.10857124626636505,0.0918487161397934,0.19873563945293427,0.0672810822725296,0.0753806084394455,0.16069982945919037,0.06494191288948059,0.06888284534215927,0.023669788613915443
231,1407,0.019172443076968193,0.09836147725582123,0.01300081517547369,0.06879078596830368,0.01657121814787388,0.021077638491988182,0.010371836833655834,0.009199959225952625,0.10304128378629684,0.01157723180949688,0.012647151947021484,0.01812947727739811
232,1408,0.02750018984079361,0.11342979222536087,0.09315258264541626,0.12076083570718765,0.0017022638348862529,0.11645598709583282,0.02461741678416729,0.06351172178983688,0.15667824447155,0.029496027156710625,0.038042500615119934,0.011934810318052769
233,1409,0.2445894479751587,0.310271292924881,0.3488644063472748,0.3211134672164917,0.1948523372411728,0.06662993878126144,0.24094121158123016,0.15761755406856537,0.32518985867500305,0.22672060132026672,0.19643981754779816,0.08462085574865341
234,1410,0.0002590157091617584,0.007522376719862223,0.00020309421233832836,0.009123818017542362,2.1123418264323846e-05,1.749257899064105e-05,8.287531818496063e-05,0.002383137121796608,0.016759123653173447,0.0018455303506925702,0.0022713697981089354,7.810425449861214e-05
235,1411,0.033215392380952835,0.021163800731301308,0.013918050564825535,0.0494808591902256,0.0050611337646842,0.052123550325632095,0.030790546908974648,0.05037663131952286,0.3699912130832672,0.015388726256787777,0.03765776753425598,0.0154534000903368
236,1412,0.0038496411871165037,0.0273517407476902,0.0005246825749054551,0.019738737493753433,7.478993666154565e-06,0.00013231157208792865,0.003135007107630372,0.0009046971099451184,0.025427846238017082,0.005239644553512335,0.0032060244120657444,0.0012161434860900044
237,1413,0.41459277272224426,0.3615356683731079,0.25634661316871643,0.5527980923652649,0.1935751736164093,0.272599458694458,0.4162551164627075,0.8544698357582092,0.909451425075531,0.26870983839035034,0.7575340867042542,0.21184389293193817
238,1414,0.0032393161673098803,0.20907823741436005,0.00033783994149416685,0.052929747849702835,0.058003537356853485,5.906417572987266e-05,0.0035362879280000925,3.660670927274623e-06,0.02389058656990528,0.07313887029886246,0.0025436419527977705,0.006670981179922819
239,1415,0.01684604398906231,0.1610594242811203,0.021191036328673363,0.1029137670993805,0.0060807690024375916,0.010205316357314587,0.016562649980187416,0.01699637994170189,0.14249590039253235,0.014522852376103401,0.01727231964468956,0.0017086350126191974
240,1416,0.0006137051968835294,0.004804793279618025,0.0005544762243516743,0.006248165853321552,0.00014793689479120076,6.142806523712352e-05,0.0011605489999055862,0.00044683576561510563,0.007506664842367172,0.0030298910569399595,0.0011434467742219567,0.00034327938919886947
241,1417,0.023327384144067764,0.17457692325115204,0.17564868927001953,0.13649725914001465,0.03890223056077957,0.10188214480876923,0.012750529684126377,0.033221494406461716,0.26228728890419006,0.051361680030822754,0.06674739718437195,0.02976909838616848
242,1418,0.11828447133302689,0.10343263298273087,0.07245665788650513,0.1283625364303589,0.09415020793676376,0.026295548304915428,0.07743463665246964,0.044441405683755875,0.12861615419387817,0.03361359238624573,0.03285029157996178,0.05192190036177635
243,1419,0.09693268686532974,0.04433344677090645,0.07104320079088211,0.17852364480495453,0.029862286522984505,0.06924480944871902,0.06980191171169281,0.050101034343242645,0.14368288218975067,0.03125328570604324,0.024984871968626976,0.008787345141172409
244,1420,0.0002529030607547611,0.0036995995324105024,0.0034005434717983007,0.005879861302673817,4.2257001041434705e-05,0.00038607153692282736,0.00018359751265961677,0.0010002627968788147,0.013513981364667416,0.000735175795853138,0.0011883717961609364,0.0006135853473097086
245,1421,2.5390938390046358e-05,0.00235500349663198,1.986022880373639e-06,0.0008618396241217852,5.308724987385105e-11,6.02516481151838e-10,1.3836776815878693e-05,2.106474816798709e-08,0.0003613136650528759,0.00030133372638374567,1.1707194971677382e-05,4.200180774205364e-05
246,1422,0.16089801490306854,0.4001838266849518,0.2119179666042328,0.3286190927028656,0.7374957203865051,0.23174616694450378,0.21807456016540527,0.2191486805677414,0.7008175253868103,0.14684531092643738,0.8208341598510742,0.28108564019203186
247,1423,0.019500814378261566,0.11949852108955383,0.022627275437116623,0.0818537175655365,0.015582776628434658,0.01837884448468685,0.01372409425675869,0.01624258980154991,0.10334601998329163,0.01944143883883953,0.030748261138796806,0.018177922815084457
248,1424,0.00028628006111830473,0.01081266812980175,0.00035074373590759933,0.0035185432061553,2.2481850464828312e-05,0.00041335137211717665,0.0003958524321205914,4.260909554432146e-05,0.015962058678269386,0.0003616479807533324,0.0008813465829007328,0.00021356026991270483
249,1425,0.01463138498365879,0.02848781831562519,0.024946486577391624,0.044362809509038925,0.0014425416011363268,0.010155641473829746,0.010861150920391083,0.029281528666615486,0.06973190605640411,0.022060241550207138,0.01964658871293068,0.012548470869660378
250,1426,0.2915531396865845,0.495567262172699,0.24066688120365143,0.6860403418540955,0.8995016813278198,0.31223613023757935,0.27184176445007324,0.4423050880432129,0.4133814573287964,0.3319322168827057,0.2431860715150833,0.037884507328271866
251,1427,0.028538215905427933,0.11136399954557419,0.05543245002627373,0.1896214336156845,0.04675408825278282,0.033737946301698685,0.033205483108758926,0.039885908365249634,0.14270544052124023,0.062262989580631256,0.07032029330730438,0.06120438873767853
252,1428,0.0220954567193985,0.1017293632030487,0.029608719050884247,0.1642788052558899,0.001861636876128614,0.014517511241137981,0.026213906705379486,0.02177051082253456,0.12368085980415344,0.03000991977751255,0.03859047591686249,0.019375119358301163
253,1429,0.04378236085176468,0.11473067849874496,0.026887964457273483,0.1358395218849182,0.0033756738994270563,0.029150547459721565,0.04399113729596138,0.00739809637889266,0.1407495141029358,0.0376950241625309,0.06453583389520645,0.04397040605545044
254,1430,0.0017340346239507198,0.011754444800317287,1.138865809480194e-05,0.025050831958651543,0.0001816690928535536,7.339183705212804e-10,0.0005607257480733097,0.00044629620970226824,0.28428468108177185,0.02532586269080639,0.0019554062746465206,0.0003162240027450025
255,1431,0.004698122385889292,0.0434618778526783,0.004224644973874092,0.02141181379556656,0.000779965310357511,0.006707493215799332,0.005000130273401737,0.002137703588232398,0.04942280426621437,0.004255583044141531,0.010630602017045021,0.008638063445687294
256,1432,0.0006936751888133585,0.039771679788827896,0.00022479111794382334,0.014164420776069164,7.610673868896356e-09,0.0001442125503672287,0.0008532899664714932,5.198051439947449e-05,0.012140088714659214,0.0024663505610078573,0.00031129710259847343,0.0015349122695624828
257,1433,0.0030190760735422373,0.09216409921646118,0.00650804815813899,0.09211746603250504,0.0021461914293468,0.005979816894978285,0.0022598064970225096,0.006711125373840332,0.1471630483865738,0.007297981530427933,0.01102658361196518,0.007363169454038143
258,1434,0.04307250678539276,0.1490427702665329,0.03764526546001434,0.17869602143764496,0.03243917599320412,0.025626709684729576,0.022121813148260117,0.006572625134140253,0.1506253480911255,0.04753308370709419,0.10789722949266434,0.009416809305548668
259,1435,0.06420128792524338,0.17652583122253418,0.08985726535320282,0.2383662313222885,0.09382498264312744,0.10345135629177094,0.09010826051235199,0.16500264406204224,0.2556192874908447,0.08841117471456528,0.11887282133102417,0.16033583879470825
260,1436,0.4842212498188019,0.3843640983104706,0.28660455346107483,0.7193909287452698,0.2005458027124405,0.3022894859313965,0.47771626710891724,0.8446919918060303,0.4630289673805237,0.37090739607810974,0.2884558439254761,0.36038994789123535
261,1437,0.0009118423913605511,0.0038715547416359186,0.00010996157652698457,0.006662650965154171,3.1128056576790186e-08,6.6353222791804e-06,0.000380529003450647,4.7052340960362926e-05,0.012440891936421394,0.0004268048796802759,0.00039363937685266137,0.00014392791490536183
262,1438,0.9454491138458252,0.5499643087387085,0.9999997615814209,0.7416386604309082,0.9968061447143555,0.9956366419792175,0.9575350284576416,0.9999933242797852,0.9327874779701233,0.9974741339683533,0.9962586164474487,0.9244785904884338
263,1439,0.005702767055481672,0.048465095460414886,0.016828346997499466,0.02208605222404003,0.005225342698395252,0.008312782272696495,0.0031458893790841103,0.010546511970460415,0.0477532260119915,0.010117046535015106,0.022459419444203377,0.009803728200495243
264,1440,0.0005639765877276659,0.0011595484102144837,0.00010852164996322244,0.002407786902040243,4.788536216437933e-07,1.3145596540198312e-06,0.00015338094090111554,1.4608783203584608e-05,0.0022933620493859053,0.00018612848361954093,0.00010941630898742005,8.945308945840225e-05
265,1441,2.334101509404718e-06,0.0012980427127331495,4.876903858530568e-08,0.0006126346415840089,2.425610493711483e-12,7.162856974218812e-10,1.354518644802738e-06,9.801213174398526e-09,0.00010880784975597635,1.7335114534944296e-05,8.675431786286936e-07,9.447261959394382e-07
266,1442,0.25056809186935425,0.3714315593242645,0.7384493947029114,0.5437230467796326,0.8747592568397522,0.6397737860679626,0.3779647946357727,0.8064945340156555,0.6777874827384949,0.3231181502342224,0.5901174545288086,0.5710022449493408
267,1443,0.18718193471431732,0.33397385478019714,0.00275395973585546,0.24960511922836304,0.0037020554300397635,0.01984657719731331,0.24424141645431519,0.0343792550265789,0.24061155319213867,0.10163874179124832,0.06339547038078308,0.1726316511631012
268,1444,0.23444470763206482,0.5329451560974121,0.06372189521789551,0.3764053285121918,0.003922765608876944,0.004898016341030598,0.27034980058670044,0.04623958468437195,0.3206542432308197,0.47913655638694763,0.11689651757478714,0.03740796819329262
269,1445,2.5523710064589977e-05,0.004405944608151913,4.813292662220192e-07,0.001481096027418971,5.7391039837151325e-11,4.0205600271292496e-07,8.409694419242442e-05,3.047369432351843e-07,0.0006588201504200697,0.000124042242532596,2.2198435544851236e-05,4.052163058076985e-05
270,1446,0.0018561461474746466,0.028947738930583,0.01130769681185484,0.015016095712780952,0.0015718035865575075,0.0024568429216742516,0.0011822140077129006,0.0034045581705868244,0.06726362556219101,0.0045388625003397465,0.008592708967626095,0.000266816234216094
271,1447,0.01936500146985054,0.21108777821063995,0.028835272416472435,0.14835511147975922,0.0008329710690304637,0.0025870674289762974,0.007382125593721867,0.0037650899030268192,0.13864050805568695,0.021134240552783012,0.029219605028629303,0.03377649560570717
272,1448,0.00030924068414606154,0.002430228516459465,1.248722128366353e-06,0.0028975289314985275,1.2114915293182094e-08,3.6650897072831867e-07,9.17488505365327e-05,1.8308255675947294e-05,0.004473614040762186,0.0001939507492352277,0.0001486012333771214,8.954739314503968e-05
273,1449,0.1822149157524109,0.22892817854881287,0.14302556216716766,0.3470432758331299,0.10579121112823486,0.24145157635211945,0.25370094180107117,0.15351979434490204,0.22960078716278076,0.12847073376178741,0.12996728718280792,0.3142072260379791
274,1450,0.06762252002954483,0.19890515506267548,0.1177482008934021,0.232925683259964,0.17851389944553375,0.10083767771720886,0.04525231942534447,0.14143222570419312,0.26606062054634094,0.08714684844017029,0.08205296844244003,0.023514198139309883
275,1451,0.0008933745557442307,0.005191244184970856,0.0028891207184642553,0.007252837996929884,0.010699777863919735,0.00043857074342668056,0.0003365675511304289,0.009937675669789314,0.031197354197502136,0.0021071084775030613,0.005552522838115692,0.00012660767242778093
276,1452,0.022430308163166046,0.013847620226442814,0.006249282043427229,0.06114833056926727,0.0017721990589052439,0.0007452608551830053,0.016487501561641693,0.003724869340658188,0.05931632220745087,0.009989123791456223,0.011890402995049953,0.00918442104011774
277,1453,0.045786820352077484,0.11302950978279114,0.11943306773900986,0.1973067671060562,0.004702702164649963,0.032085102051496506,0.04763701930642128,0.049748655408620834,0.12338397651910782,0.04786121845245361,0.05379614606499672,0.0403665266931057
278,1454,0.04726552218198776,0.059839557856321335,0.051455315202474594,0.0670032873749733,0.0007791362586431205,0.0032535765785723925,0.030664147809147835,0.01376385148614645,0.13449600338935852,0.02084195613861084,0.029538659378886223,0.013865864835679531
279,1455,0.025807932019233704,0.13628967106342316,0.018681636080145836,0.11223112046718597,0.04713800922036171,0.03507884591817856,0.030751649290323257,0.028984077274799347,0.14827507734298706,0.01540315430611372,0.02493978478014469,0.020565016195178032
280,1456,0.07716831564903259,0.10366696119308472,0.18593686819076538,0.15024931728839874,0.10301118344068527,0.06374725699424744,0.08328549563884735,0.06350793689489365,0.23440144956111908,0.05573388561606407,0.029041657224297523,0.006416361313313246
281,1457,0.0011208737269043922,0.010324541479349136,0.0005587661289609969,0.008345401845872402,1.4293489584815688e-05,0.00020811612193938345,0.0014065960422158241,0.0004877992323599756,0.008646180853247643,0.0006196339963935316,0.00047405986697413027,0.00030986987985670567
282,1458,0.010779689997434616,0.027549145743250847,0.004844857845455408,0.05381493642926216,0.0015187712851911783,0.0037885282654315233,0.009795866906642914,0.0031637961510568857,0.032890092581510544,0.0028606061823666096,0.01124330423772335,0.0080183707177639
283,1459,0.12053800374269485,0.17417438328266144,0.23846691846847534,0.19013185799121857,0.037977490574121475,0.040632396936416626,0.10715560615062714,0.07801660895347595,0.20610873401165009,0.0532633475959301,0.07082101702690125,0.1041126549243927
284,1460,0.28396710753440857,0.3788589835166931,0.2573816180229187,0.4839172065258026,0.3147585391998291,0.42793717980384827,0.22868137061595917,0.2228044718503952,0.3730807304382324,0.20129267871379852,0.42848145961761475,0.10705699026584625
285,1461,0.6357235908508301,0.31420719623565674,0.8492192625999451,0.5267816781997681,0.5922355651855469,0.3789883852005005,0.5667887926101685,0.9827731847763062,0.6053842902183533,0.6950241923332214,0.8394947648048401,0.8937541246414185
286,1462,0.16108280420303345,0.3903501629829407,0.13287729024887085,0.3278541564941406,0.49538710713386536,0.133732870221138,0.1846574991941452,0.11416628211736679,0.32486259937286377,0.07294445484876633,0.20530188083648682,0.10239197313785553
287,1463,0.00034637245698831975,0.0026402799412608147,0.0010115827899426222,0.0021364286076277494,7.838422675376933e-07,0.00022441422333940864,9.747678996063769e-05,3.64591323886998e-05,0.005573414731770754,0.0002125601895386353,0.0008652160177007318,0.0003325690922793001
288,1464,0.10010471940040588,0.36609482765197754,0.13865678012371063,0.24918204545974731,0.04182920232415199,0.08801839500665665,0.11729670315980911,0.10558488219976425,0.4458814263343811,0.08852305263280869,0.1860470026731491,0.13033975660800934
289,1465,0.002012144308537245,0.007352568209171295,0.001006297068670392,0.012569931335747242,0.00020157131075393409,0.00937646720558405,0.0009368789033032954,0.0043724300339818,0.03402331471443176,0.001041699550114572,0.0019597476348280907,0.00022968140547163785
290,1466,0.021754004061222076,0.027408458292484283,0.0037349711637943983,0.02402692660689354,0.0002268042735522613,0.0026194718666374683,0.010231397114694118,0.0034205070696771145,0.07161394506692886,0.0024253216106444597,0.0088760145008564,0.005253164563328028
291,1467,0.0036232052370905876,0.006074872799217701,0.023049142211675644,0.014595000073313713,1.799041456251871e-05,0.002213672734797001,0.0030111351516097784,0.0026920686941593885,0.060753289610147476,0.003360155038535595,0.002879214473068714,0.005992962513118982
292,1468,0.009617955423891544,0.024780863896012306,0.0021267756819725037,0.026688285171985626,0.0003713979967869818,0.00012480358418542892,0.004924402572214603,0.000904400716535747,0.037369146943092346,0.006655529607087374,0.00709931505843997,0.005538929719477892
293,1469,0.06037813797593117,0.08416171371936798,0.11072256416082382,0.12592099606990814,0.0011917906813323498,0.12497315555810928,0.05139123648405075,0.06214045733213425,0.22163134813308716,0.06191142648458481,0.07201482355594635,0.09711472690105438
