,Expr-140-ep-7.pt,Expr-26-ep-2.pt,Expr-27-ep-9.pt,Expr-374-ep-3.pt,Expr-384-ep-12.pt,Expr-427-ep-8.pt,Expr-544-ep-7.pt,Expr-628-ep-9.pt,Expr-702-ep-6.pt,Expr-91-ep-4.pt,Expr-935-ep-5.pt,Expr-94-ep-6.pt
Age,0.013605469749087384,0.013605431634552634,-0.003401387710960546,0.023809546516055158,0.0034013500018995613,0.010204092580444968,0.006802732036227277,0.006802693921692526,0.006802710546117252,0.010204071090334943,0.0034013500018995613,0.017006830293305075
DailyRate,0.0034013333774748356,0.006802693921692526,0.0034013500018995613,0.010204071090334943,1.0947791895254966e-08,1.5813477194370762e-08,-5.676632830464712e-09,0.023809508401520407,0.010204109204869694,0.006802732036227277,0.0034013500018995613,0.010204092580444968
DistanceFromHome,0.020408147857302716,0.030612246114380515,0.013605426768867335,0.023809546516055158,0.020408164481727442,0.0034013548675848604,0.020408147857302716,0.02040816934741274,0.023809525025945133,0.027210885570162824,0.02721090219458755,0.02721090706027285
Gender,-5.676632830464712e-09,1.5813477194370762e-08,0.0034013500018995613,0.006802732036227277,1.0947791895254966e-08,0.010204092580444968,-5.676632830464712e-09,0.010204092580444968,0.010204109204869694,0.0034013333774748356,0.0034013500018995613,0.0034013548675848604
HourlyRate,0.006802732036227277,0.0034013548675848604,-0.003401387710960546,0.01700680880319505,1.0947791895254966e-08,0.0034013548675848604,0.006802732036227277,0.013605431634552634,0.017006787313085026,0.013605469749087384,0.010204087714759669,1.5813477194370762e-08
MonthlyIncome,0.0034013333774748356,0.013605431634552634,0.006802748660652003,0.010204071090334943,-0.003401387710960546,0.0034013548675848604,0.006802732036227277,0.006802693921692526,0.010204109204869694,0.006802732036227277,1.0947791895254966e-08,1.5813477194370762e-08
MonthlyRate,0.006802732036227277,1.5813477194370762e-08,0.006802748660652003,0.01700680880319505,0.006802748660652003,0.0034013548675848604,-5.676632830464712e-09,1.5813477194370762e-08,0.010204109204869694,0.013605469749087384,0.020408164481727442,0.006802693921692526
OverTime,0.05102043776285081,0.03401358516848818,0.023809503535835108,0.04081630139123826,0.05102039478263076,0.05782313736117617,0.04081630139123826,0.044217661935455954,0.034013601792912906,0.044217700049990705,0.030612241248695216,0.023809508401520407
PercentSalaryHike,0.013605469749087384,0.010204092580444968,0.006802748660652003,0.0034013333774748356,0.0034013500018995613,0.013605431634552634,0.006802732036227277,0.023809508401520407,0.023809525025945133,0.0034013333774748356,0.006802748660652003,0.006802693921692526
PerformanceRating,-0.0034013447307404965,1.5813477194370762e-08,1.0947791895254966e-08,-5.676632830464712e-09,-0.003401387710960546,0.0034013548675848604,-5.676632830464712e-09,1.5813477194370762e-08,0.006802710546117252,-5.676632830464712e-09,0.006802748660652003,1.5813477194370762e-08
TotalWorkingYears,0.006802732036227277,0.0034013548675848604,0.020408164481727442,0.0034013333774748356,0.0034013500018995613,0.006802693921692526,0.010204071090334943,1.5813477194370762e-08,0.01360544825897736,0.0034013333774748356,0.010204087714759669,0.010204092580444968
YearsAtCompany,-0.0034013447307404965,0.006802693921692526,1.0947791895254966e-08,0.010204071090334943,0.010204087714759669,0.0034013548675848604,0.010204071090334943,-0.010204060953490579,0.017006787313085026,-5.676632830464712e-09,0.0034013500018995613,0.0034013548675848604
YearsInCurrentRole,-5.676632830464712e-09,0.013605431634552634,0.017006825427619776,0.023809546516055158,0.020408164481727442,0.017006830293305075,0.027210885570162824,0.006802693921692526,0.023809525025945133,0.006802732036227277,0.013605426768867335,0.010204092580444968
YearsSinceLastPromotion,0.010204071090334943,0.03741498382724062,0.010204087714759669,0.013605469749087384,0.030612241248695216,0.010204092580444968,0.03061222462427049,0.02040816934741274,0.020408185971837467,0.013605469749087384,0.013605426768867335,0.013605431634552634
YearsWithCurrManager,0.020408147857302716,0.030612246114380515,0.010204087714759669,0.03061222462427049,0.010204087714759669,0.013605431634552634,0.013605469749087384,0.03401358516848818,0.01360544825897736,0.006802732036227277,0.010204087714759669,0.013605431634552634
BusinessTravel_Non-Travel,0.01700680880319505,0.006802693921692526,0.010204087714759669,0.0034013333774748356,1.0947791895254966e-08,0.010204092580444968,0.013605469749087384,0.0034013548675848604,0.017006787313085026,0.0034013333774748356,0.006802748660652003,0.006802693921692526
BusinessTravel_Travel_Frequently,0.0034013333774748356,0.013605431634552634,-0.003401387710960546,0.0034013333774748356,0.010204087714759669,0.006802693921692526,-0.0034013447307404965,0.0034013548675848604,0.003401371492009586,0.01700680880319505,0.0034013500018995613,0.006802693921692526
BusinessTravel_Travel_Rarely,-0.0034013447307404965,0.0034013548675848604,0.0034013500018995613,0.0034013333774748356,-0.003401387710960546,0.013605431634552634,-5.676632830464712e-09,0.0034013548675848604,0.006802710546117252,0.0034013333774748356,0.006802748660652003,0.0034013548675848604
Department_Human Resources,-5.676632830464712e-09,1.5813477194370762e-08,1.0947791895254966e-08,-0.0034013447307404965,1.0947791895254966e-08,-0.006802721899382913,-5.676632830464712e-09,1.5813477194370762e-08,-2.7166742855300186e-08,-0.0034013447307404965,1.0947791895254966e-08,0.0034013548675848604
Department_Research & Development,0.006802732036227277,0.0034013548675848604,-0.003401387710960546,0.013605469749087384,0.0034013500018995613,0.0034013548675848604,0.006802732036227277,0.010204092580444968,0.010204109204869694,0.010204071090334943,0.010204087714759669,0.006802693921692526
Department_Sales,0.013605469749087384,0.0034013548675848604,-0.003401387710960546,0.006802732036227277,0.0034013500018995613,1.5813477194370762e-08,0.0034013333774748356,0.0034013548675848604,0.003401371492009586,0.013605469749087384,0.0034013500018995613,0.0034013548675848604
EducationField_Human Resources,-5.676632830464712e-09,1.5813477194370762e-08,1.0947791895254966e-08,-5.676632830464712e-09,0.0034013500018995613,1.5813477194370762e-08,-5.676632830464712e-09,1.5813477194370762e-08,-2.7166742855300186e-08,-5.676632830464712e-09,1.0947791895254966e-08,0.0034013548675848604
EducationField_Life Sciences,-5.676632830464712e-09,0.006802693921692526,0.0034013500018995613,0.006802732036227277,-0.003401387710960546,0.0034013548675848604,0.006802732036227277,0.010204092580444968,0.006802710546117252,0.010204071090334943,0.006802748660652003,0.006802693921692526
EducationField_Marketing,0.0034013333774748356,0.0034013548675848604,0.0034013500018995613,-0.0034013447307404965,0.010204087714759669,-0.003401382845275247,0.0034013333774748356,0.006802693921692526,0.006802710546117252,0.0034013333774748356,0.0034013500018995613,1.5813477194370762e-08
EducationField_Medical,0.023809546516055158,0.013605431634552634,0.0034013500018995613,0.010204071090334943,1.0947791895254966e-08,0.017006830293305075,0.013605469749087384,0.017006830293305075,0.003401371492009586,0.010204071090334943,0.006802748660652003,0.0034013548675848604
EducationField_Other,-5.676632830464712e-09,1.5813477194370762e-08,1.0947791895254966e-08,-5.676632830464712e-09,0.006802748660652003,1.5813477194370762e-08,0.0034013333774748356,-0.003401382845275247,0.003401371492009586,0.0034013333774748356,1.0947791895254966e-08,1.5813477194370762e-08
EducationField_Technical Degree,0.0034013333774748356,0.013605431634552634,1.0947791895254966e-08,0.006802732036227277,0.0034013500018995613,0.0034013548675848604,0.0034013333774748356,-0.003401382845275247,0.003401371492009586,-5.676632830464712e-09,0.0034013500018995613,1.5813477194370762e-08
JobRole_Healthcare Representative,-5.676632830464712e-09,1.5813477194370762e-08,0.0034013500018995613,-5.676632830464712e-09,1.0947791895254966e-08,1.5813477194370762e-08,-5.676632830464712e-09,0.0034013548675848604,0.006802710546117252,-5.676632830464712e-09,1.0947791895254966e-08,0.0034013548675848604
JobRole_Human Resources,0.0034013333774748356,1.5813477194370762e-08,1.0947791895254966e-08,-5.676632830464712e-09,0.0034013500018995613,-0.003401382845275247,-5.676632830464712e-09,1.5813477194370762e-08,0.003401371492009586,-5.676632830464712e-09,0.0034013500018995613,1.5813477194370762e-08
JobRole_Laboratory Technician,0.006802732036227277,0.0034013548675848604,1.0947791895254966e-08,0.0034013333774748356,-0.01360546447792832,1.5813477194370762e-08,-5.676632830464712e-09,-0.006802721899382913,0.006802710546117252,-0.0034013447307404965,-0.006802726765068212,0.0034013548675848604
JobRole_Manager,-5.676632830464712e-09,0.0034013548675848604,-0.003401387710960546,-5.676632830464712e-09,0.006802748660652003,1.5813477194370762e-08,-5.676632830464712e-09,-0.003401382845275247,-2.7166742855300186e-08,-5.676632830464712e-09,1.0947791895254966e-08,-0.003401382845275247
JobRole_Manufacturing Director,-5.676632830464712e-09,0.0034013548675848604,0.0034013500018995613,-5.676632830464712e-09,-0.006802726765068212,0.0034013548675848604,-0.0034013447307404965,0.006802693921692526,-0.0034013662208505213,-5.676632830464712e-09,1.0947791895254966e-08,0.0034013548675848604
JobRole_Research Director,-0.0034013447307404965,0.0034013548675848604,1.0947791895254966e-08,-5.676632830464712e-09,0.0034013500018995613,1.5813477194370762e-08,0.0034013333774748356,0.0034013548675848604,0.006802710546117252,-5.676632830464712e-09,0.0034013500018995613,0.0034013548675848604
JobRole_Research Scientist,0.01700680880319505,0.017006830293305075,1.0947791895254966e-08,0.006802732036227277,0.020408164481727442,0.013605431634552634,0.006802732036227277,0.006802693921692526,-2.7166742855300186e-08,0.006802732036227277,0.0034013500018995613,0.013605431634552634
JobRole_Sales Executive,-5.676632830464712e-09,0.010204092580444968,1.0947791895254966e-08,0.006802732036227277,-0.003401387710960546,1.5813477194370762e-08,0.0034013333774748356,0.006802693921692526,0.010204109204869694,0.020408147857302716,1.0947791895254966e-08,1.5813477194370762e-08
JobRole_Sales Representative,0.0034013333774748356,1.5813477194370762e-08,-0.003401387710960546,-5.676632830464712e-09,0.013605426768867335,1.5813477194370762e-08,-0.0034013447307404965,0.0034013548675848604,-2.7166742855300186e-08,-5.676632830464712e-09,-0.003401387710960546,0.006802693921692526
MaritalStatus_Divorced,0.0034013333774748356,0.006802693921692526,0.0034013500018995613,0.013605469749087384,-0.003401387710960546,1.5813477194370762e-08,0.0034013333774748356,0.010204092580444968,0.006802710546117252,0.006802732036227277,0.0034013500018995613,0.006802693921692526
MaritalStatus_Married,-0.0034013447307404965,1.5813477194370762e-08,0.0034013500018995613,0.0034013333774748356,0.0034013500018995613,1.5813477194370762e-08,-5.676632830464712e-09,0.017006830293305075,0.006802710546117252,0.0034013333774748356,0.010204087714759669,0.0034013548675848604
MaritalStatus_Single,0.0034013333774748356,1.5813477194370762e-08,0.006802748660652003,0.010204071090334943,0.006802748660652003,0.0034013548675848604,0.0034013333774748356,0.006802693921692526,0.003401371492009586,0.006802732036227277,1.0947791895254966e-08,0.010204092580444968
Education_1,0.010204071090334943,1.5813477194370762e-08,-0.010204065819175878,-5.676632830464712e-09,-0.003401387710960546,1.5813477194370762e-08,0.0034013333774748356,0.0034013548675848604,0.006802710546117252,0.006802732036227277,1.0947791895254966e-08,0.0034013548675848604
Education_2,-0.0034013447307404965,0.0034013548675848604,1.0947791895254966e-08,0.0034013333774748356,-0.006802726765068212,1.5813477194370762e-08,-5.676632830464712e-09,1.5813477194370762e-08,-0.0034013662208505213,0.0034013333774748356,1.0947791895254966e-08,1.5813477194370762e-08
Education_3,-5.676632830464712e-09,0.0034013548675848604,1.0947791895254966e-08,0.010204071090334943,0.006802748660652003,1.5813477194370762e-08,0.0034013333774748356,0.017006830293305075,0.003401371492009586,-5.676632830464712e-09,-0.010204065819175878,1.5813477194370762e-08
Education_4,0.0034013333774748356,1.5813477194370762e-08,0.006802748660652003,0.0034013333774748356,0.010204087714759669,1.5813477194370762e-08,0.0034013333774748356,1.5813477194370762e-08,-2.7166742855300186e-08,-5.676632830464712e-09,0.010204087714759669,0.0034013548675848604
Education_5,-5.676632830464712e-09,1.5813477194370762e-08,1.0947791895254966e-08,-5.676632830464712e-09,1.0947791895254966e-08,-0.003401382845275247,-5.676632830464712e-09,-0.003401382845275247,-2.7166742855300186e-08,-5.676632830464712e-09,1.0947791895254966e-08,1.5813477194370762e-08
RelationshipSatisfaction_1,0.013605469749087384,0.010204092580444968,0.013605426768867335,0.010204071090334943,0.020408164481727442,0.023809508401520407,0.006802732036227277,0.006802693921692526,-0.0034013662208505213,0.01700680880319505,0.010204087714759669,0.006802693921692526
RelationshipSatisfaction_2,0.0034013333774748356,0.006802693921692526,-0.003401387710960546,0.006802732036227277,0.010204087714759669,0.006802693921692526,-0.0034013447307404965,0.0034013548675848604,0.010204109204869694,-0.0034013447307404965,0.010204087714759669,1.5813477194370762e-08
RelationshipSatisfaction_3,0.010204071090334943,0.0034013548675848604,0.010204087714759669,-0.0034013447307404965,0.0034013500018995613,0.010204092580444968,0.006802732036227277,0.013605431634552634,0.010204109204869694,0.01700680880319505,0.006802748660652003,0.010204092580444968
RelationshipSatisfaction_4,0.0034013333774748356,1.5813477194370762e-08,0.010204087714759669,0.0034013333774748356,-0.006802726765068212,0.0034013548675848604,-5.676632830464712e-09,-0.003401382845275247,0.01360544825897736,0.0034013333774748356,0.010204087714759669,1.5813477194370762e-08
StockOptionLevel_0,0.006802732036227277,1.5813477194370762e-08,1.0947791895254966e-08,0.010204071090334943,0.006802748660652003,0.0034013548675848604,0.0034013333774748356,0.013605431634552634,-2.7166742855300186e-08,-5.676632830464712e-09,0.0034013500018995613,0.013605431634552634
StockOptionLevel_1,0.010204071090334943,0.013605431634552634,0.010204087714759669,0.010204071090334943,0.020408164481727442,0.0034013548675848604,0.010204071090334943,1.5813477194370762e-08,0.006802710546117252,0.01700680880319505,0.010204087714759669,0.010204092580444968
StockOptionLevel_2,0.0034013333774748356,0.010204092580444968,0.006802748660652003,0.006802732036227277,0.0034013500018995613,0.006802693921692526,-5.676632830464712e-09,0.010204092580444968,0.003401371492009586,-5.676632830464712e-09,0.010204087714759669,0.0034013548675848604
StockOptionLevel_3,-0.006802743389492938,0.0034013548675848604,1.0947791895254966e-08,0.006802732036227277,1.0947791895254966e-08,1.5813477194370762e-08,-5.676632830464712e-09,0.006802693921692526,0.017006787313085026,-5.676632830464712e-09,0.006802748660652003,0.0034013548675848604
TrainingTimesLastYear_0,0.006802732036227277,1.5813477194370762e-08,1.0947791895254966e-08,-5.676632830464712e-09,0.0034013500018995613,1.5813477194370762e-08,-5.676632830464712e-09,1.5813477194370762e-08,-2.7166742855300186e-08,-5.676632830464712e-09,0.0034013500018995613,1.5813477194370762e-08
TrainingTimesLastYear_1,-5.676632830464712e-09,1.5813477194370762e-08,0.0034013500018995613,-5.676632830464712e-09,1.0947791895254966e-08,1.5813477194370762e-08,-5.676632830464712e-09,1.5813477194370762e-08,-2.7166742855300186e-08,-5.676632830464712e-09,-0.003401387710960546,1.5813477194370762e-08
TrainingTimesLastYear_2,0.0034013333774748356,0.0034013548675848604,0.0034013500018995613,-5.676632830464712e-09,0.006802748660652003,0.006802693921692526,-5.676632830464712e-09,0.0034013548675848604,0.010204109204869694,0.0034013333774748356,1.0947791895254966e-08,0.0034013548675848604
TrainingTimesLastYear_3,0.006802732036227277,0.017006830293305075,0.0034013500018995613,0.0034013333774748356,0.006802748660652003,1.5813477194370762e-08,0.006802732036227277,0.006802693921692526,0.003401371492009586,0.006802732036227277,0.0034013500018995613,1.5813477194370762e-08
TrainingTimesLastYear_4,-5.676632830464712e-09,0.010204092580444968,1.0947791895254966e-08,0.0034013333774748356,1.0947791895254966e-08,1.5813477194370762e-08,-5.676632830464712e-09,-0.006802721899382913,-2.7166742855300186e-08,-5.676632830464712e-09,1.0947791895254966e-08,1.5813477194370762e-08
TrainingTimesLastYear_5,0.0034013333774748356,1.5813477194370762e-08,1.0947791895254966e-08,-5.676632830464712e-09,1.0947791895254966e-08,0.0034013548675848604,-5.676632830464712e-09,0.0034013548675848604,0.003401371492009586,0.0034013333774748356,-0.003401387710960546,1.5813477194370762e-08
TrainingTimesLastYear_6,0.0034013333774748356,-0.003401382845275247,0.006802748660652003,-0.0034013447307404965,0.0034013500018995613,0.0034013548675848604,-5.676632830464712e-09,0.0034013548675848604,0.010204109204869694,-5.676632830464712e-09,-0.003401387710960546,0.0034013548675848604
WorkLifeBalance_1,0.010204071090334943,1.5813477194370762e-08,0.0034013500018995613,0.006802732036227277,1.0947791895254966e-08,0.0034013548675848604,-5.676632830464712e-09,0.006802693921692526,-0.0034013662208505213,0.0034013333774748356,1.0947791895254966e-08,0.006802693921692526
WorkLifeBalance_2,0.006802732036227277,0.0034013548675848604,0.006802748660652003,-0.0034013447307404965,0.006802748660652003,0.006802693921692526,0.0034013333774748356,0.010204092580444968,-2.7166742855300186e-08,0.0034013333774748356,0.0034013500018995613,0.006802693921692526
WorkLifeBalance_3,0.0034013333774748356,0.006802693921692526,0.013605426768867335,-0.006802743389492938,0.010204087714759669,0.006802693921692526,0.006802732036227277,0.0034013548675848604,0.006802710546117252,0.01700680880319505,-0.006802726765068212,0.010204092580444968
WorkLifeBalance_4,-5.676632830464712e-09,0.006802693921692526,0.0034013500018995613,-5.676632830464712e-09,0.0034013500018995613,1.5813477194370762e-08,-5.676632830464712e-09,0.006802693921692526,0.003401371492009586,-0.0034013447307404965,1.0947791895254966e-08,0.0034013548675848604
EnvironmentSatisfaction_1,0.006802732036227277,0.017006830293305075,0.013605426768867335,0.0034013333774748356,-0.003401387710960546,0.010204092580444968,0.0034013333774748356,0.006802693921692526,0.020408185971837467,0.0034013333774748356,0.013605426768867335,0.010204092580444968
EnvironmentSatisfaction_2,-5.676632830464712e-09,1.5813477194370762e-08,0.0034013500018995613,-5.676632830464712e-09,0.0034013500018995613,0.0034013548675848604,0.0034013333774748356,0.0034013548675848604,0.003401371492009586,0.0034013333774748356,1.0947791895254966e-08,0.006802693921692526
EnvironmentSatisfaction_3,0.006802732036227277,0.006802693921692526,0.0034013500018995613,0.01700680880319505,-0.006802726765068212,0.0034013548675848604,0.006802732036227277,0.006802693921692526,0.01360544825897736,0.006802732036227277,-0.003401387710960546,1.5813477194370762e-08
EnvironmentSatisfaction_4,0.010204071090334943,0.010204092580444968,0.020408164481727442,0.013605469749087384,0.02721090219458755,0.017006830293305075,0.027210885570162824,0.02040816934741274,0.010204109204869694,0.01700680880319505,0.017006825427619776,0.013605431634552634
JobInvolvement_1,0.023809546516055158,0.010204092580444968,0.020408164481727442,0.006802732036227277,0.0034013500018995613,0.006802693921692526,0.006802732036227277,0.010204092580444968,0.010204109204869694,-5.676632830464712e-09,0.010204087714759669,0.006802693921692526
JobInvolvement_2,0.0034013333774748356,0.0034013548675848604,0.0034013500018995613,0.0034013333774748356,0.0034013500018995613,-0.003401382845275247,0.006802732036227277,1.5813477194370762e-08,0.003401371492009586,-0.0034013447307404965,1.0947791895254966e-08,0.006802693921692526
JobInvolvement_3,-5.676632830464712e-09,0.017006830293305075,1.0947791895254966e-08,0.006802732036227277,0.013605426768867335,0.006802693921692526,0.010204071090334943,0.0034013548675848604,0.003401371492009586,-5.676632830464712e-09,0.006802748660652003,1.5813477194370762e-08
JobInvolvement_4,0.0034013333774748356,1.5813477194370762e-08,0.0034013500018995613,0.006802732036227277,0.0034013500018995613,0.006802693921692526,0.010204071090334943,1.5813477194370762e-08,0.010204109204869694,0.0034013333774748356,0.006802748660652003,-0.006802721899382913
JobLevel_1,0.0034013333774748356,0.013605431634552634,0.0034013500018995613,0.010204071090334943,-0.003401387710960546,0.0034013548675848604,-0.0034013447307404965,0.0034013548675848604,-0.0034013662208505213,-5.676632830464712e-09,0.006802748660652003,0.010204092580444968
JobLevel_2,-0.006802743389492938,0.006802693921692526,0.020408164481727442,0.020408147857302716,1.0947791895254966e-08,-0.003401382845275247,0.006802732036227277,0.023809508401520407,0.006802710546117252,0.013605469749087384,-0.02040814258614365,1.5813477194370762e-08
JobLevel_3,-5.676632830464712e-09,1.5813477194370762e-08,1.0947791895254966e-08,0.0034013333774748356,0.013605426768867335,0.006802693921692526,0.0034013333774748356,0.006802693921692526,-2.7166742855300186e-08,0.013605469749087384,0.0034013500018995613,-0.003401382845275247
JobLevel_4,-5.676632830464712e-09,0.006802693921692526,1.0947791895254966e-08,-5.676632830464712e-09,0.0034013500018995613,0.0034013548675848604,-5.676632830464712e-09,0.006802693921692526,0.003401371492009586,-5.676632830464712e-09,0.006802748660652003,0.006802693921692526
JobLevel_5,-5.676632830464712e-09,1.5813477194370762e-08,1.0947791895254966e-08,-5.676632830464712e-09,1.0947791895254966e-08,1.5813477194370762e-08,-5.676632830464712e-09,1.5813477194370762e-08,-2.7166742855300186e-08,-5.676632830464712e-09,1.0947791895254966e-08,1.5813477194370762e-08
JobSatisfaction_1,0.006802732036227277,0.010204092580444968,0.0034013500018995613,0.006802732036227277,1.0947791895254966e-08,-0.006802721899382913,0.0034013333774748356,0.010204092580444968,0.010204109204869694,0.010204071090334943,1.0947791895254966e-08,0.006802693921692526
JobSatisfaction_2,-5.676632830464712e-09,0.010204092580444968,-0.003401387710960546,-5.676632830464712e-09,-0.003401387710960546,0.0034013548675848604,0.0034013333774748356,0.006802693921692526,0.01360544825897736,-5.676632830464712e-09,1.0947791895254966e-08,-0.003401382845275247
JobSatisfaction_3,-0.006802743389492938,0.0034013548675848604,1.0947791895254966e-08,0.0034013333774748356,-0.003401387710960546,1.5813477194370762e-08,0.006802732036227277,-0.003401382845275247,0.006802710546117252,0.006802732036227277,0.0034013500018995613,0.006802693921692526
JobSatisfaction_4,0.013605469749087384,0.023809508401520407,0.006802748660652003,-5.676632830464712e-09,-0.003401387710960546,0.02040816934741274,-5.676632830464712e-09,0.013605431634552634,0.023809525025945133,-5.676632830464712e-09,0.020408164481727442,0.010204092580444968
NumCompaniesWorked_0,0.010204071090334943,0.013605431634552634,0.0034013500018995613,0.013605469749087384,0.020408164481727442,1.5813477194370762e-08,-5.676632830464712e-09,0.0034013548675848604,0.010204109204869694,-0.0034013447307404965,-0.003401387710960546,0.006802693921692526
NumCompaniesWorked_1,0.006802732036227277,0.006802693921692526,0.006802748660652003,-5.676632830464712e-09,-0.003401387710960546,0.010204092580444968,0.0034013333774748356,0.010204092580444968,0.020408185971837467,-5.676632830464712e-09,0.013605426768867335,0.0034013548675848604
NumCompaniesWorked_2,-0.0034013447307404965,1.5813477194370762e-08,0.006802748660652003,0.013605469749087384,1.0947791895254966e-08,1.5813477194370762e-08,0.0034013333774748356,0.006802693921692526,-2.7166742855300186e-08,0.0034013333774748356,1.0947791895254966e-08,1.5813477194370762e-08
NumCompaniesWorked_3,0.0034013333774748356,0.006802693921692526,0.006802748660652003,0.006802732036227277,0.006802748660652003,-0.003401382845275247,0.0034013333774748356,0.006802693921692526,0.010204109204869694,0.010204071090334943,0.0034013500018995613,0.0034013548675848604
NumCompaniesWorked_4,0.0034013333774748356,1.5813477194370762e-08,1.0947791895254966e-08,-5.676632830464712e-09,1.0947791895254966e-08,1.5813477194370762e-08,-5.676632830464712e-09,1.5813477194370762e-08,-2.7166742855300186e-08,0.0034013333774748356,1.0947791895254966e-08,0.0034013548675848604
NumCompaniesWorked_5,-5.676632830464712e-09,0.006802693921692526,0.0034013500018995613,0.0034013333774748356,1.0947791895254966e-08,1.5813477194370762e-08,0.0034013333774748356,-0.003401382845275247,0.003401371492009586,-0.0034013447307404965,0.006802748660652003,1.5813477194370762e-08
NumCompaniesWorked_6,-0.006802743389492938,0.006802693921692526,0.0034013500018995613,0.0034013333774748356,0.006802748660652003,0.006802693921692526,-5.676632830464712e-09,0.0034013548675848604,0.010204109204869694,0.0034013333774748356,0.0034013500018995613,0.0034013548675848604
NumCompaniesWorked_7,-5.676632830464712e-09,1.5813477194370762e-08,1.0947791895254966e-08,-5.676632830464712e-09,0.0034013500018995613,1.5813477194370762e-08,-5.676632830464712e-09,1.5813477194370762e-08,-2.7166742855300186e-08,-5.676632830464712e-09,1.0947791895254966e-08,1.5813477194370762e-08
NumCompaniesWorked_8,-0.0034013447307404965,1.5813477194370762e-08,1.0947791895254966e-08,-5.676632830464712e-09,-0.003401387710960546,1.5813477194370762e-08,0.0034013333774748356,1.5813477194370762e-08,-2.7166742855300186e-08,-5.676632830464712e-09,1.0947791895254966e-08,1.5813477194370762e-08
NumCompaniesWorked_9,-5.676632830464712e-09,0.0034013548675848604,1.0947791895254966e-08,0.0034013333774748356,0.0034013500018995613,1.5813477194370762e-08,-5.676632830464712e-09,0.010204092580444968,-2.7166742855300186e-08,0.0034013333774748356,0.0034013500018995613,0.0034013548675848604
