,target,predicted
46067,1,0
43239,0,0
28851,0,0
22056,0,0
17543,0,0
18905,1,0
41120,1,0
3625,1,0
13487,0,0
26362,0,0
17068,0,0
12814,0,0
6733,0,0
30473,1,0
33231,0,0
7799,0,0
12447,1,1
9507,0,0
21726,0,0
4310,0,0
3718,0,0
31813,0,0
12489,0,0
25916,0,0
3580,0,0
276,0,0
19135,0,0
12860,0,0
37595,1,0
3937,0,0
10053,0,0
39496,0,0
24820,0,0
30060,1,1
36775,1,0
14471,1,0
3921,0,0
27936,0,0
18618,0,0
30345,0,0
41324,0,0
1580,0,0
16699,0,0
1697,0,0
39416,0,0
43037,1,0
5436,1,1
23893,0,0
39685,1,0
27711,0,0
4887,0,0
7722,0,0
14255,0,0
11103,0,0
41059,1,0
33348,0,1
2584,0,0
32354,0,0
19502,0,1
40244,0,0
22533,0,0
20639,0,0
22532,0,0
8175,1,0
23210,0,0
7044,0,0
23586,1,0
20611,1,0
24753,0,0
13335,0,0
26044,0,0
35580,0,0
19920,1,1
14146,1,1
43737,1,0
35908,1,0
13353,0,0
30793,0,0
33244,0,0
31353,0,0
44291,0,0
31490,0,0
47544,0,0
28620,0,0
37146,1,0
33292,0,0
1806,0,0
40130,1,0
35546,0,0
34525,0,0
5403,0,0
47125,0,0
13644,1,0
48834,0,0
34707,0,0
17308,1,0
19033,1,1
15520,0,0
35305,0,0
28299,1,1
39765,0,0
13159,0,0
12050,0,0
34648,0,0
36267,0,0
283,0,0
38324,0,0
48788,0,0
34188,0,0
40803,1,1
36824,1,0
6751,0,0
22914,1,0
508,0,0
42410,1,0
39434,1,0
18138,0,0
36498,0,0
2098,0,0
12703,1,0
18335,0,0
48116,0,0
17096,0,0
10922,1,0
20554,0,0
32799,1,0
24350,1,1
7710,0,0
2375,0,0
18497,0,0
15705,1,0
23806,0,0
9104,0,0
7483,1,0
40641,0,0
576,0,0
15551,0,0
35559,0,0
30541,0,0
42846,0,0
27327,0,0
27129,1,1
41066,0,0
39302,0,0
16888,0,0
28857,0,0
5230,0,0
15780,0,0
16396,0,0
23721,0,0
32229,1,0
41956,0,0
5600,0,0
9237,0,0
39042,1,0
4057,0,0
33376,0,0
37438,0,0
12779,0,0
25635,0,0
42067,0,0
23043,0,0
11130,0,0
3327,0,0
6494,0,0
18883,0,0
27696,0,0
6526,0,0
11089,1,0
29447,1,1
32807,0,0
29001,0,0
13739,0,0
31891,0,0
30381,0,0
12566,0,0
42032,1,1
35911,0,0
27159,0,0
37574,0,0
40412,1,0
30477,0,0
35087,0,0
6606,0,0
39902,0,0
19877,0,0
15316,0,0
20029,0,0
47998,0,0
18347,1,0
1092,0,0
24282,0,0
44889,0,0
22311,1,0
17347,1,0
41364,0,0
44287,0,0
16104,0,0
20734,0,0
32265,0,0
24286,0,0
24694,1,0
7414,1,1
26846,0,0
42056,0,0
11001,0,0
45448,0,0
10661,0,0
31046,0,0
33692,0,0
11929,0,0
47184,0,0
41256,1,0
14553,0,0
631,0,0
7330,0,0
47617,0,0
27757,0,0
14021,0,0
19188,0,0
9511,0,1
40083,0,1
2787,1,1
36410,1,0
37188,0,1
31328,0,0
16121,0,0
43628,1,0
42262,0,0
44480,0,0
6865,1,0
12113,0,0
25412,1,0
9904,0,0
22418,1,0
40213,1,0
48451,0,0
38673,0,0
11198,0,0
19087,0,0
26586,0,0
24678,1,0
16656,0,0
18026,0,0
31060,1,1
36953,0,0
33089,1,0
42213,0,0
14305,1,0
46788,0,0
8543,0,0
14094,0,0
9279,1,1
31896,0,0
42609,0,0
44770,1,1
11292,0,0
37323,0,0
21077,0,0
46021,0,0
6927,1,1
33485,0,0
24525,0,0
11627,0,0
9092,0,0
14546,0,0
35503,0,0
29166,0,0
11622,0,0
18891,0,0
808,0,0
7932,0,0
14521,0,0
47419,0,0
380,1,0
32650,0,0
35876,1,1
44407,1,0
8888,1,0
30706,0,0
21992,1,0
23141,0,0
17734,1,0
48770,0,0
1214,1,0
45907,1,0
35583,0,0
3003,0,0
32768,0,0
43704,0,0
2564,0,0
34767,0,0
3729,1,0
13613,0,0
43587,0,0
26973,1,0
16759,0,0
48242,0,0
43821,0,0
8473,0,0
31984,0,0
32385,0,0
1296,1,0
7892,0,0
41901,1,0
26524,0,0
7479,0,0
19627,0,0
30475,1,1
31987,0,1
17794,0,0
18780,0,0
20638,0,0
10582,0,0
30004,0,0
1168,0,0
33305,1,0
38831,0,0
33867,0,0
22579,0,0
773,0,0
11973,0,0
13467,0,0
3113,0,0
30087,1,0
19347,0,0
39049,0,0
2615,0,0
25296,0,0
2129,1,0
35836,1,1
22482,0,0
42368,0,0
4227,0,0
14047,0,0
35440,0,0
38889,1,0
32441,0,0
7040,0,0
22058,0,1
2724,1,0
45819,0,0
24929,0,0
18539,1,1
31266,0,0
15925,0,0
43947,0,0
14200,0,0
12776,1,0
2825,1,0
30459,0,0
1787,0,0
24377,0,0
34788,0,0
17475,0,0
33315,0,0
28632,0,0
31384,0,1
22182,0,0
823,0,0
20172,0,0
47757,0,0
15450,0,0
13126,1,0
1169,1,0
7476,0,0
14975,0,0
35454,0,0
15708,1,0
27840,0,0
4802,0,1
42565,1,0
40381,1,1
20887,0,0
12593,0,0
6089,1,0
39085,0,0
47965,1,0
3429,0,0
31953,0,0
37478,0,0
46508,1,0
12157,1,0
22905,0,0
30677,1,1
23185,1,1
17093,0,0
9892,1,0
1183,0,0
41355,0,0
11460,0,0
9155,0,0
9151,0,0
35206,0,0
29662,0,0
3695,0,0
44028,0,0
39330,0,0
36878,0,0
7397,0,0
23958,0,0
4911,0,0
25741,0,0
6197,1,1
35648,1,1
31115,0,0
13034,1,1
41701,0,1
5891,0,0
32375,1,0
42705,0,0
22569,0,0
1085,0,0
27950,0,0
1532,0,0
43743,0,0
28601,1,0
14382,1,0
28227,0,0
23860,1,0
43791,0,0
33714,0,0
12890,0,0
29676,1,0
31843,1,0
36416,1,1
14782,0,0
25126,0,0
28811,1,0
7280,1,0
3588,0,0
47135,0,0
45113,1,0
13229,1,0
12309,1,0
16258,0,0
45478,0,1
31913,1,0
43682,0,0
35205,0,0
27836,1,0
45962,1,1
280,1,0
33090,0,0
34114,0,0
20379,0,0
29137,0,0
16444,0,0
6807,0,0
39578,0,0
6551,0,0
8676,1,1
1635,0,0
33152,0,0
13359,0,0
33706,0,0
4268,0,0
13031,0,0
29333,0,0
42518,0,0
36398,0,0
31452,0,0
34710,0,0
28462,0,0
24374,0,0
32690,1,0
7793,0,0
4995,0,0
31746,0,0
34047,1,0
28970,1,0
16808,0,0
39638,1,0
15758,0,0
45575,0,0
44772,0,0
4719,1,0
27723,0,0
35865,0,0
16661,0,0
43779,0,0
8289,0,0
21830,0,0
46443,0,1
3385,0,0
42387,0,0
31357,0,0
1576,1,0
9510,1,0
3093,0,0
1765,1,0
19876,1,0
10153,0,0
10382,0,0
14746,0,0
3998,1,0
40570,1,0
9437,0,0
44888,1,1
43876,1,0
16647,0,0
3413,0,0
973,0,0
21087,1,1
32628,0,0
24399,0,0
45948,0,0
16109,0,0
10700,0,0
6007,0,0
40080,0,0
15539,1,0
40342,0,0
20489,1,0
3737,0,0
14446,1,1
22243,0,0
16800,1,0
38880,0,0
4749,0,0
18680,0,0
23866,0,0
3476,0,0
11872,0,0
31129,0,0
15693,0,0
139,0,0
29225,0,0
20799,1,0
35028,0,0
44128,0,0
24752,1,0
23138,0,0
4221,0,0
2337,0,0
2380,0,0
46647,0,0
33342,0,0
9147,0,0
38638,0,0
28099,0,1
41159,0,0
34227,0,0
5284,0,0
8239,0,0
34495,1,0
38476,0,0
29033,0,0
29451,1,0
7260,0,0
40305,0,0
1583,0,0
13164,0,0
3961,1,0
45878,0,0
38431,0,0
41811,0,0
34738,1,0
39894,1,0
19747,1,0
14497,0,0
32199,0,0
29238,0,0
2099,1,0
28334,0,0
23733,0,0
29625,0,0
39102,1,0
8956,0,0
1647,0,0
46230,1,0
22375,0,0
36960,0,0
14686,1,0
30851,1,0
36733,1,1
3951,1,1
9966,0,0
20352,0,0
38084,0,0
36601,0,0
34589,0,0
8299,0,0
19791,0,0
45048,0,0
42298,1,1
2218,1,0
31141,0,0
7986,0,0
17145,0,0
40622,0,0
45994,0,0
13634,0,0
11225,0,0
17823,0,0
35068,0,0
41962,0,0
20694,0,0
7288,0,0
38749,0,0
35957,0,0
16345,0,0
24828,0,0
44655,0,0
24570,0,1
24898,1,0
7632,1,0
5642,0,0
3075,0,0
12350,0,0
24332,1,1
20139,0,0
26160,0,0
20394,0,0
23533,0,0
37200,0,0
6936,1,0
24277,0,0
13271,0,0
1064,0,0
44032,0,0
12456,0,0
26622,0,0
8512,1,0
12522,0,0
19811,1,0
34263,0,0
7152,0,0
27051,0,0
20907,0,0
9256,1,0
32418,0,0
4595,0,0
40869,0,0
39412,1,0
30062,1,0
7154,0,0
44388,1,0
31036,0,0
28817,0,0
43604,0,0
21855,1,0
10108,0,0
1341,0,0
43521,1,1
22830,0,0
16959,0,0
28986,0,0
18357,0,0
18996,0,0
43600,0,0
28878,1,1
33402,1,0
13306,0,0
23074,0,0
21631,0,0
35552,0,0
18837,1,0
7074,1,1
33841,0,0
15650,0,0
34937,0,0
7366,1,1
21386,0,0
16963,1,0
9386,0,0
17389,1,0
20518,0,0
41238,0,0
6032,0,0
8893,1,1
45324,0,0
4296,0,0
9680,0,0
7194,0,0
36214,0,0
12018,0,0
18792,0,0
17079,1,0
23543,0,0
7625,0,0
2998,0,0
19254,1,0
22494,1,0
21709,0,0
9697,1,1
40425,0,0
47017,1,1
15105,1,0
12110,0,0
20918,0,0
30318,0,0
14840,0,1
6129,0,0
47963,0,0
7364,1,1
14209,1,0
27942,0,0
17868,0,0
43259,0,0
32735,0,0
43050,1,0
46234,0,0
17032,0,0
20594,0,0
33095,0,0
35441,0,0
16331,0,0
20075,0,1
31810,0,0
39793,0,0
34580,0,0
18361,0,0
6450,0,0
23461,0,0
26349,0,0
24667,0,0
9394,1,0
8321,1,0
40591,0,0
11652,0,0
10494,0,0
5401,0,0
15165,1,0
28005,0,0
40418,0,0
27889,0,0
44911,0,0
32893,0,0
14406,0,0
7670,0,0
27746,1,0
43631,0,0
37559,0,0
6066,0,0
15055,0,0
6902,1,0
559,0,0
3559,0,0
27370,1,0
10520,0,0
10589,0,0
43942,0,0
42295,0,0
28725,0,0
47463,1,0
22650,1,0
14058,1,0
34749,1,1
14274,1,0
37106,0,0
10050,0,0
20073,0,0
1849,0,0
15396,0,0
5545,0,0
43547,0,0
13284,1,0
23522,0,0
23255,0,0
39814,0,0
9175,0,0
40906,1,1
11903,0,0
44165,0,0
41208,0,0
16968,0,0
45285,1,0
33280,0,0
45558,0,0
33554,0,0
12635,0,0
2659,0,0
13474,0,0
12300,0,0
22380,0,0
41521,0,0
42074,0,1
8260,1,0
5590,0,0
10551,1,0
36555,0,0
39369,0,0
25778,0,0
25131,0,0
3199,0,0
17990,1,1
48272,0,0
41856,1,0
12742,0,0
18051,0,0
20207,1,0
1752,0,0
351,0,0
11365,0,0
33959,0,1
7951,0,1
1271,0,0
41311,0,0
40437,1,1
26679,0,0
37570,0,0
29839,1,0
7184,0,0
8696,0,0
21796,0,0
38263,0,0
35579,1,1
11346,0,0
5138,0,0
29253,0,0
23089,0,0
4167,0,0
15457,1,0
31480,1,0
31889,1,1
35284,0,0
17544,0,0
36872,0,0
17531,1,1
28505,1,1
33188,0,0
25166,1,0
37373,0,0
28774,1,0
16947,0,0
41001,0,0
11679,0,0
13688,0,0
18638,1,0
7339,0,0
23943,0,0
36376,0,0
45034,0,0
34789,1,0
28187,1,0
26658,0,0
15847,1,1
22643,0,0
2394,0,0
42592,0,0
44234,1,0
20553,0,0
5172,0,1
47599,0,0
39113,0,0
21868,0,0
9180,0,0
33628,0,0
30910,1,0
21685,0,0
9383,0,0
4669,0,0
34358,0,0
39981,0,0
34050,1,1
22493,1,0
45350,0,0
4130,1,0
13222,0,0
9805,0,0
5323,0,0
4611,0,0
30145,1,0
45416,0,0
36078,1,1
2122,0,1
17906,1,0
13544,0,0
36118,0,0
3728,0,0
12825,0,0
30025,0,0
44039,1,0
1505,0,0
26853,0,0
15697,0,0
23491,0,0
42478,0,0
18422,0,0
22760,0,0
19404,0,0
48813,1,0
9303,0,1
42649,1,0
29123,0,0
1667,1,0
33255,1,0
21457,1,0
2643,0,0
30048,0,0
21849,1,1
15764,0,0
47728,1,0
26300,0,0
30058,1,0
20294,0,0
40113,0,0
43574,0,0
2838,0,0
40709,0,0
44841,0,0
9134,0,0
44343,1,1
38095,0,0
9176,0,0
46973,0,0
21776,0,0
45905,0,0
17782,0,1
2527,0,0
2898,0,0
3179,0,0
18549,0,0
31082,0,0
29382,0,0
2774,0,0
30199,0,0
3699,0,0
18560,0,0
26840,0,0
13277,0,0
898,0,0
28172,0,0
14617,0,0
40230,0,0
19012,1,0
32130,0,0
4832,0,0
42799,0,0
24534,0,0
18681,0,0
32842,0,0
9285,0,0
5657,0,0
43869,0,0
34363,0,0
40158,1,0
12872,0,0
43325,1,0
31263,0,0
35365,1,1
45383,0,0
11981,0,0
31100,0,0
15575,0,0
13345,0,0
38167,0,0
9066,0,0
20157,0,0
1898,0,0
25734,1,1
28361,0,0
45762,0,0
24580,0,0
30796,0,0
12205,0,0
25036,1,0
15189,0,0
28545,0,0
26430,0,0
12690,0,0
13143,0,0
45376,0,0
10689,1,0
3005,0,0
32250,0,0
24289,0,0
25716,0,0
27502,0,0
13554,1,0
28341,1,0
13189,0,0
8563,0,0
3523,0,0
36036,0,0
29606,0,0
11390,0,1
44769,0,0
44547,1,0
4276,0,0
26529,1,1
13376,1,0
4365,0,0
7176,0,0
7704,0,0
3569,0,0
14130,0,0
3123,0,0
14422,0,0
27101,0,0
44214,0,0
32570,0,0
34470,1,1
39767,0,0
10786,0,0
44711,0,0
41659,1,0
27815,0,0
25761,0,0
37201,0,0
21649,1,0
22259,0,0
20631,0,0
7579,0,0
10628,1,1
13101,1,1
27316,0,0
33010,1,0
19392,1,0
11259,0,0
5185,0,0
3305,0,0
30388,0,0
14494,0,0
10972,0,0
10292,0,0
21544,0,0
41121,1,0
37253,0,0
14622,0,0
28636,1,1
3852,0,0
10069,1,1
48825,0,0
46633,1,0
10765,0,0
2622,0,0
37806,0,0
7136,0,0
12444,0,1
27384,1,0
24981,0,0
4421,0,0
34881,0,0
198,0,0
3891,0,0
45313,1,0
37343,0,0
33645,1,0
6377,0,0
44279,0,0
19675,0,0
6893,1,0
4254,0,0
11852,0,0
48700,1,0
29769,0,0
41945,0,0
19561,0,0
43773,0,0
21141,0,0
7307,0,0
5683,0,0
2057,0,0
20852,1,0
29972,1,0
46848,0,0
1569,0,0
6392,0,0
1833,0,0
9848,0,0
13115,0,0
35703,0,0
2335,0,0
38234,0,0
30479,0,0
31110,0,0
38568,0,0
2561,0,0
21547,0,0
28485,1,0
44083,0,0
44211,0,0
33916,0,0
44747,0,0
14723,0,0
41088,0,0
45432,0,0
18470,0,0
21206,0,0
42574,0,0
17049,0,0
30999,0,1
11877,1,0
30029,1,1
15740,1,0
34962,1,1
34001,1,0
9087,0,0
32845,0,0
42701,0,0
37210,1,0
25987,0,0
7204,0,0
29672,0,0
8641,0,0
47973,0,0
44812,0,0
18011,0,1
14205,0,0
11853,0,0
16621,0,0
33397,1,1
6260,0,0
10016,0,0
41315,0,0
37019,0,0
14506,0,0
31554,0,0
8848,0,0
1625,0,0
3805,1,0
42788,0,0
8279,0,0
13881,0,0
24474,1,0
47009,0,1
2732,1,0
11091,0,0
44919,0,0
23613,0,0
1881,0,0
45248,0,0
27245,1,1
36619,0,0
22260,1,1
3767,1,0
27831,0,0
29515,0,0
40096,1,1
45590,0,0
7689,0,0
43695,0,0
35226,0,0
15602,1,0
5355,0,0
22329,0,0
44983,1,0
44875,1,0
38213,0,0
41755,0,0
41149,0,0
30509,1,0
6295,1,1
321,0,0
691,0,0
32423,0,0
48220,1,1
30472,0,0
13384,1,0
14994,0,0
28146,0,0
19066,0,0
34207,0,0
14799,0,0
25486,1,0
46272,0,0
17170,0,0
34238,1,1
6649,0,0
32747,0,0
4629,0,0
34902,0,0
46594,0,0
3027,1,0
3460,0,0
45014,0,0
28277,0,0
30643,0,0
10801,0,0
17918,0,0
36090,1,0
42370,1,0
934,0,0
2363,0,0
32917,0,0
23540,0,0
37485,0,0
11440,0,0
21407,0,0
47742,1,0
33719,1,1
14582,0,0
35056,0,0
22708,0,0
15002,0,0
10266,0,0
25905,0,0
14552,0,0
16581,1,1
9956,0,0
36911,0,0
1007,0,0
6580,0,0
39275,0,0
7964,0,0
38485,1,1
8754,0,0
6357,1,0
11485,0,0
37148,1,0
18389,0,0
41486,0,0
41454,0,0
28798,0,0
32921,0,0
30210,0,0
15016,0,0
4759,0,0
31956,0,0
32937,1,0
48216,0,0
35411,1,0
5476,0,0
36037,0,0
42421,0,0
46313,0,0
34209,0,0
48673,0,0
4313,1,0
37247,0,0
39701,1,1
37035,0,0
48792,0,0
7059,0,0
38739,1,0
2984,1,0
40209,0,0
46253,0,0
6728,0,0
18960,0,0
20715,0,0
36185,1,0
25535,1,0
32719,1,0
4989,0,0
40551,1,0
12147,1,0
19293,1,0
30236,1,0
40449,0,0
14859,1,1
211,0,0
34107,0,1
19321,1,0
46346,0,0
41428,1,0
24049,0,0
22390,0,0
32028,0,0
24357,0,0
3880,0,0
16287,0,0
7962,1,0
10104,1,1
8131,0,0
28538,0,0
21792,0,0
10569,1,0
7610,0,0
22577,0,0
24017,0,0
35367,0,0
32237,1,0
13447,0,0
41363,1,0
40436,0,0
27100,0,0
28342,0,0
30644,0,0
24047,0,0
16938,0,0
20208,1,0
34492,0,0
43677,0,0
44324,0,0
29462,0,0
14814,0,0
41394,0,0
36889,0,0
5456,1,0
28831,0,0
28904,0,0
5684,1,0
44012,0,0
31356,1,1
27169,0,0
38199,0,0
21211,0,0
19388,1,0
35775,1,0
3190,0,0
10469,0,0
24323,0,1
1225,0,0
39928,0,0
27652,0,0
42569,0,0
8819,0,0
6253,0,0
11362,0,0
24194,0,0
25514,0,0
6481,0,0
14462,0,0
20843,0,0
32688,1,0
28463,0,0
39962,1,0
28098,0,0
22791,0,0
29639,0,0
22106,0,0
28102,0,0
3644,0,0
35755,1,0
25769,0,0
34090,1,1
43232,0,0
25899,0,0
15507,0,0
11013,0,0
16008,1,0
1239,0,0
18844,0,0
36054,0,0
27198,0,0
41382,0,0
42911,0,0
21672,0,0
46737,0,0
15678,0,1
30585,0,1
30930,0,0
8804,0,0
4169,0,0
47668,1,1
27229,0,0
220,0,0
48212,0,0
25271,0,0
17159,1,0
33026,0,0
30742,0,0
19889,0,0
14077,1,0
15614,0,0
34901,0,0
9936,0,0
12843,0,0
31062,1,1
14438,0,0
33035,0,0
12464,0,0
19432,0,0
7209,0,0
7649,1,0
5088,0,0
12544,0,0
27153,0,0
22118,0,0
3965,1,0
41180,0,0
44567,1,0
16448,0,0
46464,0,0
1711,0,0
2373,1,0
10539,0,0
26860,1,0
12950,0,0
8126,0,0
2018,0,0
37054,0,0
43728,1,0
47227,0,0
4323,0,0
27098,0,1
3137,0,0
19325,0,0
7048,0,0
45016,1,0
17438,1,0
3144,0,0
4585,0,0
17522,0,0
2669,1,1
40300,0,0
12713,1,1
18606,1,1
18030,0,0
18404,0,0
47859,1,1
5270,0,0
16188,0,0
13275,0,0
23918,0,0
33793,0,0
20129,1,0
3161,0,1
16877,0,0
37816,0,0
35086,0,1
5468,0,0
39349,0,0
748,1,0
11354,0,0
1838,1,0
14918,1,1
13981,0,0
17550,0,0
25735,1,0
3707,1,0
27632,0,0
34278,0,0
6153,0,0
6868,1,0
41634,0,0
10191,0,0
42189,1,1
10423,1,0
44917,0,0
9019,0,0
46897,0,0
47870,0,0
44644,1,0
1431,0,0
45834,1,0
39712,0,0
23878,0,0
17783,0,0
24366,0,0
42051,1,0
42014,1,0
39665,1,0
29430,0,0
2593,0,0
35705,0,0
19288,0,0
19481,0,0
4942,1,0
17787,0,0
43313,1,0
24360,0,0
13386,1,1
45362,0,0
7582,1,0
8021,0,0
46304,0,0
2855,0,0
9183,0,0
40640,0,0
8397,0,0
35786,0,0
36145,0,0
41552,1,0
24971,0,0
10732,0,0
617,0,0
18220,0,0
6118,0,0
35572,1,0
42746,1,0
45441,0,0
38742,0,0
32900,1,1
1100,0,0
48185,0,0
44424,1,1
37100,1,1
35736,0,0
44452,0,0
16870,0,0
38021,0,0
33648,1,0
19235,0,0
19295,1,0
34328,0,0
22213,0,0
46519,0,0
4457,0,0
6790,0,0
14155,0,0
43032,0,0
44490,1,0
8363,0,0
1419,0,0
33381,0,0
8249,0,0
18896,0,0
37244,0,0
29666,1,0
21463,0,0
22432,0,0
26683,0,0
44625,0,0
5568,1,0
47152,0,0
26916,0,0
18605,1,0
45924,0,0
31918,0,0
42520,0,0
29785,0,0
44679,0,0
17420,0,0
11267,0,0
2350,0,0
15824,1,1
20975,1,1
44208,0,0
23348,0,0
1652,0,0
38575,0,0
32739,0,0
1750,0,0
30670,1,1
32698,0,0
3362,0,0
4975,0,0
44793,0,0
13897,0,0
16616,0,0
18494,1,0
29706,0,0
46532,0,0
38806,0,0
4252,0,0
35980,1,0
14544,0,0
36864,0,0
27725,0,0
39091,0,0
47856,0,0
19155,1,1
13701,1,0
35609,0,0
28226,0,0
3145,0,0
3668,0,0
32623,1,0
48063,0,0
22379,0,0
6763,0,0
19857,0,0
35942,0,0
1593,0,0
23182,0,0
39573,0,0
14862,0,0
31013,0,0
37329,0,0
2319,0,0
3910,0,0
31423,0,0
21101,0,0
40672,0,0
15118,0,0
34733,1,0
35965,0,0
14920,0,0
24536,1,0
16763,0,0
35554,0,0
14258,0,0
44957,0,0
30770,0,0
25127,0,0
13100,0,0
22727,0,0
43823,0,0
4006,0,0
42519,0,0
10459,0,0
23075,0,0
22240,0,0
42040,0,0
42281,0,0
40457,0,0
27138,0,0
18398,0,0
9523,1,0
48159,1,0
20605,0,0
24464,0,0
15326,0,0
26759,0,0
19352,1,1
352,0,0
36837,0,0
31671,1,0
14826,1,1
1489,0,0
16238,0,0
605,0,0
9767,1,0
16913,1,1
47043,0,1
44315,0,0
20962,0,0
11984,0,0
1152,0,0
48073,0,0
17636,1,1
8078,0,1
13496,0,0
35974,0,0
15915,1,0
42093,0,0
36538,1,0
46837,1,0
31187,0,0
24182,0,0
2243,1,1
42223,0,0
42163,1,0
37605,0,0
2550,0,0
21235,0,0
38073,1,0
14043,0,0
10672,1,0
37686,0,0
22818,1,0
38965,1,0
25749,1,1
19500,0,0
11952,0,0
36264,0,0
42998,0,0
47966,0,0
11433,0,0
44502,0,0
26859,0,0
5308,0,0
16358,0,0
30983,1,0
35001,0,0
34551,1,0
33133,0,0
46674,1,0
32402,0,0
38200,0,0
34942,0,0
34851,0,0
32697,1,0
28908,0,0
47540,0,0
15094,0,0
39652,0,0
6623,0,0
39096,0,0
6987,0,0
21413,0,0
22998,0,0
39936,0,0
7424,0,0
31396,0,0
46009,0,0
18445,1,0
45731,0,0
26616,0,0
14545,0,0
15366,0,0
9692,1,0
9022,0,0
8785,0,0
10800,0,0
44851,1,0
34359,0,0
3149,0,0
13847,0,0
1339,0,0
47035,0,0
12008,1,1
13139,1,1
42891,0,0
43128,0,0
47647,0,0
45904,0,0
15514,0,0
25243,1,1
34774,1,0
4494,0,0
25674,1,0
20529,0,0
15491,0,0
31898,0,0
25546,1,0
37051,0,0
37176,0,0
29105,0,0
44618,1,0
25624,0,0
11216,1,0
3612,0,0
36901,0,0
29464,0,0
32468,0,0
26872,0,1
11756,0,0
12557,0,1
10613,0,0
16248,0,0
24802,0,0
15384,1,1
8753,0,0
2483,1,1
41669,0,0
481,0,0
32551,0,0
20542,0,0
42881,1,0
48592,1,1
17009,0,0
40168,0,0
23225,0,0
27236,0,0
12135,0,0
26099,0,0
9242,0,0
27990,0,0
36149,0,0
36700,0,0
844,0,0
38031,0,0
45390,0,0
25053,0,1
43075,1,0
43680,1,0
27001,0,0
30130,0,0
32268,0,0
20107,0,0
11464,0,0
39107,0,0
32993,0,0
24936,0,0
33627,1,1
23656,0,1
11396,1,0
45999,1,1
3573,1,1
30336,0,0
48141,0,0
23462,0,0
14578,0,0
1320,1,0
14445,1,0
23029,0,0
23818,0,0
16903,0,0
36973,0,0
44749,0,0
17388,0,0
2176,0,0
46942,1,1
4270,1,0
45337,1,1
48442,1,0
41385,1,0
5647,0,0
7811,0,0
19767,0,0
12360,0,0
30026,0,0
16449,0,0
47246,0,0
12305,0,0
22036,1,0
39384,1,0
34694,0,0
19308,1,1
30226,0,1
10320,1,0
13611,0,0
7334,0,1
31626,1,0
47579,0,0
32037,0,0
45314,0,0
18806,0,0
16775,0,0
43783,0,0
20318,0,0
35542,0,0
11533,0,0
9549,0,0
41929,0,0
31955,0,0
7423,0,0
802,1,0
2980,0,0
8424,1,1
31186,0,0
45850,0,0
22321,0,0
47151,1,0
23619,0,0
16941,1,0
37074,0,0
11181,0,0
25662,0,0
12750,0,0
41284,0,0
8583,1,0
47611,0,0
5814,1,0
7893,0,0
30293,1,0
11735,0,0
26071,0,0
20291,0,0
609,0,0
33676,0,0
19206,1,1
34950,1,1
7430,1,0
27028,0,0
17206,0,0
18035,1,0
35236,1,0
1379,1,1
48402,0,0
4898,0,0
6071,0,1
560,0,0
26836,0,0
22498,1,1
15273,0,0
32777,1,1
25026,0,0
5530,0,0
14313,1,1
29692,0,0
1782,0,0
28195,0,0
46271,0,0
30724,0,0
42406,0,0
26829,0,0
45228,0,0
18189,0,0
15250,0,0
15653,0,0
2966,1,0
830,0,0
18037,0,0
21132,0,0
6586,0,0
31741,1,0
9368,0,0
23213,0,0
41730,1,1
22487,0,0
20717,0,0
36315,0,0
23369,0,0
33868,0,0
48218,0,0
38829,0,0
22746,1,1
37531,1,0
1081,0,0
46829,0,0
39013,1,0
44528,0,0
31582,0,0
10162,0,0
13787,1,0
45124,0,0
7363,0,0
46768,0,0
43409,0,0
23962,1,0
7454,0,1
1682,0,0
12628,0,0
7575,0,0
22107,0,0
31091,0,0
31968,0,0
38241,1,0
17905,0,0
34254,0,0
48768,0,0
37674,0,0
17870,0,0
21454,1,0
37859,1,0
14287,0,0
15784,1,0
44290,0,0
27015,0,0
25114,1,0
26886,0,0
1227,1,1
18337,1,1
30984,0,0
31104,0,0
34401,0,0
45491,0,0
20285,1,0
42769,1,0
30852,0,0
1077,0,0
7816,0,0
38136,1,1
22296,0,0
11924,0,0
48462,1,0
2340,1,0
14575,1,0
16459,0,0
41825,0,0
28481,0,0
42699,1,0
44433,0,0
19931,0,0
15661,0,0
32885,1,1
45120,0,0
46773,0,0
26766,0,0
7753,0,0
637,0,0
7571,0,1
5,0,0
40061,0,0
29638,1,0
47332,0,0
4212,0,0
2700,0,0
45080,1,0
32528,0,0
11553,0,1
27877,1,0
48551,0,1
2528,0,0
21858,0,0
409,1,0
12031,0,0
7149,0,0
12564,0,0
1649,0,0
27820,1,0
24718,1,0
37435,0,0
10046,0,0
3064,0,0
42002,0,0
11230,0,0
15130,0,0
11623,0,0
40220,0,0
28214,0,0
48714,0,0
22858,0,0
40419,0,0
36088,1,1
24403,0,0
40560,1,1
22438,0,0
28476,0,0
40794,0,0
16328,0,0
6549,0,0
40632,0,0
41176,1,0
40865,0,0
34900,0,0
45121,0,0
41421,0,0
27110,1,0
9110,0,0
14441,1,0
25386,1,0
6005,0,0
38980,0,0
38738,0,0
2102,0,0
47251,1,0
3747,0,0
7437,1,0
14716,0,0
14160,0,0
12023,0,0
17710,1,1
15069,0,0
5466,0,0
37421,0,0
28029,0,0
9441,0,0
38740,0,0
46426,0,0
767,0,0
18521,1,0
29910,0,0
16067,0,0
44870,0,0
22255,0,0
1661,0,1
15691,0,0
43401,1,0
33056,0,0
44823,0,0
31512,0,0
28888,0,0
9941,0,0
48670,1,0
3119,0,0
11205,1,1
47559,0,0
5186,0,0
14902,1,0
20923,0,0
34804,0,0
26675,0,0
47752,0,0
47478,0,0
29206,0,0
48748,0,0
14412,0,0
13627,1,0
43660,0,0
24084,0,0
36903,0,0
20193,0,1
9376,0,0
47139,1,0
1011,0,0
36930,1,0
11407,0,0
36782,0,0
5098,0,0
48817,1,0
11764,0,0
47511,0,0
19285,0,0
11050,1,1
8751,0,0
11234,0,0
33211,1,1
17670,0,0
40501,1,1
395,0,0
5661,0,0
33532,0,0
28887,1,0
46080,0,0
18489,0,0
22774,0,0
26004,1,0
20068,0,0
32713,0,0
35347,0,0
20087,1,0
42534,1,0
31107,0,0
32925,0,0
1856,0,0
12899,1,1
4034,1,0
39019,1,0
18450,0,0
7949,0,0
31078,0,0
13574,1,0
11617,1,0
34046,0,0
36239,0,0
13213,1,0
2282,0,0
2283,0,0
15855,1,0
27583,0,0
10785,0,0
11359,1,0
18485,0,0
5018,0,0
46076,0,0
19695,0,0
48649,0,0
16830,0,0
17412,0,0
4740,0,0
38559,0,0
36487,0,0
4027,0,0
17253,1,1
4967,0,0
21676,0,0
14644,0,0
34873,0,0
24511,0,0
18115,0,0
42868,0,0
33949,0,0
28739,0,0
10531,0,0
8882,1,0
14822,1,0
11312,1,0
44353,1,0
6297,0,0
47480,0,0
45788,0,0
22801,0,0
34237,0,0
3294,0,0
34117,0,0
17429,1,0
16417,0,0
17415,0,0
33474,0,1
11930,0,0
11900,0,0
16377,1,0
30011,1,0
9056,0,0
5680,1,1
37946,0,0
45296,0,0
37625,1,0
12051,0,1
29904,0,0
1541,0,0
20431,0,0
47129,0,0
10975,0,0
26648,1,0
6959,0,0
20760,1,0
27124,0,0
10741,0,0
44884,0,0
18371,1,0
13737,0,0
40677,0,0
11004,0,0
18949,0,0
27902,0,0
10027,1,0
32870,0,0
40894,0,0
26583,0,0
30818,0,1
11168,0,0
1460,1,0
42774,1,1
27712,0,0
20783,1,0
34222,0,0
7056,0,0
6458,0,0
30030,0,1
19713,0,0
6731,0,0
24013,1,0
23587,0,0
45739,0,0
3724,0,0
47158,0,0
18156,1,0
33160,0,0
3502,0,0
7421,1,0
15548,0,0
27000,1,0
29248,0,0
13302,0,0
47394,0,0
22397,1,0
11842,0,0
28301,0,0
48008,1,0
3954,0,0
23030,0,0
1421,0,0
5477,1,0
27137,0,0
11939,0,0
30267,0,0
36346,0,0
999,0,0
6533,0,0
35156,0,0
31982,0,0
15704,0,0
12394,1,0
5125,0,0
22109,0,0
18576,0,0
2648,0,0
37032,0,0
7648,0,0
33760,0,0
15075,0,0
33664,0,0
26823,0,0
25602,1,0
23133,0,0
5189,0,0
44487,0,0
15768,0,0
18999,0,0
33893,1,1
20384,0,0
34015,0,0
9993,0,0
1824,1,1
24348,0,0
34753,0,0
40445,1,1
4810,0,0
18232,0,0
41190,0,0
22547,0,0
3302,0,0
28713,0,0
4158,0,0
797,0,0
4586,1,0
11854,1,1
48534,0,0
39516,0,0
40062,0,0
38721,0,0
10487,0,0
22788,0,0
22593,0,0
30992,0,0
6596,0,0
41504,0,0
42401,0,0
35061,0,0
27032,0,0
34629,0,0
9264,0,0
28006,1,0
35820,0,0
3163,1,1
36898,0,0
45885,0,0
41318,1,0
26566,0,1
25119,0,0
39982,1,1
36240,0,0
6575,0,0
30372,0,0
44688,0,0
37337,0,0
11111,1,0
460,0,0
22235,0,0
1630,0,0
40018,0,0
3255,0,0
16405,0,0
31413,1,1
15483,0,0
39960,0,0
1518,0,0
27164,0,0
22729,0,0
47495,0,0
22537,1,0
16176,0,0
27356,0,1
27139,1,0
23394,0,0
38285,0,0
9199,1,0
164,1,0
24743,0,0
34971,0,0
32249,1,1
44892,0,0
45116,0,0
205,0,0
2236,0,0
11767,0,0
48188,1,0
26206,0,0
21806,0,0
34772,0,0
39326,1,0
529,1,1
3354,0,0
11948,1,0
28242,1,0
2405,0,0
42475,0,0
34131,0,0
22003,0,0
154,1,1
26501,0,0
19696,0,0
46366,0,0
3019,0,1
15158,0,0
19816,0,0
43764,0,0
45839,1,1
36891,1,0
5860,0,0
39800,1,1
31403,0,0
18769,0,0
15042,0,0
6342,1,1
9405,0,0
17569,0,0
36287,0,0
38625,0,0
13074,1,1
35066,0,0
39645,0,0
28534,0,0
19430,0,0
22566,0,0
32964,1,0
31558,0,0
20463,1,0
17740,1,0
3265,0,0
3386,0,0
22307,0,0
18853,0,0
24531,0,0
32351,0,0
5504,0,0
5943,0,0
17746,0,0
41908,1,0
30230,1,0
4973,1,1
505,1,1
26434,0,0
47830,0,0
20450,1,0
213,0,0
35240,0,0
7046,1,0
46925,0,0
7727,0,0
28971,0,0
35936,1,1
8383,0,0
19748,0,0
47524,1,0
18572,0,0
40054,0,0
25268,0,0
20980,0,0
3148,0,0
18106,1,0
20683,0,0
32160,0,0
14841,1,1
41219,0,0
14166,0,0
45616,0,0
43425,0,0
3941,0,0
18713,0,0
42953,0,0
34898,0,0
8656,0,0
17341,0,0
39836,0,0
18052,1,1
7389,0,0
11803,0,0
37152,0,0
14796,0,0
24498,0,0
45038,0,0
28287,0,0
32191,0,0
14407,1,1
29900,0,1
30157,0,0
14555,0,0
39995,0,0
47783,1,1
4346,0,0
47952,1,0
7770,0,0
14240,0,0
21015,0,0
40918,0,0
27065,0,0
9373,0,0
19672,0,0
105,0,0
17997,0,0
36580,0,0
34684,1,0
2711,1,0
47850,0,0
38222,0,0
9730,1,0
38374,0,0
30446,0,0
34145,0,0
29947,0,0
41395,0,0
31965,0,1
42723,1,1
14891,1,0
35043,0,0
43336,0,0
2721,0,0
18425,0,0
28198,0,0
5544,1,0
31666,0,0
35409,0,0
4426,0,0
3990,0,0
36375,0,0
47305,0,0
29939,0,0
4119,0,0
30558,1,1
905,0,0
39377,0,0
8327,0,0
38926,0,0
33140,0,1
43935,0,0
46917,0,0
44298,0,0
28958,1,1
25411,1,0
40925,0,0
32744,0,0
6126,0,0
38056,0,0
590,0,0
9486,0,0
21183,0,0
660,1,1
6664,0,1
9814,1,0
43104,0,0
36927,0,0
36881,1,1
27318,0,0
32180,0,0
35774,0,0
40219,1,1
35947,0,0
37296,1,0
11665,1,0
23602,0,0
21850,0,0
47217,1,0
40455,0,0
21412,0,0
39661,1,0
7501,0,0
32627,0,0
18773,0,0
3490,0,0
22042,0,0
24255,1,0
43353,0,0
43099,0,0
15343,0,0
3577,1,0
37657,0,0
28291,0,0
47638,1,1
26070,0,0
28856,1,1
19460,0,0
15552,1,0
581,1,0
30233,0,0
47145,1,0
21523,0,0
9269,0,0
9989,0,0
34108,0,0
45447,0,0
40843,0,0
21678,1,1
11686,0,0
2043,0,1
41687,0,0
39748,1,1
36961,0,0
44302,0,0
3108,0,0
9658,0,0
5295,1,0
2970,0,0
25187,0,0
47287,1,1
46574,0,0
25589,0,0
17513,0,0
43360,1,0
35501,0,0
12136,1,0
46952,0,0
37942,0,0
28522,1,0
21242,1,0
21973,0,0
33652,0,0
20474,0,0
38293,0,0
12152,1,1
981,0,0
9796,1,0
43453,0,0
8396,0,0
16547,0,0
8790,0,0
19105,0,0
5936,1,0
28049,0,0
25354,0,0
17924,1,1
47028,0,0
42077,1,0
3168,0,0
25379,0,0
15860,0,0
44780,0,0
37186,0,0
3155,0,0
22640,1,0
37647,0,0
19265,0,0
7695,0,0
1602,0,0
40275,1,1
8717,0,1
32062,0,0
6143,0,0
7314,1,1
43106,1,1
1093,0,0
26138,1,0
24733,0,0
45243,0,0
569,0,0
33241,1,1
31555,0,1
36001,0,0
13408,1,0
48725,0,0
48305,1,0
9040,0,0
46123,0,0
18059,0,0
28643,0,0
8662,0,0
28617,0,0
9231,1,0
36838,1,1
29358,0,0
7537,0,0
17301,0,0
2583,1,0
46929,0,0
14463,0,0
4637,1,1
34268,0,0
17921,0,0
30776,0,0
541,1,0
19593,0,0
6277,0,0
9429,0,0
25600,0,0
40664,0,0
33277,0,1
30359,0,0
12632,1,0
8378,0,0
36150,0,0
20284,0,0
40292,0,0
18700,0,0
26310,0,0
24773,0,0
22048,1,0
48043,0,0
15532,0,0
41224,1,1
7849,0,0
23637,0,0
30527,0,0
45581,0,1
48197,0,0
36669,0,0
38069,0,0
16009,1,1
35093,1,0
36406,0,0
7172,0,0
35809,0,0
42751,1,0
17284,0,0
16588,0,0
31612,1,1
18648,1,1
35079,0,0
27456,0,0
8476,0,0
7521,0,0
48504,0,0
42138,1,0
25702,0,0
26620,1,0
33036,0,0
16116,0,0
702,1,1
1695,0,0
39511,0,0
35049,0,0
45233,1,0
12954,0,0
24465,1,0
15777,0,0
40128,0,0
39831,1,0
23596,0,0
23424,1,0
27674,0,1
12830,0,0
44989,0,0
2082,1,0
37277,1,1
33088,0,0
29073,0,0
7896,0,0
21554,0,0
27763,0,0
34995,0,0
32349,0,0
29927,0,0
110,0,0
30708,1,0
23793,0,0
23145,0,0
36599,0,0
29591,1,0
6648,0,0
34460,0,0
32162,0,0
30474,0,0
29887,0,0
48241,0,0
10757,0,0
11570,0,1
12946,0,0
31901,0,0
44477,0,1
39933,0,0
7563,0,0
44379,0,0
13575,0,0
25311,0,0
32876,0,0
43540,0,0
17961,0,0
41526,0,0
37481,0,0
30649,0,0
6263,0,0
41182,0,1
22843,0,0
10657,0,0
28609,0,0
41715,1,1
29967,0,0
18488,0,0
6131,1,0
37749,1,1
29626,1,0
25050,0,0
30112,0,0
7404,1,0
2719,0,0
17151,1,0
13278,0,0
37437,1,0
40559,0,0
30502,0,1
12423,1,1
48526,1,0
4101,0,0
30249,0,0
2316,1,1
1133,0,0
25419,0,0
4502,0,0
23941,0,0
8720,0,0
27077,0,0
24022,1,0
6955,1,0
28976,0,0
23061,0,0
17407,1,0
4017,0,0
46821,0,0
26172,0,0
12477,0,0
4438,0,0
17491,1,0
4959,0,0
3159,0,0
23811,0,0
42188,0,0
47314,0,0
15449,1,1
38094,0,0
6506,0,0
34176,0,0
37518,0,0
30811,0,0
30042,0,0
42647,1,0
34160,1,0
11745,0,0
4606,0,0
7862,1,0
33942,0,0
5334,0,0
40127,0,0
30924,0,0
22611,1,0
24874,0,0
41816,0,0
29561,0,0
40314,0,0
45610,0,0
39032,0,0
21525,0,0
21890,0,0
13821,1,0
29961,0,0
5554,0,0
34713,0,0
18862,0,0
47592,1,1
32659,0,0
2254,0,0
28607,1,0
23458,1,1
31254,0,0
42861,0,0
32710,0,0
43666,0,0
24683,1,1
7957,0,0
15952,0,0
10006,0,0
25212,0,0
47785,0,0
28691,0,0
9662,1,0
47652,0,0
29897,1,0
2414,0,0
5737,0,0
4872,1,0
34618,1,0
17703,0,0
3608,1,1
14377,0,0
13162,0,0
4469,0,0
24342,0,0
707,0,0
38529,0,0
23511,0,0
48378,0,0
42904,0,1
25076,1,0
37495,1,0
34190,0,0
1080,0,0
10944,1,0
42075,1,0
30626,1,1
1142,0,0
9661,1,0
8430,0,0
42103,0,0
32573,0,0
39833,1,0
22369,0,0
11125,0,0
37061,1,0
9674,0,0
18453,0,0
10484,0,0
12049,0,0
33156,0,0
10384,1,1
22652,0,0
7205,0,0
32717,0,0
31832,1,0
38107,1,0
13602,0,0
46177,0,0
27136,1,0
36031,0,0
588,0,0
39111,0,0
6767,0,0
21106,1,0
17867,0,0
26878,0,0
33243,0,0
33881,0,0
1892,1,0
15155,0,0
1967,1,0
39306,0,0
22535,0,0
2430,0,0
3324,1,0
13884,0,0
13482,0,1
46423,0,0
19584,0,0
27618,0,0
18910,0,0
42411,1,0
34625,0,0
29962,0,0
36853,1,1
28143,0,0
39472,1,0
45249,0,0
30296,1,0
25904,0,0
33238,0,0
16015,0,0
19370,1,1
28985,1,0
18226,1,0
43509,0,0
35521,0,0
18128,0,0
26873,0,0
7618,0,0
36112,0,0
45336,1,0
10485,0,0
28491,1,0
38396,0,0
431,0,0
47558,1,0
29557,0,0
15724,0,0
42052,0,0
29379,0,0
22769,0,0
42130,0,0
22916,0,0
45665,1,0
36769,1,0
8381,0,0
32540,1,0
40058,0,0
46362,0,0
5288,0,0
48026,1,0
10939,0,0
30275,0,0
41199,0,0
23274,0,0
39310,1,0
33136,0,0
44932,1,0
29903,0,0
21214,0,0
48596,0,0
4392,0,0
35489,1,0
24555,0,0
25742,0,0
39400,0,0
19871,0,0
39834,1,0
13809,0,0
15398,1,0
27468,0,0
738,0,0
44729,0,0
31070,0,0
1589,0,0
25793,0,0
40515,0,0
46800,1,0
7052,0,0
95,0,0
9272,0,0
8280,0,0
21165,0,0
32822,0,0
27393,0,0
38064,0,0
5991,0,0
19719,1,0
11748,1,1
37609,1,0
28125,0,0
19071,0,0
19789,0,0
12480,0,0
382,1,1
36996,0,0
28696,0,0
1115,0,0
45808,0,0
26230,0,0
27924,0,0
7015,0,0
24742,0,0
44740,1,1
16796,0,0
8270,0,0
771,0,0
27299,0,0
26181,1,0
33659,0,0
48560,0,0
12462,1,1
39093,1,0
27379,1,0
45650,0,0
45625,0,0
9786,0,0
34668,1,0
4041,0,0
22641,0,0
9838,0,1
29030,0,0
30556,0,0
8894,1,1
23025,0,0
34926,0,0
13372,0,0
14669,0,0
32376,0,0
17743,1,0
44897,1,0
2506,0,0
5789,0,0
44682,0,0
44359,0,0
46244,0,1
31247,0,0
27784,0,0
46182,1,0
1826,0,0
41312,0,0
33936,0,0
33859,1,1
42192,1,0
27957,0,0
1091,0,0
32973,0,0
44024,0,0
24123,0,1
4116,0,0
10599,0,0
29725,1,0
35608,0,0
45642,0,0
28092,0,0
29338,0,0
38443,0,0
2844,0,0
29003,0,0
35730,0,0
11660,0,0
41766,0,0
22346,0,0
3604,0,0
35270,0,0
9704,1,0
31086,0,0
27058,0,0
48506,0,0
43629,0,0
37873,0,0
41169,1,0
46805,0,0
38973,0,0
33458,0,0
23035,0,0
17250,0,0
23085,1,0
243,0,0
6953,0,0
10399,1,1
45294,0,0
29798,0,0
21665,0,0
25656,0,0
15026,0,0
29533,1,1
21251,1,0
12653,0,0
22586,0,0
35027,0,0
2305,1,1
7484,0,0
21687,1,0
37238,0,0
33023,1,0
11337,1,0
12759,1,0
10227,0,1
39892,0,0
44062,1,1
16632,0,0
18014,0,0
30540,1,0
10506,0,0
33478,1,0
21272,0,0
18630,0,0
10834,0,0
39647,1,1
2270,1,0
13348,0,0
16916,0,0
35150,0,0
26390,0,0
24532,1,1
28623,0,0
43042,0,0
27473,1,1
27414,0,0
29018,1,0
36332,1,0
45505,0,0
41218,1,0
10743,0,0
27472,1,1
34981,0,0
37093,0,0
22623,0,0
33854,1,0
36101,0,0
15009,1,1
25435,0,0
324,0,0
2437,1,1
43766,0,0
6650,1,1
48524,0,0
18723,0,0
31695,0,0
21918,0,0
39875,0,0
17345,1,0
48163,0,0
23942,0,0
2097,0,0
24744,1,0
21229,0,0
29027,1,1
3193,0,0
18053,1,0
17824,0,0
35508,0,0
1556,1,0
44360,0,0
9094,0,0
12216,0,0
39185,0,0
24071,0,0
15052,0,0
9574,1,0
2590,0,0
23701,1,0
33040,1,0
23332,1,1
23995,1,1
15566,0,0
13862,1,0
29060,1,0
47698,1,1
5318,1,0
18817,0,0
19714,0,0
40207,1,0
32941,0,1
8950,1,0
8982,0,0
2457,0,0
23999,1,0
8445,0,0
24618,0,0
18301,0,0
5111,0,0
36241,0,0
19512,0,0
37541,1,0
40398,0,0
25009,0,0
18625,1,1
28653,0,0
33100,0,0
43672,0,0
34561,0,0
20120,0,0
25128,0,0
8913,1,1
25421,1,1
41189,0,0
16904,0,0
2274,1,0
26810,1,0
11438,0,0
578,1,0
19068,0,0
33757,0,0
19118,0,0
18256,1,1
39600,1,0
33744,1,0
18846,0,0
20757,0,0
26643,1,0
12178,0,0
1522,0,0
19925,0,0
33634,0,0
30538,0,0
40823,0,0
30144,0,0
2958,0,0
26992,0,0
21908,0,0
4465,1,0
42338,0,0
39470,0,0
1723,0,0
31549,0,0
41225,0,0
32411,0,0
39804,1,0
10313,0,0
37900,0,0
21528,0,0
26662,0,0
32892,0,0
16035,0,0
18528,0,0
42084,1,0
28690,0,0
35002,0,0
44950,1,1
13604,0,0
32208,0,0
768,0,0
12554,0,0
4695,0,0
37374,0,0
28514,0,0
290,1,0
43678,0,0
8647,0,0
46712,0,0
16117,0,0
34330,0,0
24274,0,0
40970,1,0
16766,0,0
2196,0,0
40248,1,0
12390,0,0
9666,0,0
19553,0,0
340,1,0
19990,0,0
9693,0,0
30149,0,0
30067,1,0
46736,0,0
23147,0,0
48074,0,0
960,0,0
17619,0,0
38776,0,0
10526,1,1
30808,0,0
21276,0,0
26496,0,0
646,0,0
4266,0,0
24999,0,0
4694,0,0
9763,0,0
11280,0,0
48291,0,0
37276,0,1
14718,0,0
39208,0,0
4941,0,0
33531,0,0
12626,0,0
14706,0,0
43469,1,0
38629,0,0
26372,0,0
6940,0,0
11927,0,0
11515,0,0
10606,0,0
1312,0,0
12091,0,0
35373,0,0
4852,0,0
10619,0,0
6410,1,1
43911,0,0
48665,0,0
24538,0,0
15024,1,0
46082,0,0
7242,0,0
28482,1,0
48105,0,0
38555,0,0
46284,0,0
20984,0,0
43703,0,0
40824,0,0
3166,0,0
29259,1,1
41461,1,0
23011,0,1
36831,0,0
26329,0,0
16412,0,1
12084,0,0
6014,1,0
5395,0,0
10236,0,0
8152,0,0
42147,0,0
5740,0,0
9126,0,0
18532,0,0
19959,0,0
34068,1,0
41136,0,0
38517,0,0
11787,0,0
34867,1,0
11378,0,0
9444,0,0
22474,0,0
8114,0,0
5807,1,0
1811,0,0
1307,0,0
15383,0,0
16375,1,0
40148,1,0
775,0,0
36873,1,1
44372,0,0
2358,0,0
29843,0,0
45868,1,1
34372,1,0
16253,0,0
5536,0,0
14895,0,0
36132,0,0
47093,0,0
2140,0,0
48798,0,0
45892,0,0
8855,1,0
46881,0,0
19323,0,0
30519,1,1
30736,0,0
14926,0,0
25667,1,0
11781,0,0
15630,0,0
16108,0,0
39631,0,0
14161,0,0
5822,0,0
44066,0,0
42106,1,1
11353,1,0
12823,0,0
14923,0,0
30699,0,0
31485,1,0
29728,0,0
39415,0,0
15582,0,0
41261,0,0
30787,0,0
39361,1,0
10581,0,0
8448,1,1
20422,0,0
18542,0,0
40010,0,1
17736,0,0
39473,0,0
14143,1,0
4011,1,0
11658,0,0
41425,0,0
46775,0,0
6771,0,0
36947,0,0
5033,0,0
3349,1,0
28839,0,0
12140,0,0
26797,0,0
42036,0,0
36904,0,0
11405,0,0
32639,0,0
5055,0,0
10210,0,0
8449,1,0
22754,0,0
39031,0,0
11611,0,0
33479,1,0
23809,0,0
27361,1,1
43160,0,0
27548,0,0
47431,0,1
43763,0,0
2846,0,0
35741,0,0
11801,0,0
97,0,0
38108,0,0
1813,0,0
43950,0,0
1128,0,0
39951,0,0
47187,0,0
19652,0,0
28203,0,0
30780,0,0
21584,0,0
36813,0,0
32998,0,0
23831,1,0
17247,1,0
41417,0,0
42706,0,0
46714,0,0
43807,0,0
24568,0,0
1517,0,0
4240,0,0
32700,0,0
34012,0,0
15570,0,0
46408,1,1
30887,0,1
40712,0,0
20466,0,0
25242,0,0
14676,0,0
27345,0,0
25144,0,0
4984,0,0
33758,0,0
43848,1,0
28002,0,0
19132,0,0
47999,0,0
4488,0,0
24984,0,0
12488,0,0
28697,1,0
18952,0,0
45585,0,0
27441,0,0
21452,0,0
36572,0,0
5250,1,1
21023,1,1
26231,0,0
39571,1,0
27390,0,0
45848,1,0
17171,0,0
36532,1,0
5025,0,0
47051,0,0
26323,1,0
19680,0,0
40835,1,0
20714,1,0
1426,0,1
10608,0,0
24179,0,0
14473,0,0
33577,0,0
3037,0,0
43179,0,0
16990,0,0
42001,0,0
23136,0,0
1964,0,0
22247,0,0
6773,0,0
18578,0,0
2804,0,0
6075,0,0
38684,0,0
21852,0,0
41867,1,0
3510,1,0
13360,1,0
44969,0,0
26876,0,0
15923,0,0
18537,0,0
22778,0,0
41409,0,0
33428,0,0
27656,0,0
1564,0,0
42151,0,0
46254,0,0
45180,1,0
24376,0,0
38212,0,0
20814,1,1
22848,0,0
33314,0,0
9008,0,0
7393,0,0
36075,1,0
26315,0,0
976,0,0
1233,0,0
36582,0,1
33995,1,0
35792,0,1
15232,0,0
42064,0,0
912,0,0
24196,0,0
26164,0,0
28202,1,0
21565,0,0
23743,0,1
13828,0,0
41465,0,0
30016,0,0
9407,1,0
6273,0,0
37656,1,0
15533,0,0
41175,1,0
35638,0,0
6585,1,1
30173,1,0
31282,1,0
45435,1,0
21358,0,0
20420,0,0
16720,0,0
7359,0,0
37380,0,0
29731,0,0
7401,0,0
4909,0,0
11222,0,0
34314,0,0
43255,1,0
31596,1,1
30675,1,1
31553,0,0
10553,0,0
2832,0,1
43507,1,1
25686,0,0
6558,0,0
44934,0,0
665,1,0
19769,0,1
11612,0,0
47970,0,1
26045,1,0
40241,0,0
27802,1,1
23641,0,0
30619,0,0
7815,0,0
6218,1,1
39865,0,0
42059,0,0
28322,0,0
12945,0,1
4237,0,0
47986,0,0
26003,0,0
22054,0,0
24188,0,0
6227,0,0
45810,0,0
5969,0,0
39752,1,0
10250,0,0
32800,0,0
37214,0,0
22257,0,0
41872,0,0
31961,0,0
19199,0,0
16794,1,0
21783,0,0
6548,0,0
47814,1,0
46606,1,1
32312,0,0
121,0,0
18388,0,0
20443,0,0
2554,1,0
35596,0,0
2687,0,0
29559,0,0
10113,0,0
24943,0,0
46115,0,0
19471,1,0
47481,1,0
46568,0,0
26552,0,0
4179,0,0
2144,1,1
14869,1,0
44683,0,0
35970,0,0
33782,1,0
20035,1,0
138,0,0
46070,1,0
37358,1,1
5945,0,0
25826,0,0
20978,0,0
42361,1,0
39788,0,0
37736,0,0
43279,0,1
6192,0,0
33833,0,1
16565,0,0
9726,0,0
18208,0,0
42000,0,0
34584,0,0
35557,0,0
7584,0,0
32615,0,0
13298,0,0
19817,1,0
8633,1,0
40589,0,0
8955,0,0
40216,0,0
36313,0,0
24466,0,0
41166,0,0
14204,1,1
11141,0,0
13964,1,0
17563,1,0
43707,0,0
46036,1,1
8698,1,0
9439,1,0
19461,1,0
17970,1,0
46610,1,0
47577,0,0
43439,0,0
6288,0,0
43100,0,0
45333,0,0
16862,1,0
6385,0,0
32960,0,0
2576,1,0
33047,0,0
35791,0,0
38762,0,0
34184,0,0
24485,0,0
37287,0,0
34419,0,0
48565,0,0
5292,0,0
2472,1,0
16575,0,0
12317,0,0
17048,0,0
31892,0,0
40173,0,0
34577,0,0
18731,0,0
14300,1,0
38022,0,0
3983,0,0
14585,0,0
18251,0,0
44675,0,0
46003,1,0
2411,0,0
22341,0,0
31072,1,0
36396,0,0
46667,0,0
40700,1,0
14355,0,0
33198,0,0
47212,0,0
33328,0,0
45081,0,0
36574,0,0
37281,0,0
13729,0,0
19805,0,0
46071,1,1
41154,0,0
17002,0,1
21587,0,0
47164,0,0
38086,0,0
18270,0,0
37692,0,0
47474,0,0
217,0,0
41734,0,0
45322,0,0
23359,0,0
12719,1,1
24032,0,0
25425,0,0
9625,0,0
1498,0,0
22006,0,0
35668,1,0
43785,0,0
42408,0,0
19289,0,0
36981,0,0
5682,0,0
20452,0,0
37245,1,0
44299,0,0
16471,0,0
43868,0,0
25937,0,0
29330,0,0
40912,1,0
25760,0,0
3660,0,0
5700,0,0
21527,0,0
33870,0,0
4369,0,0
41584,0,0
13037,1,1
39842,0,0
23309,0,0
13492,0,0
19240,0,0
28957,0,0
21620,0,0
26981,1,1
19913,0,0
47172,0,0
36350,0,0
29963,1,0
38963,0,0
2995,0,0
24544,1,0
43995,0,0
46529,1,1
34574,0,0
29535,0,0
15422,0,0
7752,1,0
48643,0,0
34382,1,0
27901,0,0
3973,0,0
8394,0,0
18243,1,1
17615,1,0
18019,1,0
12228,0,0
4681,0,0
16481,0,0
22563,0,0
23772,0,0
46613,0,0
55,0,0
18298,0,0
24150,0,0
33512,0,0
3466,1,0
34914,1,1
17025,0,0
22815,0,0
7768,0,0
3266,0,0
40863,0,0
24218,0,0
374,0,0
3039,0,0
28988,0,0
25502,0,0
19653,0,0
2608,0,0
4097,0,0
22337,0,0
3204,0,0
35462,0,0
9744,0,0
48407,0,0
15930,0,0
780,0,0
11447,1,0
674,0,0
24082,1,0
16806,0,0
48367,0,0
28288,0,0
42049,0,0
3816,0,0
44311,0,0
5078,0,0
16368,0,0
3143,0,0
20821,1,1
7864,0,0
30454,0,0
27023,0,0
39924,0,0
16486,0,0
47994,0,0
24104,0,0
23246,0,1
29005,0,0
5444,0,0
23163,0,0
31310,0,0
11304,1,0
38848,0,0
24793,0,0
45556,0,0
7387,1,1
18065,0,1
46023,0,0
23241,1,1
34440,1,0
42141,0,0
23482,0,0
18162,1,0
31728,1,0
40134,1,0
3537,0,0
12605,1,1
1363,1,1
42547,0,0
43025,0,0
18822,1,0
48413,0,0
25511,0,0
17588,0,0
46454,0,0
25366,0,0
11201,0,1
13853,0,0
36324,0,0
26841,0,0
551,0,0
15806,1,1
33808,0,0
3244,0,0
14614,1,1
37274,0,0
21610,1,0
24239,1,0
24642,1,0
28016,0,0
22854,1,0
7100,0,0
36013,0,0
23389,0,0
26926,0,0
46994,0,0
7188,0,0
7324,0,0
5756,1,0
24311,0,0
32862,0,0
10377,0,0
43153,0,0
45226,0,0
24630,0,0
16419,0,0
4466,1,0
48588,1,1
5223,1,1
34920,0,0
46404,1,1
259,0,0
7918,0,0
43367,0,0
27059,0,0
8222,0,0
15287,0,0
28451,0,0
7662,0,0
31323,0,0
2116,0,0
17570,0,0
12484,0,0
39341,0,0
17859,0,0
16758,0,0
42827,0,1
24957,0,0
36638,0,0
29861,0,0
14513,1,0
29713,0,0
42416,0,0
7688,0,0
32856,0,0
11400,0,0
18604,0,0
35295,1,0
26268,0,0
36675,0,0
30252,0,0
39115,0,0
40715,0,0
23405,0,0
5255,0,0
31869,0,0
4761,0,0
12775,0,1
32920,0,0
17245,0,0
47195,0,0
6948,0,0
32729,0,0
23045,1,0
44264,0,0
34928,0,0
47695,0,0
22591,1,0
10992,0,0
13008,0,0
29519,1,0
32215,0,0
15835,0,0
37101,1,0
47025,0,0
28923,0,0
24200,0,0
19453,0,0
18322,0,0
34583,0,0
32472,0,1
45070,0,0
33813,0,0
9403,1,0
20094,0,0
38811,0,0
16134,1,0
29062,0,0
29602,0,1
42516,0,0
12252,0,0
43112,0,0
33286,0,0
35991,0,0
25080,0,0
26244,0,0
23434,0,0
26086,0,0
40500,0,0
31360,0,0
42859,0,0
14943,0,0
14714,0,0
8452,1,0
6669,0,0
42603,0,0
16115,1,0
5429,1,1
29172,0,0
41855,0,0
45388,0,0
36407,1,0
39098,1,0
26276,1,0
45902,0,0
15097,0,0
1771,0,0
26551,0,0
17211,0,0
13457,0,0
13812,0,0
39296,1,1
26604,0,0
37949,1,0
8649,0,1
42948,0,0
11524,0,0
17197,0,0
22078,0,0
47347,0,0
3536,0,0
39909,0,0
16158,1,1
26069,0,0
28576,0,0
48720,0,0
24315,0,0
45927,0,0
23684,1,0
44570,0,0
21533,0,0
1722,0,0
23750,0,1
27235,0,0
1845,0,0
32765,1,0
28081,1,0
3959,0,0
21842,0,0
17290,0,0
41336,1,0
24809,0,0
39916,0,0
5207,1,1
14662,1,1
37275,0,0
46029,0,1
23580,1,0
0,0,0
37973,0,0
31084,0,0
19218,0,0
12583,0,0
44121,1,0
41748,0,0
46401,0,0
48655,0,0
25450,0,0
39370,1,0
8225,0,0
22288,1,0
27694,0,0
19751,0,0
20593,1,0
47719,0,0
34651,0,0
15188,0,0
29325,0,0
1202,1,0
20674,0,0
38660,0,0
4926,1,1
35702,0,0
1406,0,0
13839,1,1
20038,0,0
10176,0,0
7877,0,0
5256,0,0
36005,0,0
6782,0,0
41850,0,0
42681,1,0
5070,0,0
35290,0,0
21148,0,0
44588,0,0
12264,0,0
38949,1,1
10576,0,0
16125,0,0
30432,0,0
29563,0,0
26624,0,0
39503,1,0
39601,0,1
43084,1,0
17449,0,0
23779,1,0
46814,0,0
9901,0,0
19120,0,0
6711,0,0
25484,0,0
11999,0,0
34350,0,0
20491,1,0
30100,0,0
24088,1,0
45338,1,0
7263,0,0
42980,0,0
24989,0,0
46106,0,0
21755,0,0
32200,0,0
807,1,1
12694,0,0
30925,1,0
28252,0,0
21664,0,0
25034,0,0
35527,0,0
22309,0,0
9753,0,0
47604,0,0
20873,1,0
192,0,0
40706,0,0
31373,0,0
48054,1,0
27830,0,0
27986,0,0
8287,0,0
44687,0,0
8161,0,0
32543,0,0
11325,0,0
3016,0,0
13385,1,0
31804,0,0
18955,0,0
22874,0,0
32833,0,0
18667,1,0
4414,0,0
14477,0,0
11552,1,0
3583,0,0
35711,0,0
34013,1,0
48831,0,0
25028,0,0
15083,1,1
986,1,0
33890,1,1
18645,0,0
30683,0,0
36759,0,0
26663,0,0
2091,0,0
36221,0,0
12115,0,0
45110,0,0
21269,1,0
13424,0,0
20872,0,0
27049,1,0
17992,0,0
4300,1,0
44410,0,0
3282,0,0
8887,0,0
14811,0,0
1042,0,0
47570,0,0
2645,0,0
41027,1,0
32774,0,0
31321,0,0
3279,0,0
12606,0,0
37212,0,0
14241,0,0
14082,1,0
10198,0,0
11610,0,0
10168,0,0
47678,0,0
28884,0,0
5009,1,0
25031,0,0
43845,0,0
26535,0,0
20679,0,1
46592,0,0
3972,0,0
34916,0,0
3087,0,0
18715,0,0
23919,1,0
31352,1,1
28091,0,0
35679,0,0
45935,1,0
6599,1,1
40878,1,1
43387,0,0
41492,1,0
38297,1,0
33529,1,1
31947,1,0
26917,0,0
27867,0,1
2979,0,0
22951,0,0
32855,0,0
34239,0,0
43775,0,0
28895,0,0
25399,0,0
47179,0,0
12892,0,0
33786,0,0
37307,0,0
5512,0,0
1040,1,0
38761,0,0
5557,1,0
43496,0,0
24869,0,0
40657,1,1
7701,0,0
11709,0,0
11100,0,0
29455,0,0
23399,0,0
7349,1,0
30413,0,0
28094,0,0
12907,0,0
47885,1,0
11755,0,0
26454,1,0
27737,1,0
22820,0,0
1402,1,1
37160,1,0
20878,1,0
44373,0,0
24754,0,1
34198,0,0
37417,0,0
45982,0,1
25303,1,0
2241,0,0
41804,0,0
31673,0,0
1295,0,0
29511,0,0
42234,1,1
2001,0,0
32658,0,0
25932,0,0
24777,0,0
15018,1,0
46697,0,0
426,0,0
13747,1,1
37387,0,0
3318,0,0
37706,0,0
44529,0,0
24370,0,0
28245,1,0
48728,0,0
12322,0,0
44788,0,0
20305,1,0
32689,0,0
30977,0,0
41833,0,0
27858,1,0
20644,0,0
41193,0,0
38023,1,0
35032,0,0
12229,0,0
6622,0,0
12962,0,0
10468,0,0
5640,0,0
9280,1,0
21764,0,0
24918,0,0
44439,0,0
11690,0,0
1367,1,0
9553,0,0
15140,0,0
5000,1,0
27297,0,0
15258,0,0
4799,0,0
39518,0,0
45771,0,1
18203,1,0
37135,1,1
5777,0,0
947,0,0
28181,0,0
38066,1,0
25019,0,0
22911,0,0
32752,0,0
6452,0,0
28404,0,0
32388,0,0
9042,0,0
29944,0,0
43424,1,0
20801,0,0
44366,1,0
41795,0,0
9590,0,0
25590,0,0
25487,0,0
40890,0,0
35084,0,0
29079,0,0
41289,0,0
654,1,0
46801,0,0
13573,1,0
26473,1,0
31165,0,0
44797,0,0
24980,1,1
25083,0,0
48195,1,0
16159,0,0
33527,0,0
11763,0,0
43622,0,0
8643,0,0
39900,1,0
48835,1,0
19770,1,0
4652,0,0
45310,0,0
45740,1,1
43997,0,0
34582,0,0
29803,0,0
27927,0,0
45557,0,0
29450,0,0
33222,0,0
15472,0,0
11576,0,0
14253,0,0
20998,1,1
38253,0,0
43026,0,0
17384,0,0
24765,0,0
14207,0,0
2511,0,0
48737,0,0
43914,1,0
33334,1,0
44783,0,0
45622,1,0
25619,0,0
11626,1,0
38668,0,0
1201,0,0
34109,0,0
23266,1,1
39110,1,0
8514,1,1
45047,0,0
22386,1,0
9976,0,0
32593,0,0
24219,0,0
7471,1,0
38822,0,0
6656,0,0
10862,1,0
41745,0,0
31284,0,0
43175,0,0
34008,0,0
25165,0,0
2585,1,1
23190,0,0
5852,1,0
16529,1,1
38024,0,0
31768,1,0
46526,0,0
31075,0,0
40609,0,0
22857,1,0
9670,0,0
17342,0,0
40486,0,0
1721,0,0
26772,0,0
16628,0,0
16788,0,0
43979,0,0
44174,0,0
23068,1,0
46151,0,0
35850,1,0
31296,1,0
5519,0,0
42552,0,0
47016,1,1
15463,0,1
38598,1,1
30957,1,0
16381,1,0
13204,1,0
19878,0,0
23891,0,1
15205,0,0
10280,0,0
7014,0,0
47618,0,0
18080,0,0
38676,0,0
42172,0,0
25976,0,0
27176,0,0
23553,1,1
12358,0,0
13652,0,0
8178,0,0
29940,0,0
8264,0,0
16820,0,0
19693,0,0
25951,0,0
47820,0,0
1918,0,0
24610,0,0
14586,1,0
4501,0,0
12627,0,0
20723,0,0
22395,0,0
14985,0,0
401,0,0
13705,1,0
42477,0,0
41360,1,0
28033,1,0
20095,0,0
35773,0,0
40415,1,0
41919,0,0
27903,0,0
35273,0,0
1942,0,0
10707,1,0
12039,1,0
26544,0,0
7291,0,0
42428,0,0
6964,1,0
30872,0,0
23802,0,0
32847,0,0
47309,1,1
47661,1,1
30591,0,0
25880,1,1
10358,0,0
36576,0,0
11322,0,0
32766,0,0
48078,0,0
41703,1,0
22915,0,0
26439,0,0
17273,0,0
12208,0,0
37972,0,0
42871,0,0
23913,0,0
33339,1,0
35203,0,0
31894,0,0
31363,1,0
30176,1,1
196,0,0
26194,0,0
7708,0,1
41183,1,1
7492,1,0
14767,0,0
47378,1,1
17408,0,0
14002,0,0
3830,0,0
20468,0,0
30190,0,0
23519,0,1
7333,0,0
47926,1,1
10837,0,0
32211,0,0
2092,0,0
46112,0,0
12696,0,0
45392,0,0
32017,0,0
44173,1,0
4090,1,0
22153,0,0
43456,0,0
42695,1,1
3684,0,0
32046,0,0
6300,0,0
16991,0,0
19830,0,0
9378,1,1
8306,0,0
4750,0,0
32769,0,0
42359,0,0
24930,0,0
40312,1,0
32568,1,0
13524,1,0
8876,0,0
34167,0,0
32176,0,0
16200,0,0
3520,0,0
13312,0,0
30865,1,0
35640,0,0
30445,0,0
45855,0,0
5721,0,0
5393,0,0
41740,0,0
9106,1,0
38118,0,0
14830,1,0
13461,0,0
15312,0,0
16747,0,0
10977,0,0
22917,0,0
5775,0,0
39662,1,1
19139,0,0
30564,0,0
2429,1,0
39650,0,0
22191,0,0
23649,0,0
48350,0,0
21503,1,0
21005,0,0
34708,0,0
6725,0,0
585,0,0
40562,1,0
24048,0,0
40531,1,0
34953,0,0
30533,0,0
19053,0,0
5353,0,0
34489,0,0
23886,0,0
29289,0,0
44597,0,0
25295,1,0
5488,0,0
4994,1,0
12385,1,0
44938,0,0
31561,0,0
5262,0,1
13387,0,0
4229,0,0
41055,0,0
12990,0,0
1926,0,0
33620,1,0
42255,0,0
39215,0,0
15620,0,0
33500,0,0
26277,0,0
35907,0,0
27546,0,0
12576,0,0
37365,0,0
4727,0,0
8169,0,0
17013,0,1
40525,0,0
35827,0,0
22725,0,0
24363,0,0
11114,0,0
22143,0,0
2753,1,0
6351,1,0
3313,1,1
33340,0,0
43416,0,0
29335,0,0
26057,0,0
37764,0,0
14221,1,0
13860,0,0
10272,0,0
18678,0,0
3432,0,0
9013,0,0
35603,0,0
39530,1,0
13309,0,0
45325,0,0
40291,1,0
29175,0,0
10674,0,0
7384,1,0
25834,0,0
28920,0,0
22977,0,0
30951,0,0
43043,0,0
25407,1,1
16025,0,0
30878,1,0
35439,0,0
20404,0,0
44233,0,0
27839,0,0
11352,0,0
3645,1,1
43200,0,0
28883,1,1
25310,1,0
33662,0,0
46445,0,0
26503,0,0
45787,0,0
34469,0,0
47234,0,0
7185,1,1
29985,0,0
7551,1,1
25727,0,0
22384,0,0
43210,1,0
12700,0,0
30017,0,0
5607,0,0
37371,0,0
7473,0,0
1458,0,1
6001,1,0
39299,1,0
42571,0,0
27716,1,0
2044,1,0
837,0,0
42750,0,0
15631,0,0
24520,0,0
8223,0,0
759,0,1
46930,1,0
39327,0,0
37393,0,1
18201,0,0
21481,1,0
47507,1,0
31267,0,0
6042,0,0
23903,0,0
25029,0,0
25115,0,0
10960,0,0
44966,0,0
17644,0,0
47768,0,0
21895,1,0
40834,0,0
5267,1,0
32427,0,0
15133,0,0
29012,0,0
24298,0,0
46469,1,0
32988,0,0
4519,0,0
5768,0,0
12223,0,0
15613,0,0
33858,1,0
6282,0,0
10684,1,0
8045,0,0
6331,0,0
15756,0,0
512,0,0
11469,0,0
45492,0,0
39591,1,0
22105,0,0
157,0,0
28274,0,0
4513,1,0
13957,1,0
18799,0,0
27215,0,0
45190,1,0
42531,0,0
34948,0,0
39508,0,0
42744,0,0
12763,0,0
48056,1,0
17530,0,0
103,0,0
30194,0,0
9051,0,0
38265,0,0
37224,0,0
35432,0,0
47265,0,1
112,1,0
31776,1,1
38087,1,0
46066,0,0
17256,0,0
46483,0,0
48626,0,0
15968,0,0
37650,0,0
22957,0,0
17994,1,0
12014,0,0
819,0,0
17706,0,0
4058,0,1
43135,0,0
36802,0,0
22943,0,0
10179,0,0
27689,1,0
5152,0,0
30993,0,0
20330,0,0
45179,0,0
37624,0,0
25971,1,1
36641,0,0
23939,0,1
41213,0,0
42309,0,0
26467,1,1
30563,1,0
9170,1,0
42256,0,0
9914,0,0
43646,1,0
24781,1,0
7365,0,0
36753,0,0
48593,0,0
31063,0,0
35613,0,0
6524,0,0
45931,0,0
37663,0,0
35378,0,0
7086,0,0
12000,1,1
37799,0,0
22263,0,0
14487,0,0
5946,0,0
19398,0,0
3967,0,0
32475,0,0
15909,0,0
47960,0,0
17991,0,0
22599,0,1
11590,1,1
14390,0,0
37283,0,1
17238,0,0
32624,0,0
38551,0,0
11593,0,0
8802,0,0
19646,1,0
33447,0,0
21341,0,0
40329,1,0
35067,0,0
45431,0,0
28321,0,0
8122,0,0
32241,0,0
20893,1,0
3070,0,0
42259,0,0
42017,0,0
3682,0,0
8485,0,0
37553,0,0
42484,0,0
6133,0,0
6289,0,0
17155,0,0
38683,1,0
41613,1,0
30350,0,0
22179,1,0
17119,0,0
35584,0,0
11707,0,0
24615,0,0
37809,0,0
48576,1,0
23669,0,0
43884,1,0
16761,0,0
47331,1,0
19070,0,0
27731,1,0
19433,1,0
10032,1,0
14986,0,0
1318,0,0
21263,0,0
15980,0,0
20237,0,1
36327,1,0
7411,0,0
41817,0,0
22496,0,0
25806,0,0
10855,0,0
41009,0,0
45779,0,0
5008,0,1
19378,0,0
46153,1,1
6695,1,1
21831,0,0
2007,0,0
19565,0,0
10240,0,0
8284,0,0
37192,1,0
38013,1,0
40391,0,0
15238,1,1
44461,0,0
7519,0,0
29176,1,0
42225,0,0
1422,0,0
40409,1,0
31302,0,0
13895,1,0
1916,1,0
23299,1,0
853,0,1
11915,1,1
6950,0,0
17962,0,0
19539,0,0
48532,0,0
31237,1,0
39967,1,0
9032,0,1
18610,0,0
46058,0,0
32935,0,0
10239,0,0
35627,1,0
20690,0,0
27954,0,1
27043,0,0
7676,0,0
21361,0,0
31064,0,0
4411,0,0
28951,0,0
17714,0,0
19410,1,0
41458,0,0
21809,0,0
37768,1,0
27688,0,0
35287,1,1
19463,0,0
12108,0,0
4447,0,0
27228,0,0
22362,0,0
42301,0,0
41173,0,0
38911,1,0
5641,0,0
10041,0,0
40968,0,0
29707,1,0
7647,0,0
7443,0,0
35544,0,0
4647,0,0
12986,0,0
30257,0,0
24675,1,0
44384,1,0
22031,1,0
39033,0,0
43403,1,0
3540,0,0
43284,1,0
35726,1,0
21641,0,0
26715,0,0
12028,1,0
2889,1,0
24611,0,0
38385,0,0
23168,0,0
33228,0,1
24238,0,0
34281,0,0
11345,0,0
17172,0,0
38032,0,0
26627,0,0
14418,0,0
11506,0,0
9375,1,0
45854,0,0
29366,0,0
39068,0,0
22027,0,0
31047,0,0
39235,0,0
9558,0,0
16969,0,0
18663,0,1
36061,0,0
9412,1,0
22155,0,0
29929,0,0
43543,0,0
6602,1,1
2952,0,0
7157,1,1
42756,0,0
9788,0,0
490,0,0
11669,0,0
29715,1,1
12139,1,1
38421,1,0
45204,0,0
29346,1,0
15314,1,0
18486,1,0
41475,0,0
25879,0,0
30332,0,0
23040,0,0
29078,0,0
2003,0,0
7880,0,0
45183,0,0
15184,1,1
5712,0,1
7740,0,0
42098,1,1
33672,0,0
735,0,0
6406,0,0
46055,1,1
11753,0,0
8743,0,0
41031,0,0
39300,0,0
45755,0,0
16063,0,0
45134,0,0
10640,0,0
8626,0,1
18430,0,0
38393,0,0
15890,0,0
45635,0,0
14882,0,0
25428,0,0
3758,1,0
46857,0,0
15371,0,0
1456,1,0
15633,1,0
11243,0,0
34643,0,0
23799,0,0
44067,0,0
12073,0,1
41612,0,0
24912,0,0
5703,0,0
9567,0,0
24508,1,0
43782,0,0
38408,0,0
13352,0,0
7943,0,0
6866,0,0
38977,1,1
24099,1,0
15788,0,0
20755,1,0
44251,1,0
4316,1,0
32103,0,0
29654,0,0
40240,0,0
19324,0,0
11414,0,0
8959,1,0
2415,0,0
40473,0,0
40637,1,0
34275,0,0
44902,0,0
37041,0,0
48136,0,0
40891,1,0
4367,0,0
32179,0,0
44059,0,0
21958,0,0
26674,1,0
4463,1,0
33380,0,0
26890,1,0
29933,0,0
14691,0,0
11788,0,0
38952,1,1
27250,0,0
360,0,0
41595,0,0
38134,0,0
30272,1,0
37776,0,0
44350,1,1
8037,0,0
43190,1,1
41444,1,1
31041,1,0
41661,0,0
24551,1,1
30597,0,0
13188,0,0
31163,1,0
14945,0,0
36365,0,0
17344,0,0
31998,0,0
39533,0,0
9768,1,0
3120,0,0
38486,0,0
22701,1,1
18812,0,0
5781,1,1
14784,0,0
19271,0,0
41137,0,0
23208,0,0
439,1,1
36793,1,1
24489,1,0
4991,1,0
21056,0,0
22236,1,0
27191,1,0
12349,0,0
38364,0,0
34770,1,0
45798,0,0
28139,0,0
47358,1,0
15571,0,0
30396,0,0
38731,0,0
284,0,0
36477,0,0
24701,0,0
42319,1,0
32004,0,0
27097,0,0
22939,1,0
3142,0,0
12179,0,0
5021,0,0
47337,1,1
5942,0,0
2408,0,0
22837,1,1
35300,0,0
19483,0,0
32098,1,0
8673,0,0
47416,0,1
7303,0,0
10869,0,0
36007,1,0
12274,1,0
37216,0,0
17672,1,0
12275,0,0
36160,0,0
1217,0,0
34795,0,0
48772,0,0
32079,0,0
14770,0,1
39101,0,0
13329,1,1
2360,0,0
33457,0,0
16792,0,0
12233,0,0
6889,0,0
27823,0,0
35493,0,0
31265,0,0
34619,0,0
41485,0,0
18913,0,0
37616,0,0
43714,0,0
44112,1,0
36905,0,0
10854,0,0
30570,0,0
20919,0,0
10465,0,0
32808,1,0
23499,0,0
4608,0,0
30278,1,1
5553,0,1
10436,0,0
26240,1,0
21396,0,0
33084,1,1
40991,0,0
45263,0,0
30169,0,0
40057,0,0
14122,0,0
13636,0,0
1716,1,1
47603,1,0
4609,0,0
46846,0,0
37046,0,0
44746,0,0
24712,0,0
20483,0,0
33882,0,0
18382,0,0
25437,0,0
40063,1,0
17681,0,0
616,0,0
13027,0,0
31127,0,0
25935,0,0
36817,0,0
28568,0,0
19610,0,0
28686,0,0
21646,0,0
21732,0,0
23953,0,0
28319,0,0
45177,1,1
34681,0,0
37967,0,0
14749,0,1
749,0,0
41005,0,0
32189,0,0
14944,0,0
43738,0,0
19425,1,0
39563,0,0
20670,1,1
47772,1,0
2498,0,0
33234,1,1
2272,0,0
5222,0,0
5893,0,0
9631,0,0
34519,0,0
19422,0,0
15187,0,0
8623,0,0
30452,0,0
43954,0,0
45744,0,0
40862,0,0
8851,1,0
1613,1,0
47673,0,0
6445,0,0
1875,1,0
2232,1,1
43968,1,1
37075,0,0
13861,0,0
12908,0,0
40826,0,0
7434,0,0
42882,0,0
3829,0,0
39742,0,0
36704,1,1
3147,1,0
622,0,0
43392,0,0
2805,0,0
2899,0,0
26660,1,0
20323,1,0
33638,0,0
11926,0,0
47593,0,0
24725,0,0
6311,1,1
9596,0,0
24706,0,0
26682,0,0
44297,0,0
33174,0,0
34437,0,0
378,0,0
42124,0,0
29697,1,0
37590,0,0
3131,1,1
48518,0,0
19794,1,0
36620,0,0
22607,0,0
11577,0,0
40647,1,0
8236,1,1
44485,1,0
6021,0,0
40493,0,1
6601,1,1
20939,0,0
15899,1,0
28627,0,0
2202,1,1
24460,0,0
20295,0,0
25227,0,0
5094,1,1
46551,0,0
23313,0,0
31009,1,0
46673,0,0
31538,1,0
43229,0,0
38632,0,0
34698,0,0
35607,1,1
42939,0,0
8687,0,0
3398,0,0
1041,1,1
33377,0,0
26591,0,0
45102,0,1
9932,1,0
5609,0,0
4092,1,0
33015,0,0
12679,0,0
36857,0,0
44144,1,0
43390,0,0
5299,0,0
35380,0,0
23473,0,0
25434,0,0
3882,0,0
37202,0,0
25773,0,0
23468,0,0
7603,1,1
42291,1,0
32278,0,0
10908,0,0
3527,0,0
4930,0,0
19729,1,1
415,1,0
35475,0,0
28458,0,1
14868,0,0
16734,1,0
41641,1,0
45968,0,0
45044,0,0
25277,0,0
25485,1,0
21923,0,0
36231,1,0
33619,0,0
29210,0,1
16784,0,0
34737,0,0
31116,1,0
15804,0,0
36754,0,0
37037,0,0
15023,0,0
695,0,0
39002,0,0
2974,0,0
30168,0,0
43594,0,0
11347,0,0
6319,0,0
30795,0,0
16487,1,1
13400,0,0
27668,0,0
12832,1,1
45563,0,0
22647,0,0
33295,0,0
12197,0,0
12528,1,0
36618,0,0
9450,0,0
13967,0,0
22144,0,0
12169,0,0
25809,0,0
10712,0,0
9609,0,0
1289,1,0
46211,0,0
46356,0,0
10249,0,0
33730,0,0
10695,0,0
37880,1,0
45996,0,0
7836,1,0
18056,0,0
22198,1,0
34910,0,0
47760,0,0
42795,0,0
967,1,0
40323,0,0
48244,0,0
45000,0,0
20824,1,0
44943,0,0
20473,0,0
47503,0,0
25316,0,0
18428,0,0
35094,0,0
29957,0,0
42724,0,0
33162,0,0
28100,0,0
10114,1,1
23099,0,0
5177,0,0
3939,1,0
43692,1,1
35338,0,0
15476,1,1
24950,1,0
12674,0,0
22522,0,0
42177,0,0
39211,0,0
5304,0,0
17942,1,0
34897,0,0
2465,0,0
7245,1,0
35398,0,0
47424,0,0
14961,0,0
42286,0,0
43718,1,0
44777,0,0
9983,1,0
13712,0,0
25529,0,0
30906,0,0
43208,0,0
13593,0,0
24919,0,0
34312,0,0
30623,1,0
41215,0,0
14366,0,1
48223,0,0
41242,1,0
2842,0,0
25454,1,1
10276,0,0
26123,1,0
31113,0,0
2754,0,0
13488,0,0
34441,0,0
10258,1,0
15864,0,0
25153,1,1
24081,0,0
16751,1,0
15185,0,0
36314,0,0
21519,1,1
9133,0,0
39864,0,0
7760,1,0
24492,0,0
39038,0,0
331,0,0
14083,0,0
5710,0,0
27864,0,0
33224,0,0
21088,1,1
34212,0,0
8237,0,0
17484,1,0
21905,1,0
19485,1,0
2130,0,0
10393,0,0
48421,0,0
5400,1,0
27617,0,0
27879,0,0
42127,0,0
5532,0,0
32442,0,0
2653,0,0
12958,0,0
22473,1,0
45646,0,0
46599,1,0
40692,0,0
18669,0,0
24700,0,0
41348,0,0
10518,1,1
38592,0,0
15110,0,0
26809,1,0
45089,0,0
35526,0,0
15191,1,0
36484,0,0
43443,0,0
34347,1,1
2515,0,0
10340,1,0
48778,0,0
45259,1,0
20682,1,1
31477,0,0
27973,0,0
16095,0,0
33932,0,0
44421,0,0
32959,0,0
21496,0,0
35606,1,0
20847,1,0
11890,0,0
46961,0,0
10668,0,0
25544,0,0
48087,0,0
45547,1,0
18423,0,0
39802,0,0
32321,1,0
23476,0,0
33971,0,0
1989,0,0
19755,0,0
24547,1,1
20731,0,0
21395,0,0
19446,0,0
568,0,1
39598,1,0
43058,0,0
33045,0,0
418,1,1
2619,1,0
28588,0,0
7433,0,0
32854,0,0
41762,1,1
34007,0,0
42554,0,0
30447,0,0
40742,0,0
39695,0,0
29476,0,0
32123,0,0
39874,0,0
4542,0,0
29693,0,0
19001,0,1
48375,0,0
37190,0,1
33653,0,0
12567,0,0
19437,1,0
45476,0,0
16105,0,0
12452,0,0
11309,1,0
32924,1,0
10678,0,0
410,0,0
23583,0,0
16845,1,0
32311,0,0
33394,0,0
21624,0,0
4177,0,0
4147,0,0
639,0,0
15251,0,0
43625,0,0
12294,0,1
37024,0,0
46367,0,0
20065,0,0
697,0,0
26785,0,1
35243,1,0
2965,0,0
42380,0,0
1439,0,0
29705,0,0
43573,0,0
36157,0,0
43858,1,0
28735,0,1
18343,0,0
11821,1,0
16056,0,0
47818,0,0
15269,0,0
34682,1,0
19339,0,0
3781,0,0
41373,0,0
1229,1,0
18946,1,0
29864,0,0
48067,1,1
1423,0,0
25993,0,0
2847,0,0
46183,0,0
5539,1,1
25022,1,1
38128,0,0
20575,0,0
43658,0,1
3416,0,0
48339,0,0
41735,0,0
4450,0,0
26899,1,0
28043,0,0
37672,0,0
32198,0,0
11769,0,0
32477,0,0
22961,0,0
32409,0,1
44133,0,0
42487,1,0
9116,0,0
32064,1,0
15257,0,0
43720,1,1
5968,1,0
21423,0,0
44804,1,0
31510,1,0
25986,0,0
38310,0,0
31688,0,0
43970,0,0
4915,0,0
4527,0,0
36119,0,0
1971,0,1
10415,1,0
29244,0,0
29209,0,0
21053,1,1
26355,0,0
23436,1,1
42834,0,0
18513,0,0
37751,0,0
7790,1,1
33586,0,0
36521,1,0
13852,1,1
39944,0,0
48373,1,1
38038,0,0
6193,0,0
7829,0,0
2291,1,1
25264,0,0
30044,0,1
36337,0,0
48158,0,0
4245,0,0
45344,0,0
41829,1,0
39469,0,0
19727,0,0
9651,0,0
2680,0,0
25078,0,0
16690,0,0
18587,0,0
42353,0,0
23896,0,0
3757,0,0
37702,1,0
8151,0,0
7788,0,0
20277,0,0
20134,0,0
3711,0,0
34407,1,1
34291,0,0
5475,0,0
25808,0,0
45215,0,0
4326,0,0
46911,1,1
25633,1,0
15230,0,0
46343,0,0
44136,1,0
38209,0,0
4178,0,0
20493,0,0
34357,1,1
48466,1,0
36515,0,0
623,0,0
26136,1,0
18129,0,0
10858,1,0
2886,0,0
36562,0,0
15666,0,0
7416,0,0
9613,1,0
34821,1,0
22367,0,0
22094,1,0
8914,0,0
5365,1,0
2656,0,0
48295,0,0
22328,0,0
47100,0,0
42231,0,0
41671,0,0
36661,0,0
4936,0,0
45911,0,0
35673,0,0
28543,1,0
14557,0,0
20700,0,0
26166,0,0
8642,1,0
34655,0,0
31881,0,0
5001,0,0
31550,0,0
19029,0,0
47286,0,0
23810,1,0
46880,0,0
20310,0,1
38082,0,1
43274,1,0
18907,1,1
10814,0,0
17855,0,0
33399,0,0
36977,0,0
42186,0,0
7665,0,0
14404,0,0
12064,0,0
6507,0,0
2087,1,0
16222,0,1
38785,0,1
24172,0,0
26670,1,0
16280,1,0
19656,0,0
36303,0,0
28905,1,0
6222,0,0
26931,0,0
11340,0,0
24187,1,1
48344,1,1
5495,0,0
35628,1,0
23940,0,0
14180,0,0
10017,0,0
4641,0,0
15379,1,0
48103,0,0
9886,0,1
6617,0,0
21305,0,1
33966,1,1
414,0,0
27166,0,0
5972,0,0
30959,0,0
41372,0,0
24853,0,0
8124,0,0
48037,0,0
5166,0,0
23430,0,0
41776,0,0
37067,1,1
32042,0,0
5409,0,0
24119,0,0
10756,1,0
40133,1,0
31975,0,0
12577,0,0
18217,0,0
48751,0,0
14187,0,0
7170,0,0
45954,0,0
27234,1,0
9108,0,0
23363,1,0
13909,0,0
5418,0,0
46740,0,0
40614,0,0
39123,0,0
43843,0,0
48101,0,0
5970,0,0
38606,0,0
494,0,0
18130,1,1
42535,0,0
43254,1,1
14922,0,0
11233,0,0
39363,0,0
13716,0,0
9912,1,0
42201,0,0
9676,1,0
7150,0,1
15063,0,0
36491,1,0
30139,1,0
3365,0,0
34170,0,0
32541,0,0
18313,0,0
24890,0,0
22095,0,0
43517,0,0
31527,0,0
36687,0,0
16798,0,0
47807,0,0
3751,0,0
37837,0,0
44577,0,0
43059,0,0
42896,0,0
28218,0,0
39295,0,0
10950,0,0
47763,0,0
36798,0,0
22752,0,0
39386,0,0
29144,0,0
2445,0,0
33414,0,0
18443,0,0
42313,0,0
698,1,0
46671,0,0
17748,0,0
25167,0,0
38780,0,0
14993,0,0
19442,0,0
42221,1,0
22761,0,0
16601,0,0
31325,0,0
272,1,0
25850,0,0
39891,0,0
41295,0,0
4696,1,0
41582,0,0
42898,0,0
1119,1,0
45255,0,0
24318,0,0
12804,0,0
5760,0,0
44314,0,0
34840,0,0
37868,1,1
12107,0,0
18004,1,0
2929,1,1
5305,0,0
44558,0,0
43830,0,0
17050,0,0
589,0,0
46709,0,0
42856,0,0
8794,0,0
38807,1,0
5779,0,0
4878,0,0
15816,0,0
27751,1,0
24221,0,0
1249,1,0
6195,1,0
4945,0,0
46527,1,0
1332,0,0
47215,0,0
45707,1,1
38198,0,0
6786,0,0
44956,1,1
20666,0,0
17584,0,0
45488,0,0
2401,1,1
33337,0,0
26032,1,0
17813,1,0
36187,0,0
41195,0,0
3652,0,0
34377,0,0
21142,0,0
38436,0,0
28801,0,0
10874,0,0
37477,0,0
24064,0,0
9802,0,0
20504,0,0
3912,0,0
9751,1,0
47602,1,0
3178,1,0
24914,1,1
35650,1,0
27148,0,0
28480,0,0
10413,0,0
3804,0,0
29588,0,0
45049,0,0
203,0,0
2552,1,0
36910,1,1
28737,0,0
24789,0,0
10122,1,0
36316,0,0
12326,0,0
21742,0,0
12165,0,0
19686,0,0
20737,0,0
47333,0,0
32106,0,0
6822,1,0
35138,0,0
30728,0,0
47839,0,0
31025,0,0
8586,0,0
32387,0,0
19449,1,0
15785,1,1
35153,0,0
23373,0,0
28676,0,0
501,0,0
31303,0,0
38273,1,1
21418,1,1
37839,0,0
33749,0,0
13195,0,0
11496,0,0
12382,1,0
4671,1,1
10587,0,0
25267,0,0
27760,0,0
8081,0,0
22502,0,0
47938,0,0
32676,0,0
19159,0,0
22633,1,0
30761,0,0
5653,0,0
39808,1,1
4336,0,0
13509,0,0
32840,0,0
18160,0,0
27795,1,0
2185,0,0
61,0,0
46339,1,0
12399,0,0
31769,0,0
18299,1,0
28875,0,1
15535,0,0
35593,0,0
5253,0,0
20617,0,0
26729,0,0
7463,0,0
33877,0,0
38111,0,0
14288,0,0
36009,0,0
40021,0,0
33193,0,0
3761,0,0
42311,0,0
43245,1,1
18677,1,0
29496,0,0
44105,0,0
47001,0,0
15591,0,0
44602,0,0
41426,0,0
32866,1,1
48348,1,0
25781,1,0
32014,0,0
40736,0,0
6214,0,0
37068,0,0
31364,0,0
16910,1,0
23770,0,0
18583,0,0
7822,0,0
46468,0,0
35831,1,0
28184,0,0
12529,0,0
31779,0,0
8455,0,0
25390,0,0
37566,0,0
48482,0,0
48269,0,0
35659,1,1
5325,1,1
6040,0,0
21417,0,0
43010,1,1
32786,0,1
38572,0,0
31680,0,0
22902,1,1
14843,0,0
3251,0,0
10450,0,0
37422,0,0
40544,0,0
24507,1,0
5280,0,0
47874,0,0
18739,0,0
23678,0,0
7313,0,0
38576,0,0
34194,0,0
44643,1,0
33219,1,1
26387,0,0
17469,0,0
16400,0,0
27845,0,0
44985,1,0
8702,0,0
10431,0,0
9737,1,0
44690,0,0
8549,1,0
48587,0,0
16451,0,1
46006,0,0
256,0,1
12046,0,0
5529,0,0
17646,0,0
23535,0,0
13249,1,0
5298,0,0
1801,0,0
46981,1,0
35471,0,0
16373,0,0
1938,0,0
34497,0,0
21787,0,0
34930,0,0
29184,1,0
45138,0,0
20395,0,0
34049,0,0
14771,1,0
18113,0,0
11240,0,0
1947,0,0
41089,0,0
38767,1,0
4286,0,0
12319,0,0
15797,0,0
46649,0,0
44763,0,0
30174,0,0
33626,0,0
37575,0,0
24554,0,0
23924,1,1
2425,1,0
11591,0,0
9335,1,0
14863,0,0
5585,0,0
2376,0,0
41899,1,0
14435,0,0
19555,1,1
5247,1,0
48603,0,0
39224,1,0
28138,1,0
2990,0,0
21993,1,0
32390,1,0
14618,0,0
38205,0,0
7593,1,0
33359,0,0
19590,0,0
39452,0,0
38465,0,0
28433,1,0
37412,0,0
31732,0,0
37828,0,0
23501,0,0
47435,0,0
2849,0,0
15943,0,0
32410,0,0
922,0,0
46185,0,0
28740,0,0
32565,1,0
31500,0,0
42790,0,0
40758,1,1
35582,0,0
2288,0,0
3260,0,0
8670,0,0
355,1,0
18319,0,0
18555,0,0
11167,0,0
38773,0,0
29506,0,0
39614,0,0
305,0,0
32054,0,0
40617,0,0
8719,1,0
45824,0,0
25100,0,0
1769,1,0
25177,0,0
26345,0,0
41961,1,1
17635,0,0
27798,0,0
15086,0,0
35812,1,1
43872,0,0
33679,0,0
38552,0,0
45688,1,0
18040,0,0
1326,1,1
6563,0,0
43096,0,0
26782,0,0
29508,0,0
27324,0,1
44743,0,0
41635,0,0
27599,0,0
12042,1,0
22958,1,0
23829,0,0
16079,1,0
25886,1,1
14402,0,0
33372,0,0
36826,1,0
40218,0,0
34755,0,0
27584,0,0
21329,0,0
43303,1,1
43808,1,0
35477,0,0
14619,0,0
12131,0,0
26673,0,0
11406,0,0
30548,0,0
37364,0,0
20350,0,0
27980,0,0
6741,1,0
868,0,0
44349,0,0
45471,0,0
28035,1,1
28926,0,0
45303,0,0
31208,0,0
18441,1,1
31967,0,0
31705,0,0
48196,0,0
8827,1,0
33386,0,0
10643,0,0
31773,0,0
18919,1,0
24462,0,1
15750,0,0
45789,0,0
40397,0,0
32652,0,0
29475,1,1
27516,0,0
28021,0,0
26173,0,0
22873,0,0
35656,0,0
44615,0,0
26040,0,0
20591,0,0
36490,0,0
38769,0,0
31251,0,0
17502,0,0
25782,0,0
18969,0,0
33061,0,0
2108,0,0
34434,1,0
40137,0,0
11786,0,0
37128,0,0
29019,0,0
39240,0,0
10296,0,0
6235,0,0
17752,0,0
26100,1,0
38634,0,0
48800,1,0
294,0,0
7736,0,0
43346,0,0
22863,0,0
34796,0,0
35808,0,0
13874,1,0
28448,0,0
17799,0,0
42030,1,0
29804,1,0
30833,0,0
30980,1,0
7629,0,0
22835,0,0
46985,0,0
14940,0,0
34965,1,1
27932,0,0
47648,1,0
1524,0,0
38202,0,0
43351,0,0
15778,0,0
27115,1,0
27045,0,0
45589,0,0
38450,1,0
13592,0,1
6252,0,0
6240,0,0
20212,0,0
44696,0,0
21572,0,0
26825,0,1
33817,0,0
6935,0,0
15732,1,0
9667,0,0
33506,0,0
2603,0,0
42778,0,0
3971,0,0
48640,0,0
27319,0,0
36165,0,0
33556,0,0
1385,0,0
32584,1,0
37254,0,0
3200,0,0
5516,0,0
3373,0,0
19494,0,0
36647,1,1
12434,0,0
43434,0,0
1770,0,0
24745,0,0
35375,0,0
15592,0,0
12975,0,0
28,0,0
21123,0,0
30646,0,0
2136,0,0
35052,0,0
47848,0,0
36210,0,0
18294,0,0
14123,0,0
19251,0,0
24695,0,0
17776,1,0
21188,0,0
37259,1,0
36116,0,0
34302,1,0
30109,0,0
45378,0,0
14883,0,0
40578,1,1
17265,1,0
15148,1,1
37767,0,0
25032,1,0
41622,0,0
22756,1,1
42975,0,0
38229,0,0
13917,1,0
38316,1,0
1005,1,0
46563,0,0
31388,0,1
34191,0,0
43023,0,0
37604,0,0
35538,0,0
24023,0,0
16817,0,0
26951,0,0
3288,0,1
26185,0,0
1766,0,0
18016,1,1
24044,0,0
14974,0,0
8679,1,0
16770,1,1
11064,0,0
36938,0,0
39537,1,0
9977,1,0
30187,0,0
42806,0,0
33555,0,0
36207,0,0
29717,0,1
8205,0,0
45708,0,0
152,0,0
14447,1,0
144,0,0
35689,0,0
19113,1,0
13147,0,0
8548,0,0
28260,1,0
168,0,0
15198,0,0
6774,1,1
41259,0,0
32197,0,0
23578,0,0
32930,1,1
19595,0,0
45525,0,0
47690,0,0
25832,0,0
2730,0,0
32395,0,0
21279,0,0
8211,1,0
19142,0,0
12894,0,0
22026,0,0
9468,1,0
2475,0,0
25762,0,0
48096,1,0
38887,0,0
19647,0,0
42062,0,0
28406,0,0
24557,0,0
18967,0,0
28846,1,0
23295,0,0
18151,0,0
38839,0,0
24509,0,0
372,0,0
48687,0,0
29942,1,0
40983,0,0
7161,1,0
5151,0,0
46152,1,0
40296,1,1
9240,0,0
11204,0,0
35875,0,0
32890,0,0
7596,1,0
37964,0,0
11149,1,1
2324,1,0
47072,0,0
29575,0,0
5871,0,0
12571,0,0
26511,1,0
15277,0,0
35798,0,0
41519,0,0
21291,0,0
3529,0,0
41148,0,0
41455,1,0
24639,0,0
39921,0,0
10942,0,0
21995,0,0
37353,0,1
7145,0,0
27377,0,0
10528,1,0
20044,1,0
41467,0,0
29151,0,0
18186,1,0
44583,0,0
25325,0,0
30192,0,0
36755,1,0
6313,0,0
29918,0,0
30800,0,1
16024,0,0
7922,0,0
14896,0,0
30991,0,0
34807,0,0
43663,0,0
12697,0,0
12698,0,0
2453,0,0
45540,0,0
27733,0,1
40523,0,0
532,0,0
47546,0,0
2789,0,0
41607,0,0
33690,1,0
32428,0,0
41000,0,0
3303,0,0
30050,1,0
20165,1,0
8233,1,1
30532,0,0
36578,1,1
43333,1,0
32805,0,0
20569,0,0
43903,1,0
13333,0,0
277,0,0
21987,0,0
33268,1,1
27511,1,0
4530,0,0
43607,0,0
14719,1,0
12373,0,0
5497,0,0
1627,0,0
35384,0,0
37319,1,0
21286,0,0
44451,0,0
7511,0,0
2330,1,1
18188,0,0
38610,1,0
6229,1,0
44405,0,0
31584,0,0
40119,0,0
40270,0,0
37317,0,0
1441,0,0
39625,1,1
28169,0,0
34834,0,0
25192,0,0
44050,1,0
31831,0,0
15112,0,0
42650,1,0
10859,1,0
12879,0,0
16604,0,0
6362,0,1
33794,1,0
42333,0,0
36468,0,0
40663,0,0
36243,0,0
2278,1,1
4634,0,0
12678,0,0
4180,0,0
44408,0,0
11363,0,1
5492,0,0
4256,1,0
9761,0,0
27919,1,0
17021,0,0
37033,0,0
1923,0,0
44827,0,0
5765,1,1
27177,1,1
11895,0,0
25557,0,0
43590,0,0
26587,0,0
5368,0,0
23226,0,0
238,0,0
16144,0,0
8737,0,0
13663,1,0
10815,0,0
38184,0,0
21722,0,0
15820,0,0
26534,0,0
23527,0,0
33561,0,0
48481,0,0
22689,0,0
12762,1,0
16725,0,0
29708,1,0
21903,0,0
6390,0,0
39398,0,0
4002,0,0
11369,1,1
28442,0,0
16511,0,0
28340,0,0
15417,1,1
4337,0,0
40813,0,0
9089,0,0
3775,0,0
35518,0,0
36256,0,0
35306,1,1
15574,0,0
28357,0,0
9382,0,0
43054,0,0
34392,1,0
29396,0,0
17808,0,0
33012,0,0
7297,0,0
31696,1,0
46749,0,0
5559,0,0
9236,0,0
26732,0,0
27161,0,1
15077,0,0
11448,0,0
27944,0,0
45170,0,0
3485,0,0
37869,1,1
40315,1,0
38036,0,0
18108,0,0
855,0,0
22877,0,0
7500,0,0
37635,0,0
22249,1,1
23879,0,0
37717,0,0
8918,1,0
19545,0,0
40582,0,0
1538,1,0
38671,1,1
46816,0,0
244,0,0
46149,0,0
13539,0,0
33621,1,1
35683,0,0
7945,0,0
8845,0,0
21618,1,0
16562,1,1
46842,0,0
27646,0,0
13244,0,0
45939,0,0
46312,1,0
22968,0,0
4470,0,0
47968,0,0
35862,0,0
40277,0,0
41275,0,0
27833,0,0
46784,0,0
15084,0,0
33173,0,0
37069,0,0
21466,0,0
46533,0,0
46399,1,1
43558,0,0
27585,0,0
41835,1,1
14804,0,0
15675,0,0
24269,0,0
42646,1,0
9277,0,0
1540,0,0
33821,1,1
31460,0,0
17686,1,0
41633,0,0
1731,1,1
8250,0,0
47031,0,0
35547,0,0
35950,0,0
12318,1,0
2454,1,1
5633,0,0
8640,0,0
8739,0,0
30071,0,1
28864,0,0
16263,0,0
4674,0,0
16854,1,1
27338,0,0
27669,0,0
872,1,0
1118,1,0
2221,0,0
35510,0,0
2616,0,0
10564,1,0
3981,1,0
354,1,0
5405,0,0
7071,0,0
14057,0,0
41479,0,0
18684,1,0
14605,0,1
29298,0,0
2642,0,0
21793,0,0
26425,1,1
16754,0,0
22764,1,0
27307,1,0
29468,1,0
19606,0,0
48156,0,0
10339,0,0
32403,0,0
12057,0,0
35618,0,0
15629,1,0
4855,1,0
12335,0,0
23605,0,0
29530,1,0
41984,0,0
1704,0,0
28199,1,0
25252,0,0
22029,1,0
7191,0,0
16884,0,0
40520,0,0
44941,0,0
34044,0,0
43016,0,0
21500,0,0
29901,0,0
7395,1,0
37252,0,0
2311,0,0
40492,0,0
41896,0,0
33928,0,0
38159,0,0
25199,1,0
4055,0,0
16383,0,0
9861,0,0
9136,0,0
36869,0,0
12468,0,0
8889,0,0
28799,0,1
12864,1,1
34041,1,0
2883,0,0
7392,0,0
11565,0,0
15387,0,0
41592,1,1
8522,0,0
6569,0,0
13691,1,0
43320,1,0
15079,1,0
24883,0,0
23956,0,0
22973,0,0
451,0,0
38187,0,0
48142,0,0
42664,0,0
41700,0,0
15268,1,0
43981,0,0
4350,1,0
500,1,0
46437,0,0
26515,0,0
2829,0,0
3010,0,0
42889,0,0
10144,0,0
18182,0,0
9372,0,0
39072,1,0
36875,0,0
9930,0,0
3857,0,0
40464,0,0
44534,0,0
22561,0,0
17628,0,0
28506,0,0
5851,0,0
16600,0,0
43878,0,0
31177,0,0
48288,0,0
42263,1,0
28123,1,0
14012,1,1
40830,1,0
1481,0,0
48317,0,0
20798,0,0
31981,0,0
20564,0,0
32620,0,0
16164,0,0
2609,0,0
7841,0,0
6529,0,0
44111,0,0
11300,0,0
23948,0,0
34570,0,0
23076,0,0
10396,0,0
5758,1,0
4996,0,0
27643,1,1
43186,1,0
21769,1,0
27399,0,0
6540,1,0
36258,0,0
20213,1,0
20251,0,0
20462,0,0
22822,0,0
46194,0,0
29340,0,0
14154,1,1
17819,0,0
21354,1,0
22831,0,0
36634,1,0
13055,0,0
33308,1,0
23049,0,0
11919,0,0
35537,0,0
12339,0,0
39339,0,0
34327,0,0
45717,0,0
12693,0,0
39071,0,0
35115,0,0
34099,0,0
20885,0,0
681,0,0
7821,1,1
42661,0,0
3065,0,0
32137,0,1
39252,1,0
47197,0,0
2351,1,0
35345,0,0
22121,0,0
46354,0,1
35883,0,0
15880,0,0
37458,1,0
45408,1,0
35625,0,0
44330,0,0
39343,0,0
13365,0,1
38929,0,0
24813,0,0
23609,0,0
35478,0,0
5648,0,0
35961,0,0
16020,0,0
2955,1,1
19800,0,0
5433,0,0
46873,0,0
42947,0,0
24392,0,0
4335,0,0
6076,1,0
11568,1,0
36728,0,0
20673,0,0
46031,0,0
27216,1,0
12645,0,0
27147,1,0
27994,0,0
34129,0,0
34091,0,0
47718,0,0
4484,0,0
5211,1,0
31498,0,0
3766,0,0
32535,0,0
37108,0,1
9085,0,0
48022,0,0
29016,0,0
47032,0,0
35733,0,0
48501,0,0
28258,0,0
8652,0,0
32306,1,1
25057,0,0
29609,0,1
10304,0,0
21458,0,0
46528,0,0
12029,0,0
45830,1,0
47385,1,1
20681,0,0
17040,0,0
6863,0,0
22520,0,0
20385,0,0
7530,0,0
12273,0,0
22883,0,0
29765,0,0
38675,1,0
13388,1,0
22610,0,0
17317,0,0
48251,0,0
31588,0,0
1664,0,0
48561,0,0
33510,0,0
6871,0,0
39776,0,0
12316,0,0
18061,1,1
4458,0,0
35447,1,0
38495,1,0
34260,0,0
46941,0,0
1261,1,0
36353,1,0
33229,0,1
4730,1,1
21201,0,0
6002,0,0
23442,0,0
33127,0,0
32820,1,0
37727,0,0
32466,0,0
44023,0,0
23268,0,0
45242,0,0
42917,0,0
18997,1,0
33899,0,0
2523,0,0
16518,1,0
23413,0,0
41738,0,0
10521,0,0
39920,0,0
35868,0,0
18591,0,0
45211,0,0
28729,1,0
10724,0,0
24085,0,0
46954,0,0
7526,0,0
18711,1,1
20121,0,0
21677,0,0
3099,1,0
5484,0,0
9215,0,0
47042,0,1
43294,0,0
35622,1,1
8523,1,1
48010,1,0
45270,1,1
22168,0,0
23104,1,0
28806,1,0
46586,0,0
17248,0,0
18815,0,0
5434,0,0
5838,0,0
13548,0,0
32679,0,0
46439,0,0
47285,0,0
12673,0,0
27886,0,0
10969,1,0
48229,0,0
11606,0,0
31818,0,0
18009,1,0
46694,0,0
11579,0,0
40856,0,0
40846,1,0
28093,0,0
17948,0,0
46263,0,1
24042,0,0
23224,0,0
20313,1,0
6467,1,1
4933,0,0
41644,0,0
39116,0,0
32971,1,0
35694,0,0
10148,0,0
17281,0,0
5601,0,0
28417,0,0
22802,0,0
10387,0,0
6643,0,0
31738,0,0
23980,1,0
2695,0,0
27852,0,0
2470,0,1
22372,0,0
16905,0,0
35231,0,0
7548,0,0
36999,0,0
38150,0,0
30499,0,0
38545,0,0
3395,0,0
28486,1,0
9324,0,0
25117,1,0
7917,0,0
10966,0,0
13889,0,0
15821,0,0
27419,0,1
34818,0,0
31170,0,0
13070,1,0
27592,0,0
15231,0,0
611,1,1
34605,0,0
16254,1,0
34527,0,0
3930,0,0
5251,0,0
507,1,1
30513,0,0
21308,1,0
20558,0,0
35999,0,0
48460,1,1
11975,0,0
47724,0,0
27570,0,0
23427,0,0
28037,0,0
13460,0,0
24156,1,0
17705,0,0
16871,0,0
35058,1,0
27987,1,0
47454,0,0
31877,0,0
7938,0,0
15111,0,0
46196,0,0
36235,0,0
48164,0,0
741,0,0
36348,0,0
117,0,0
35428,0,0
30856,0,0
48621,0,0
38127,0,0
14038,0,0
31605,0,0
27645,0,0
40042,0,0
34621,0,0
25460,1,0
9899,1,0
35355,0,0
24213,0,0
46874,0,0
28917,0,0
16727,0,0
29020,1,0
29117,0,0
41536,1,1
43203,0,0
42767,0,0
40032,0,0
27392,1,0
40996,0,0
46491,0,0
47774,0,0
39055,0,0
44838,1,0
36019,0,0
41831,0,0
4939,0,0
32858,0,0
17262,0,0
25357,0,0
25265,0,1
7683,0,0
22425,0,0
25917,0,0
14498,1,0
25779,0,0
34530,0,0
46761,0,0
43706,0,0
45216,1,0
45859,1,1
38737,1,0
24133,0,0
26320,0,0
14320,1,0
567,0,0
4263,0,0
10529,0,0
38231,1,0
8489,1,0
44555,0,0
3871,0,0
21416,0,0
44663,0,0
5709,0,0
26731,0,1
27189,0,0
7748,0,0
14196,0,0
7460,1,0
13485,0,1
6372,0,0
5454,0,0
48359,0,0
10435,0,0
25768,0,0
10650,0,0
40003,0,0
10557,1,0
7248,0,0
39912,0,0
20836,1,1
13067,0,0
26725,1,0
39411,0,0
27484,1,0
9815,1,1
39137,0,0
21044,1,0
24345,1,0
4957,0,0
48075,1,0
19310,0,0
34454,0,0
476,0,1
11935,1,0
12025,1,0
2752,0,0
28603,1,0
26654,0,0
22964,0,0
8994,0,0
43365,0,0
30920,0,0
10658,1,0
11411,0,0
3854,1,0
39308,0,1
43334,0,0
9143,0,0
33216,0,0
23850,0,0
7377,0,0
15194,0,0
11603,0,0
17161,0,0
9611,0,0
25867,0,0
9440,0,0
6422,0,0
16270,0,0
48759,0,0
33344,1,0
13728,1,1
37472,1,0
46384,1,0
36665,0,0
41977,0,0
30358,1,0
30383,0,0
13805,0,0
30650,0,0
9990,0,0
29989,0,0
15029,0,0
6283,0,0
23410,0,1
16984,0,0
42857,1,0
18959,0,0
7064,1,0
36746,1,1
31155,1,0
37927,0,0
27031,0,0
45304,0,0
26979,0,0
1729,0,0
44873,0,0
35852,0,0
12511,0,0
14890,1,0
14844,0,0
45039,0,0
48253,1,1
19191,0,0
9688,1,0
13825,0,0
24372,1,0
5106,0,0
13945,0,0
20021,1,0
7947,0,0
31650,1,0
40322,0,0
47656,1,0
48740,0,0
22710,1,1
24163,0,0
4919,1,0
44833,0,0
40182,0,0
48573,1,0
24098,0,0
29201,1,0
17761,0,0
28833,0,0
17089,1,0
17137,0,0
17163,0,0
22745,0,0
21900,0,0
32504,0,0
14117,1,0
5823,0,0
16066,1,1
46513,0,1
22192,0,0
3784,0,1
46217,0,1
22530,0,0
41996,1,0
15092,0,0
20701,0,0
17551,0,0
25786,0,1
45879,0,0
41366,0,0
32217,0,0
11668,1,1
13738,1,1
40114,0,0
44886,0,0
19932,1,1
45030,0,0
40188,0,0
14592,1,0
27070,0,0
3932,1,0
34845,0,0
46572,0,0
10279,0,0
12430,0,0
27767,0,0
21715,0,0
9808,0,0
47422,0,0
42464,0,0
2473,0,0
39743,0,0
12485,1,0
33183,0,0
12007,0,0
36564,1,1
31194,0,0
11042,0,0
45202,0,0
26133,1,0
5717,1,0
20688,1,1
30721,1,0
34748,0,0
8830,0,0
7425,0,0
42310,0,0
3038,0,0
21945,0,0
33604,0,0
47705,0,0
38067,0,0
47781,0,0
25173,0,0
41533,0,0
37338,0,0
41,1,0
14708,1,0
38981,0,0
23955,1,0
36683,0,0
36516,0,0
14794,0,0
3773,0,0
15295,0,0
31092,0,0
11320,0,0
6270,0,0
26453,0,0
41368,1,0
41951,0,0
21130,0,0
7489,1,0
13078,0,0
27983,0,0
18282,0,0
21393,0,0
23964,0,0
14549,0,0
32454,0,0
13579,1,0
21548,1,1
26082,1,0
36452,0,0
27127,0,0
7867,0,0
18279,1,0
13315,0,0
38910,0,0
28893,0,1
26867,0,0
41432,1,0
33209,0,0
41448,0,0
45213,0,0
14942,0,0
23055,0,0
39269,0,0
46612,0,0
42115,0,0
32177,0,0
42743,0,0
27255,0,0
33602,0,0
8837,0,0
17507,1,0
32271,0,0
34022,1,1
19050,0,0
673,1,0
31931,0,0
16627,0,0
4148,0,0
12947,1,0
7714,0,0
27433,1,0
28127,0,0
5175,1,0
29061,0,1
40902,0,0
30867,1,0
6873,0,0
6171,0,0
42793,0,0
39699,0,0
31939,0,0
5534,1,0
33129,1,0
35423,0,0
25141,0,0
6459,0,0
28177,1,0
19639,1,0
43816,0,0
14905,0,0
1106,0,0
34659,1,0
4679,1,0
28993,1,0
30367,0,0
22099,0,0
6798,1,0
18982,0,1
28597,0,0
40346,1,0
13904,0,0
23279,0,0
42780,0,0
37827,0,0
31015,0,0
1868,1,0
28132,0,0
466,1,0
39867,0,0
14330,0,0
29050,0,0
16399,0,0
38816,0,0
44190,0,0
10056,0,0
15977,0,0
863,0,0
26993,0,0
30601,1,0
25336,0,0
6972,1,0
24469,0,1
10421,0,0
262,0,0
7826,0,0
9337,0,0
28840,0,0
6724,0,0
36640,0,0
22085,0,0
26532,0,0
13332,0,1
44426,0,0
29295,0,0
29791,1,0
38720,1,0
13227,1,0
22300,0,0
40892,0,0
29952,0,0
19383,0,0
47654,0,0
18535,1,0
7212,0,0
29941,1,0
19057,0,0
37350,0,0
11250,1,0
16505,0,0
13206,1,0
5637,1,0
803,0,0
17800,0,0
24408,0,0
2809,1,0
42251,0,0
36193,0,0
39374,0,0
12935,0,0
40097,0,0
48329,0,0
4292,1,0
43324,0,0
15224,0,0
12202,0,0
12672,0,0
45382,0,0
47181,0,0
26112,0,0
25659,1,1
25085,0,0
39255,0,0
46642,0,0
33075,0,0
4575,0,0
8509,0,0
2275,1,1
14963,0,0
14157,1,0
30155,1,0
39342,1,0
21530,0,0
17849,0,0
1461,0,0
13671,0,0
3511,0,0
7447,0,0
17972,0,0
6977,0,0
42740,0,0
28703,0,0
13772,1,0
21332,1,1
28544,0,0
7490,0,1
36741,0,0
14742,0,0
29071,1,0
28637,0,0
14400,0,0
23513,0,0
40438,0,0
30547,1,0
5793,0,0
11107,0,0
19821,1,0
44126,0,0
22248,0,0
9822,0,0
21621,0,0
32022,1,1
26485,0,0
1141,1,0
15931,0,0
20254,0,0
27422,0,0
16315,0,0
43640,0,0
36465,0,0
10458,0,0
7540,0,0
45793,0,0
16883,0,0
20698,1,0
36435,0,0
12886,0,0
48343,0,0
23542,1,0
2499,0,0
34650,0,0
8118,1,0
24135,0,0
4261,1,0
46025,1,1
38311,1,0
10554,0,0
843,1,0
48209,0,0
21789,0,0
45394,1,0
48181,0,0
2067,0,0
19049,0,0
19995,1,0
23118,0,0
32569,0,1
8039,0,0
6339,1,0
32778,0,0
46014,1,1
41561,1,0
34780,0,0
26880,0,1
23188,0,0
37451,0,0
45983,0,0
12949,0,0
46735,0,0
45282,0,0
35037,0,0
35523,0,0
3435,1,0
41875,0,0
17580,0,0
41481,0,0
21972,0,0
29841,0,0
43486,0,0
159,0,0
29823,0,0
28389,0,0
2353,0,0
41952,0,0
35392,0,0
12555,0,0
48222,0,0
13132,0,0
48262,0,0
28984,0,0
46187,0,0
32913,0,0
26364,0,0
39783,0,0
17594,0,0
32582,1,1
9025,0,0
24774,0,0
35642,0,0
35877,0,0
24089,0,0
38284,0,0
47010,0,0
10218,0,0
3613,1,0
26845,0,1
8433,1,0
29979,0,0
3694,0,0
34192,0,0
8028,0,0
37926,0,0
4448,0,0
11424,0,0
6795,0,0
45710,0,0
11760,0,0
39266,1,1
46992,0,0
33426,0,0
34996,1,0
29348,0,0
47156,0,0
1679,1,0
18183,0,0
4159,1,0
40825,0,0
10495,1,0
6084,0,0
47811,0,0
44064,0,0
18931,0,0
33907,1,0
42337,0,0
36736,0,0
21710,1,1
27254,0,0
45691,0,0
39175,0,0
27965,0,0
31214,0,0
33607,0,0
6985,0,0
34094,1,1
14247,0,0
16568,0,0
4099,0,0
26974,1,0
33810,0,0
25278,0,0
16896,0,0
17375,0,0
25389,1,0
22370,0,0
14492,0,0
41098,0,0
20565,0,0
31514,0,0
10359,0,0
15752,0,0
45109,0,0
28983,0,0
2397,0,0
15851,0,0
22162,0,0
26791,1,1
21949,1,0
14894,0,0
36796,0,0
21410,0,0
20528,0,0
21047,0,0
40267,1,1
32897,0,0
3380,0,0
21815,0,0
24969,1,0
39996,1,0
24273,0,0
31748,1,0
22134,0,0
21448,1,1
47075,0,0
7233,0,0
46372,0,0
2948,0,0
36011,0,0
27701,0,0
13680,1,0
13473,0,0
47048,0,0
22052,1,0
7049,0,0
10931,0,0
21813,1,1
207,0,0
6534,0,0
46305,0,0
13320,0,0
23409,0,0
19431,0,0
39706,0,0
9556,0,0
46898,1,0
11560,0,0
14785,1,0
2746,0,1
11009,0,0
4610,1,0
25733,0,0
33977,0,0
39154,0,0
30341,0,0
16891,0,1
19978,0,0
45857,1,0
4308,0,0
2862,0,1
3499,0,0
34858,0,0
33862,0,0
5333,0,0
22180,0,0
9410,0,0
30523,0,0
32192,0,0
10909,0,0
11961,0,0
16154,0,0
7106,0,0
16112,0,0
341,0,0
34095,0,0
35050,0,0
46892,0,0
17409,0,0
27846,0,0
43120,0,0
20062,0,0
35313,0,0
7755,0,0
22538,0,0
31577,1,0
9361,0,0
44959,1,0
46711,1,1
46849,0,0
25104,0,0
11548,0,0
8399,1,0
12344,0,0
26734,1,0
12201,0,0
34564,0,0
48787,1,0
25919,0,0
46919,0,0
30328,0,0
30555,0,0
42537,0,0
20002,1,0
3986,0,0
44472,0,1
37320,0,0
2005,0,0
10763,0,0
40852,1,0
23898,0,0
31502,0,0
28324,0,0
5632,0,0
44459,0,0
30545,0,0
15006,0,0
48059,0,0
48692,0,0
14532,0,0
32915,0,0
9720,0,0
46915,0,0
37596,1,0
47216,0,0
6543,1,1
11080,1,0
47020,0,0
754,1,1
2574,1,1
21093,1,0
17890,0,0
16021,1,1
20353,0,0
21759,1,0
43287,0,0
40478,0,0
31295,0,0
27595,1,0
30395,0,0
40444,0,0
29015,0,0
12630,0,0
26054,0,0
15459,1,1
40233,1,1
36660,1,0
7852,1,0
40319,1,1
12148,0,0
38091,0,0
46894,0,0
31841,0,0
928,0,0
1502,0,0
58,1,1
36657,1,1
1960,1,0
17279,0,0
9259,0,0
32859,0,0
6634,0,0
43081,0,0
40645,1,0
1283,0,0
18611,1,1
30639,0,0
30806,0,0
41915,1,1
44463,0,0
36133,0,1
36380,0,0
20810,0,0
20170,1,0
36482,1,0
7539,0,0
35818,0,0
28731,1,1
14827,0,0
33345,0,0
1996,0,0
41657,0,0
4813,0,0
19634,1,1
3101,0,0
5489,0,0
18285,0,0
10187,1,0
34214,0,0
38826,0,0
1914,0,0
14580,1,0
25118,0,0
21731,0,0
46587,1,0
3052,0,0
47800,1,0
33466,0,0
45329,0,0
11766,0,0
15913,0,0
71,0,0
46678,1,0
45524,1,1
33486,0,1
33960,0,0
39694,0,0
29390,1,0
182,1,0
20472,0,0
37095,0,0
39458,1,0
35055,0,0
28772,0,0
36801,0,0
4141,0,0
10961,0,0
23749,0,0
22646,0,0
41198,0,0
16694,1,1
33284,1,0
41286,0,0
19568,0,0
23021,0,0
16210,0,0
11536,1,1
38455,1,0
30609,1,0
45777,0,0
8032,0,0
39609,0,0
3890,0,0
2355,1,0
1984,0,0
1374,0,0
42472,0,0
40814,1,0
38956,1,0
40253,0,0
2936,0,0
29220,1,0
26258,0,0
43598,1,0
46010,0,0
28975,0,0
13061,1,0
37396,0,0
46913,1,1
31469,1,0
3797,1,0
24225,1,0
6408,0,0
606,0,0
5577,0,0
21192,0,0
27498,0,0
44893,0,0
6991,0,0
17214,0,0
45975,0,0
30615,0,0
5678,0,0
40671,0,0
33779,1,0
25580,0,0
6347,0,0
45579,0,0
13363,0,0
23273,1,1
33184,1,1
26649,1,0
29684,0,0
32170,0,0
6120,0,0
43250,0,0
1788,0,0
27369,0,0
20764,0,0
8582,0,0
14872,0,0
31946,0,0
20298,0,0
36713,1,0
39155,0,0
30969,0,0
6139,1,1
21598,0,0
38269,0,0
40029,0,0
41791,0,0
4125,0,0
35904,1,0
12664,0,0
23897,0,0
2107,0,0
9747,0,0
14202,0,0
6752,0,0
9564,1,0
12185,0,0
6787,0,0
8481,0,0
41597,1,0
3732,0,1
26023,0,0
5016,1,0
27295,0,0
8856,0,0
21635,0,0
27181,0,0
44272,0,0
10042,0,0
41399,0,0
22163,1,1
33429,0,0
46373,0,0
36671,1,0
19987,0,0
40056,0,0
32638,0,0
5635,0,0
15987,0,0
22921,0,0
2597,0,0
44409,0,0
6587,1,0
14106,1,0
33271,0,0
24972,1,0
43881,1,0
31859,0,0
1144,0,0
21166,1,0
7742,0,0
32546,0,0
32009,0,0
30035,1,1
31855,0,0
2688,1,0
29085,1,0
24993,0,0
44444,0,0
1909,0,0
12581,0,0
41441,1,0
28014,0,0
46654,1,0
1020,0,0
18197,0,0
17579,0,0
36128,0,0
10752,0,0
17712,0,0
16197,0,0
33353,0,0
28747,0,0
33058,0,0
10644,0,0
3177,0,0
12460,1,0
20377,1,0
38942,0,0
7509,1,1
46582,0,0
7084,0,0
19009,0,0
12038,0,0
29917,0,0
34876,0,0
16394,0,0
7791,0,0
37349,1,0
40943,1,1
4476,0,0
27547,1,0
10773,0,0
39740,1,1
34319,0,0
7491,0,0
15679,0,0
38869,0,0
31864,0,0
2621,1,1
27078,0,0
38757,0,0
45917,1,1
26132,0,0
44481,0,1
20739,0,0
21202,0,0
18852,0,0
45605,0,0
12465,0,0
38250,0,0
45472,0,0
7619,0,0
43685,0,0
4721,0,0
9021,0,0
4449,0,0
18985,0,0
48172,0,0
18927,0,0
16038,0,0
11959,0,0
37385,1,1
21963,1,0
350,0,0
45570,1,0
28445,0,0
12472,0,0
5326,0,0
44626,0,0
11026,0,0
39528,0,1
19036,0,0
41528,0,0
17897,1,1
24922,0,0
39664,0,0
31003,0,0
13886,0,0
12413,0,0
8155,0,1
46661,0,0
10523,1,0
36016,0,0
36590,1,0
13135,0,0
16242,0,0
1836,0,0
18637,0,0
42148,0,0
38104,0,0
561,0,0
34180,0,0
30306,0,0
1117,0,0
7050,0,0
35342,0,0
4352,0,0
9385,1,0
43934,0,0
24416,0,0
11699,0,0
10538,1,0
24109,0,0
30985,0,1
6570,0,0
43753,0,0
5608,1,0
13191,1,0
38332,0,0
2819,0,0
14996,0,0
42728,0,0
24521,0,0
42764,0,0
1230,0,0
6944,0,0
36367,0,0
21048,0,0
46478,0,0
42637,1,1
13362,0,0
3198,0,0
39278,0,0
39595,0,0
20398,0,0
40105,0,0
17614,0,0
31458,0,0
47128,0,0
28233,1,0
177,0,0
32508,1,0
17701,0,0
26512,0,0
19980,0,0
11774,0,0
19574,0,0
45246,0,0
2225,1,0
40353,1,0
33461,0,0
12812,0,0
16645,0,0
17069,0,0
43722,0,0
8699,1,0
39362,0,0
31121,0,0
30942,1,0
20434,0,0
17468,0,0
32383,1,0
27413,0,0
44569,1,1
190,1,1
13266,0,0
18786,1,0
43349,0,0
45217,0,0
19815,0,0
4601,0,0
29456,0,0
7935,0,0
20950,1,0
6325,0,0
10342,0,0
36949,0,0
8686,0,0
16989,0,0
2817,0,0
18564,0,0
24624,0,0
4031,0,0
26740,1,0
46074,0,0
11759,0,0
17203,0,0
8076,0,0
39579,0,0
37331,1,0
44633,0,0
41349,0,0
16652,0,0
37159,0,0
23312,1,0
48062,0,0
21876,1,0
34984,0,0
45158,1,0
42114,0,0
37867,0,0
20001,0,0
48318,0,0
8147,1,0
38579,0,0
19587,0,0
32728,0,0
30250,0,0
26844,0,0
37304,1,0
13272,1,1
32218,0,0
21589,0,0
8373,0,0
19630,1,0
32771,0,0
12406,0,0
6367,0,1
28189,0,0
25526,1,1
8105,0,0
36163,0,0
11559,0,0
17455,0,0
12312,0,0
30120,0,0
25810,1,0
32632,0,0
20808,0,0
7409,0,1
13541,1,0
47890,1,0
37741,0,0
47235,1,1
30009,0,0
39103,0,0
2539,0,0
36261,0,0
36339,0,0
31256,0,0
25394,1,0
44005,1,0
17474,0,0
27453,0,0
12790,0,0
24420,1,0
42100,0,1
38249,0,0
16071,0,0
27067,1,0
36495,0,0
15829,0,0
24937,1,0
10188,0,0
36549,1,0
21736,0,0
13617,0,0
41845,0,0
26105,1,0
17661,0,0
28336,0,1
39603,0,0
13462,1,1
6618,0,0
6705,0,0
25943,0,0
39289,1,0
39257,0,0
41750,0,0
45041,0,0
37648,0,0
34762,1,0
22507,0,0
9419,0,0
10616,0,0
4020,0,0
41423,0,0
19651,0,0
43580,0,0
8508,0,0
38589,0,0
48080,1,0
349,0,0
43066,0,0
35530,1,0
25035,0,0
29669,0,0
42508,0,0
13983,0,0
42245,0,0
23180,0,0
48240,0,0
46731,0,0
38017,0,0
7912,0,0
38072,0,0
19344,0,0
25488,0,0
43435,1,0
1681,0,0
6582,0,0
47339,0,0
16393,1,0
29240,0,0
2306,1,0
37156,0,0
892,0,0
36786,0,0
22088,0,0
45175,0,0
35132,0,0
48169,0,0
17149,1,0
24431,1,0
37455,0,0
44538,0,0
35414,1,1
11088,1,0
41910,1,1
19079,0,0
2894,1,0
43891,1,1
26335,0,0
16572,0,0
11254,1,0
22431,0,0
27503,0,0
3755,0,0
8518,0,0
35933,0,0
44701,0,0
11554,0,0
24028,0,0
21260,0,0
10326,0,0
45221,1,1
45528,0,0
25339,0,0
19401,0,0
24872,0,0
27214,0,0
48281,0,0
8796,0,0
5576,0,0
27608,1,0
14245,0,0
36894,1,1
5144,0,0
6641,0,0
41229,0,0
26768,1,0
23591,0,0
34825,0,0
33625,0,0
28916,0,0
36636,1,0
32384,0,0
21262,0,0
22785,0,0
25418,0,0
25828,1,0
38858,0,0
47434,0,0
28791,0,0
25571,0,0
40152,0,0
26764,1,0
19746,0,0
14399,0,0
33332,1,1
46687,0,0
14284,0,0
42529,0,0
33657,0,0
39669,0,0
3721,0,0
8116,0,0
31655,0,0
48312,0,0
27442,0,0
2449,0,0
31917,1,0
12415,0,0
25343,1,1
5986,0,0
3969,0,0
7287,0,0
47905,0,0
36448,0,0
31158,0,0
897,1,1
30602,0,0
37613,0,0
25255,0,0
29265,0,0
23041,0,1
3809,0,0
36223,0,1
28934,0,0
23112,0,0
10552,0,0
12284,0,0
15072,0,0
42469,1,0
16332,0,0
44965,0,0
13810,1,0
13107,0,0
7051,0,0
14991,0,0
9512,0,0
11732,0,0
6825,1,1
1140,1,0
48211,0,0
20432,0,0
34891,0,0
35449,0,0
20022,0,0
23824,1,1
8834,0,0
13869,0,0
9216,1,0
8568,0,0
41818,0,0
2395,0,0
12932,0,0
3097,1,0
9142,0,0
444,0,0
17127,0,0
16245,1,0
39974,0,0
42523,1,0
26986,0,0
12527,1,0
3181,0,0
7930,0,0
15782,0,0
39950,0,0
39114,0,0
5815,0,0
3627,0,0
45274,0,0
12346,0,0
11731,1,0
21264,1,0
41127,0,0
40002,1,1
2084,1,0
48302,0,0
32536,0,0
16993,0,0
6591,0,0
28230,0,0
28395,1,1
11039,0,0
1669,0,0
8835,0,0
10111,1,0
34152,1,0
28415,0,0
2863,0,0
42424,0,0
18972,0,0
38923,0,0
40095,0,0
24652,0,0
17038,0,0
2581,1,0
2491,1,1
30950,0,0
1065,0,0
24333,0,0
10622,0,0
27471,0,0
14107,0,0
40239,1,0
10493,0,0
33801,0,0
22900,0,0
18652,0,0
27252,0,0
47073,1,0
10850,0,0
10586,0,0
20074,0,0
28034,1,0
7681,1,0
20555,0,0
48821,0,0
34899,0,0
10805,0,0
19780,0,1
12437,1,0
47401,0,0
788,1,0
4977,0,0
9663,0,0
47858,0,0
48293,1,1
2519,0,0
27352,1,0
47223,0,0
9727,1,1
13185,1,0
14018,0,0
31539,0,0
34823,1,1
8119,0,0
33765,0,0
40768,0,0
12562,0,0
39646,0,0
31952,0,0
45663,0,0
20915,0,0
34032,0,0
19096,0,0
45965,0,0
16666,0,0
43344,0,0
47541,0,0
35520,0,0
13448,0,0
13585,1,1
129,1,1
36789,0,0
38359,1,0
42580,0,0
44846,0,0
43699,1,0
7386,0,0
41648,0,0
23032,1,1
35953,0,0
16028,1,1
41234,0,0
18465,1,0
25603,0,0
41340,0,0
28097,0,0
44274,0,0
45458,0,0
3994,0,0
9295,0,1
25376,0,0
24227,0,0
23534,1,0
44681,0,0
20968,0,0
39164,0,0
38905,0,0
14009,0,0
32298,1,0
1547,0,0
31591,0,0
32509,0,0
6899,0,0
23469,0,0
43683,0,0
9963,0,0
46503,0,0
37995,0,0
40410,0,0
805,0,0
28611,0,0
13760,0,0
30439,0,0
10871,0,0
108,0,0
7942,0,0
37475,0,0
10173,0,0
43073,0,0
13295,0,0
3602,1,1
2768,1,1
28333,0,0
25341,1,1
8224,0,0
22506,1,1
8589,1,0
14809,1,0
14807,0,0
23356,0,0
37090,0,0
4467,0,0
42903,0,0
29746,0,0
12451,0,0
36884,1,0
19408,0,0
32360,1,1
25489,0,0
41139,1,0
4379,1,0
10692,0,0
34550,0,0
2841,0,0
42611,0,0
14773,0,0
26788,0,0
2773,0,0
26005,0,0
12889,0,0
30848,0,0
21003,0,0
3208,0,0
18199,0,0
7030,0,0
1920,1,0
24947,1,1
44210,0,0
23608,1,0
22950,1,1
44474,0,0
22348,0,0
12677,0,0
45681,0,0
26109,1,0
27016,0,0
5071,0,0
36991,0,0
39627,0,0
1531,0,0
39531,0,0
3897,0,0
41081,1,1
21293,0,0
36156,0,0
31332,0,0
35466,0,0
34269,0,0
1270,1,0
41462,0,0
42983,0,0
8691,0,0
36896,0,0
81,0,0
4582,0,0
15914,0,0
36120,0,0
42785,0,0
41143,0,0
4377,1,0
28337,0,0
16103,0,0
23628,1,1
35491,0,0
45799,0,0
41298,0,0
21844,0,0
26528,0,0
10803,0,0
11925,0,0
35065,0,0
11691,0,0
41252,0,0
39507,0,0
44908,0,0
1398,0,0
11683,0,0
34445,0,0
20371,0,0
11040,0,0
33597,0,1
12410,0,0
36664,0,0
9344,0,0
7326,0,0
19701,0,0
39467,0,0
43431,1,0
44443,0,0
37482,1,0
30078,0,0
38794,1,0
36208,0,0
48125,0,0
48422,0,0
42349,0,0
4812,0,0
23822,0,0
30949,1,0
21637,0,0
8098,0,0
24861,0,0
31481,0,0
32788,0,0
18287,0,0
46243,0,0
17725,1,1
44432,0,0
818,0,0
29792,0,0
4135,0,0
24326,0,0
48128,0,0
13907,0,0
39070,0,0
1299,0,0
14436,1,0
46129,0,0
14080,0,0
19731,0,0
48470,0,0
29352,0,0
20447,0,0
1045,1,1
33246,1,0
37539,1,1
6058,1,0
37500,1,0
17340,1,0
6757,1,1
24589,0,0
33707,1,0
9388,0,0
20538,1,0
18120,0,0
11301,1,0
37036,0,0
38078,0,0
27335,0,0
6298,0,0
46155,0,0
5148,1,0
43745,1,1
1536,1,0
37925,0,0
27350,1,1
40465,0,0
40385,1,0
38556,1,1
31839,1,1
4692,0,0
47514,0,0
25947,0,0
26463,0,0
12243,0,0
11156,0,0
14880,0,0
5521,0,1
13612,1,0
23472,0,0
24414,0,0
1525,0,0
43905,0,0
17027,1,1
3641,0,0
18748,0,0
42491,0,0
28249,0,0
18725,0,0
17702,0,0
15249,0,0
34882,0,0
25584,0,0
6637,0,0
10710,0,0
18779,1,0
25855,0,0
36785,0,0
38261,0,0
552,0,0
23531,0,0
35976,1,0
17724,0,0
34248,0,0
11431,0,0
15686,0,0
48437,1,1
4702,0,0
2543,1,0
27578,0,0
7027,1,0
21224,1,0
11194,0,0
39364,0,0
38877,1,1
38052,0,0
42185,1,0
24302,1,0
18117,0,0
32761,0,0
629,0,0
13937,0,0
34037,1,0
10987,1,0
40160,1,1
23488,1,0
21158,0,0
38872,1,1
21591,0,0
6488,0,0
11245,0,0
15801,0,0
14947,0,0
3454,0,0
30263,1,0
43412,0,0
6797,0,0
4655,0,0
24301,0,0
44209,1,0
3350,1,0
19037,1,1
47554,0,0
3170,0,0
3889,0,0
28548,1,0
36841,0,0
38726,0,0
1749,0,0
44011,0,0
26158,1,1
44988,0,0
57,1,0
25105,1,0
5596,0,0
36708,0,0
38902,0,0
12778,0,0
38646,0,0
12469,1,1
46949,0,0
14848,0,0
10705,0,0
43005,0,0
234,0,0
23181,1,0
23401,1,0
9401,0,0
18623,0,0
4902,0,0
23217,0,1
37155,0,0
31162,0,0
33467,1,0
30124,0,0
29641,0,0
41356,0,0
789,0,0
34316,0,0
42345,0,0
9514,0,0
25595,0,0
25889,0,0
10363,0,0
40076,0,0
40377,0,0
28911,0,0
47379,0,0
25097,1,1
7830,0,0
10023,0,0
20687,0,0
15172,0,0
45191,1,1
641,0,0
16172,0,0
6209,1,0
9894,0,0
3062,0,0
3230,0,0
19728,0,0
26163,0,0
23871,1,0
24281,1,0
16696,1,0
30424,1,0
5450,0,0
25042,1,0
92,1,1
2103,0,0
35873,0,0
45139,0,0
15798,0,0
45891,0,0
15015,1,1
30543,0,0
35967,0,0
21223,0,0
31379,0,0
4275,1,1
7991,1,1
9729,0,1
10208,0,0
33331,0,0
15409,0,0
11936,0,0
20079,0,0
19279,0,0
36828,0,0
28760,1,0
10226,0,0
11053,0,0
32643,0,1
19840,1,1
15144,0,0
41152,0,0
19014,0,0
43130,0,0
24365,1,0
8364,0,0
27510,0,0
37288,0,0
21807,0,0
6191,0,0
48013,0,0
34220,0,0
38380,0,0
13953,0,0
8821,0,0
20365,0,0
32967,0,0
8653,1,0
11011,0,0
34307,0,0
36095,0,1
3129,0,0
28622,0,0
40593,0,0
20805,0,0
15599,0,0
796,0,0
38041,0,0
13470,0,0
24118,1,0
24805,1,0
33102,0,0
38964,0,0
29493,1,0
30908,0,0
16615,0,0
3222,0,0
42107,0,0
32480,0,0
516,0,0
4105,0,0
41194,0,0
31820,0,0
10730,0,0
39440,0,0
11471,0,0
44285,0,0
40318,1,0
3957,0,0
26858,0,0
15162,1,0
42910,0,0
10362,0,0
3628,0,0
44365,0,1
44098,0,0
9078,0,0
27168,1,0
21699,1,0
24426,0,0
19866,0,0
9271,0,0
42550,1,0
21110,0,0
467,0,0
20169,0,0
34892,0,0
20759,1,1
2761,0,0
10319,0,0
12404,0,0
23094,0,0
28498,0,0
5502,0,0
18242,1,0
23690,1,1
15812,0,0
4360,1,0
17339,1,1
3818,0,0
1210,0,0
44035,0,0
12712,0,0
4778,1,1
2940,0,0
18153,1,0
23633,0,0
19972,0,1
10159,0,0
23661,1,0
38299,0,0
22485,0,0
20147,1,1
48454,1,0
7600,0,0
42721,1,0
27504,0,0
22053,0,0
2884,0,0
9885,0,0
44514,1,0
1584,0,0
7905,0,0
40857,1,0
23120,0,0
44092,1,0
28674,0,0
18375,0,0
45173,0,0
21469,0,0
45414,0,0
8780,1,0
13985,0,0
26037,0,0
39597,0,0
26148,1,0
38312,0,0
27853,0,0
158,0,0
37786,1,0
40007,1,0
23484,1,0
25612,1,0
17335,0,0
31002,0,0
24170,0,0
37103,0,0
302,0,0
21934,0,0
8951,0,0
24785,0,0
4428,1,0
38523,0,0
33639,0,0
26817,0,0
12210,0,0
35204,1,1
42486,0,0
3066,0,0
14347,0,0
17715,0,0
4893,1,1
8389,0,0
28412,0,0
15754,0,0
19578,1,0
34983,1,0
44628,0,0
2464,0,0
40364,0,0
5685,0,0
7428,1,0
14111,1,0
10391,0,0
29701,0,0
11754,0,0
11421,1,0
44122,1,1
23006,0,0
23552,1,0
27400,0,0
4399,0,0
14538,0,0
2205,0,0
16892,0,0
27490,0,0
27676,0,0
41993,0,0
35116,1,0
21661,1,0
9430,1,0
26306,0,0
41327,0,0
10522,1,0
45483,0,0
32695,0,0
180,0,1
30039,0,0
36014,1,0
18823,0,0
25585,0,0
8112,0,0
34612,0,0
46699,0,1
1298,0,0
14481,0,0
8379,0,0
48598,0,0
24029,0,0
25748,0,0
1038,0,0
20162,0,0
39074,1,1
30467,0,0
17134,0,0
24588,0,0
38130,0,0
39476,0,0
11140,0,0
23186,0,1
33553,0,0
1330,1,1
46446,0,0
9018,0,0
17239,1,0
42932,0,0
26486,0,0
17732,0,0
41618,0,0
37960,0,0
12092,0,0
40751,1,0
9443,0,0
48765,0,0
38925,1,0
10511,0,0
24369,0,0
23150,1,1
13568,0,0
34251,0,0
37708,1,0
10079,0,0
39261,0,1
8497,0,0
34274,0,0
10076,0,0
27247,0,0
21203,0,0
35516,0,0
46432,0,0
40546,0,0
23688,0,0
29162,0,0
34826,0,0
11231,0,0
38595,0,1
28679,0,0
39223,0,0
46968,0,0
20791,0,0
33444,1,0
22190,1,1
16927,0,0
35035,0,0
38953,0,0
45776,0,0
48394,0,0
10091,0,0
38258,0,0
16032,1,0
18968,1,1
46447,0,0
43605,1,0
39619,0,0
37255,0,0
10872,0,0
16583,1,0
4144,0,0
36280,1,0
1303,0,0
1873,0,0
39554,1,0
21270,0,0
18358,0,0
13558,0,0
21919,0,0
22423,0,0
34666,1,0
9695,0,0
32251,0,0
41543,0,0
32483,0,0
40517,0,0
43161,1,1
31451,0,0
34161,0,0
7837,1,0
39181,0,0
10422,0,0
38770,0,0
34070,1,1
38321,1,1
8674,0,0
47936,1,0
8943,1,0
29665,1,0
29911,0,0
37822,0,0
28651,0,0
25251,0,0
32905,0,0
9283,0,0
37313,0,1
42273,1,0
25839,1,0
4499,1,0
16818,0,0
22451,1,0
39348,0,1
45077,1,0
42378,0,0
13052,0,0
10177,0,0
10085,0,0
40854,0,0
39026,0,0
28147,1,0
2074,0,0
14655,0,0
33806,0,0
45316,0,0
41994,1,0
4921,1,0
17999,1,0
16279,0,1
19171,0,0
32493,0,0
41079,0,0
18395,0,0
528,0,0
15397,0,0
8240,0,0
273,0,0
38974,0,0
22220,0,0
16438,0,0
1735,0,0
34193,0,0
10508,0,0
31991,1,0
7832,0,0
33938,0,0
37908,0,0
89,1,1
16868,0,0
12730,1,0
2896,0,0
7216,0,0
41851,0,0
29862,0,0
33051,0,0
48475,0,0
17874,1,1
38153,0,0
27768,0,0
31446,1,0
20653,0,0
40971,0,0
22996,0,0
25805,0,0
17546,0,0
37502,0,0
38519,0,0
3491,1,0
8716,1,0
3157,0,0
20816,0,0
30614,0,0
18010,0,0
41525,0,0
48425,0,0
10940,0,0
4658,0,0
34336,0,0
9291,0,0
37504,1,1
16389,0,0
19678,0,0
12285,0,0
25219,0,0
9585,0,0
18355,1,0
12543,0,0
44403,0,0
6269,0,0
10751,1,0
47094,0,0
45495,0,0
12619,0,1
15676,0,0
24865,1,0
19657,0,0
30799,1,1
35528,1,0
26984,0,0
44890,0,0
14537,0,0
47598,0,0
10256,0,0
47619,1,0
1561,0,0
10138,0,0
38571,0,0
44273,0,0
46541,0,0
7011,0,0
38705,1,0
31497,0,0
22536,0,0
10779,0,0
7298,1,0
6778,1,1
22091,0,0
35089,0,0
29371,0,0
47039,0,0
26186,1,0
40389,1,0
46007,0,0
40407,0,0
1546,0,0
47679,1,0
45311,1,0
10509,0,0
25523,1,1
34542,0,0
47014,0,0
48085,0,0
17540,0,0
32887,0,0
684,0,0
27242,0,0
5191,1,0
33468,0,0
26371,0,0
46725,0,0
16900,1,1
44572,0,0
6352,0,0
20250,0,0
6833,0,0
17846,0,0
3687,1,0
36428,1,1
4234,0,0
2217,0,0
41214,1,1
4298,0,0
14997,0,0
20186,0,1
39498,0,0
27175,0,0
25891,1,0
3321,0,0
37865,0,0
27200,1,1
12970,0,0
26950,0,0
20544,0,0
31742,0,0
25936,0,0
7256,0,0
26447,0,0
23821,0,0
6879,0,0
6744,0,0
31200,1,0
99,0,0
6646,0,0
37237,0,0
16217,0,0
46863,0,0
1653,0,0
3475,0,0
28710,1,0
978,1,1
6689,0,0
20632,1,0
44865,0,0
24229,0,0
39247,0,0
45853,0,0
27620,0,0
46242,0,0
32631,0,0
36832,0,0
6389,0,0
34613,1,0
37871,1,0
1484,0,0
21475,1,0
15389,0,0
24917,0,0
2049,1,0
28894,0,0
10885,1,1
462,0,0
15436,1,1
42145,0,0
44156,0,0
36988,0,0
33420,0,0
13104,0,0
6583,0,0
11487,0,0
19829,0,0
9338,0,0
14800,0,0
42447,0,0
37110,1,0
28054,0,0
21303,0,0
47947,0,0
32767,0,0
24673,1,1
8057,0,0
34822,1,1
19282,0,0
21988,0,0
4962,0,0
47034,1,0
5987,0,0
15480,0,0
13724,0,0
958,1,0
42041,1,1
46209,0,0
38132,0,0
36069,0,0
31966,0,0
41624,0,0
8503,1,0
1043,0,0
8456,0,0
30012,0,0
16229,0,0
6806,0,0
45111,1,0
32067,0,0
34182,1,0
30269,0,0
40167,0,0
24648,1,1
17467,0,0
46685,1,0
5190,1,0
37724,0,0
17235,0,0
25446,1,0
39133,0,0
48039,0,0
26702,0,0
1340,1,0
36359,0,0
6995,0,0
28131,1,0
22333,0,0
14179,1,1
32465,0,0
21256,0,0
41135,0,0
35513,0,0
36063,0,0
44544,0,0
37040,0,0
6826,0,0
35354,0,0
2672,0,0
42976,0,1
25697,1,0
22661,0,0
25881,0,0
4271,0,0
29618,0,1
17033,0,0
8181,0,0
116,0,0
10902,0,0
26402,1,0
1371,0,0
43637,0,0
29051,1,0
9494,0,0
2027,0,0
16033,0,1
36581,0,0
29377,0,0
1657,0,0
41577,0,0
7222,0,0
4290,0,0
28443,1,0
28378,0,0
37831,0,0
19015,1,0
46440,0,0
21265,0,0
28179,0,0
26293,0,0
12151,1,1
42985,1,0
47790,0,0
24034,0,0
15949,0,0
5249,0,0
924,0,0
37617,0,0
4661,0,0
32824,1,0
27622,0,0
12431,0,0
36091,1,0
39564,0,0
32594,0,1
31050,0,0
12196,1,0
5720,0,0
6535,1,0
15331,0,0
25292,0,0
1199,1,0
27911,0,0
19044,0,0
3692,1,1
14451,0,0
25444,0,0
44171,0,0
2336,1,0
11418,0,0
2115,0,0
17358,0,0
43877,1,0
47770,1,1
11092,0,0
36843,0,0
47834,0,0
33024,0,0
46481,0,0
21966,1,1
47967,0,0
30573,0,0
24146,0,0
9317,1,0
25545,0,0
36403,0,0
39556,0,0
43952,0,0
16638,1,0
19230,0,0
37416,1,0
45096,0,0
11392,0,0
10316,0,0
28196,0,0
12866,1,0
24585,0,0
25845,0,0
27675,1,1
27857,1,0
41843,0,0
39258,0,0
30575,1,1
21157,0,0
26279,0,0
2859,0,1
38674,0,0
34500,1,1
20181,1,1
47496,0,0
13633,0,0
47330,0,0
32498,1,0
16534,0,0
265,1,0
30552,0,0
24782,0,0
21582,1,0
44336,0,0
35901,0,0
1102,1,0
12416,1,0
2592,1,0
11144,1,0
46410,1,0
22849,0,0
42039,0,0
11810,0,0
29710,0,0
18939,0,0
6386,0,1
33637,0,0
39226,0,0
3439,0,0
27697,1,0
5494,1,0
14051,0,1
17353,1,0
20886,0,0
7848,0,0
38644,0,0
2541,0,0
44858,0,0
48280,0,0
1565,1,0
17313,0,0
29205,1,0
44230,0,0
29357,0,0
1087,0,0
16259,0,0
41347,0,0
39906,0,0
6187,0,0
4206,0,0
3771,0,0
29521,0,0
1959,0,0
9397,0,0
17726,0,0
45675,0,0
27909,0,0
20970,0,0
24296,1,0
6097,0,0
21144,0,0
37028,0,0
47517,0,0
26562,0,0
29427,0,0
46092,0,0
67,0,0
8464,0,0
14373,0,0
16034,0,0
9423,0,0
47447,0,0
30492,0,0
42771,1,0
1291,0,0
155,0,0
37977,0,0
29277,0,0
41044,0,0
22757,0,0
15635,0,0
21122,0,0
47062,0,1
4415,0,0
28464,0,0
38849,0,0
4638,0,0
36923,1,0
1435,0,0
23382,0,0
5691,1,0
22376,0,0
19429,0,0
6684,0,0
36198,0,0
4969,0,0
43708,1,1
10982,1,1
19357,0,0
39284,0,0
6739,0,0
44925,0,0
46173,1,1
36216,0,0
3624,0,0
15440,0,0
39444,0,0
38768,0,0
21126,0,0
14679,0,0
39461,0,0
48426,0,0
29650,0,0
20326,0,0
48366,0,0
43233,0,0
25160,1,0
37789,0,0
8482,0,0
28765,0,0
2030,0,0
17940,0,0
9166,0,1
9614,0,0
47969,1,1
46830,1,0
8470,0,0
24830,0,0
48661,0,0
1850,0,0
29362,0,0
30143,1,0
7765,1,0
32702,0,0
46841,1,0
6429,0,0
29092,0,0
8711,1,0
22893,0,0
23277,0,0
30182,0,0
16123,0,0
48065,0,0
16931,0,0
11647,1,1
12162,0,0
42097,0,0
6366,0,0
41567,0,0
5197,0,0
26696,1,0
2077,1,1
21522,0,0
18235,0,0
8781,0,0
17891,0,0
41739,0,0
44931,1,1
1913,0,0
14191,1,0
44996,0,0
48654,0,0
24176,0,0
42009,0,0
36772,1,0
44501,0,0
35146,0,0
13855,0,0
28579,0,0
45604,0,0
13220,1,1
37424,0,0
1641,0,0
20959,0,0
2872,0,0
3924,0,0
48124,0,0
33958,0,0
15354,0,0
46539,1,1
39157,0,0
9540,1,0
24499,0,1
19203,0,0
27735,0,0
14955,0,0
9522,0,0
22152,1,0
39281,0,0
26866,0,0
20956,1,0
28535,0,0
37066,0,0
11738,0,0
3556,0,0
47816,0,0
32966,1,0
7789,0,0
37885,0,0
22663,1,0
37571,0,0
3774,0,0
34005,0,0
461,0,0
26783,1,1
42997,1,1
7308,0,0
32608,0,0
34057,0,0
37,0,0
3970,0,0
18036,0,0
6491,0,0
34951,0,0
43656,0,0
24792,0,0
44755,0,0
46879,0,0
6281,0,0
44811,1,0
38446,0,0
5901,0,0
42355,1,0
41608,1,0
36921,0,0
2713,0,0
13650,0,0
39018,1,0
21843,0,0
29231,0,0
3076,0,0
21851,1,1
8985,0,0
25960,0,0
35492,0,1
25361,0,0
13586,0,0
22097,0,0
42687,0,0
10577,0,0
16528,0,0
23057,0,0
32169,0,0
2978,1,0
3544,0,0
24095,0,0
28244,0,0
10816,0,0
26830,0,0
15234,0,0
26212,0,0
14954,0,0
19161,0,0
16885,0,0
21483,1,1
7840,0,0
42386,1,0
30578,0,0
36085,1,0
38978,1,0
5800,1,0
39251,1,1
16521,1,0
40952,0,0
29826,0,0
