Unnamed: 0,lr,seed,epoch,dataset,eval_f1,eval_acc,train_f1,eval_loss,train_acc,batch_size,train_loss,experiment
Expr-995-ep-11.pt,0.0140100448753766,42,11,adult_dataset,0.6981635689735413,0.8601094484329224,0.6409662365913391,0.3212201732855577,0.8482519388198853,256,0.3456708908665414,995
Expr-994-ep-24.pt,0.0025084372995737,42,24,adult_dataset,0.708730936050415,0.8600160479545593,0.6625917553901672,0.3155982181047781,0.8541496396064758,256,0.334244283780553,994
Expr-969-ep-20.pt,0.0040336695522988,42,20,adult_dataset,0.6927819848060608,0.8584601283073425,0.6565597057342529,0.3184031278659135,0.8530110120773315,256,0.3234217508750803,969
Expr-946-ep-20.pt,0.0029403178433917,42,20,adult_dataset,0.6971115469932556,0.8591146469116211,0.6603440642356873,0.3213968575000763,0.8525258898735046,256,0.3318434309920454,946
Expr-944-ep-20.pt,0.0146397695837816,42,20,adult_dataset,0.699914276599884,0.8613113760948181,0.6478806734085083,0.3206655062161959,0.8498382568359375,256,0.3435789606734818,944
Expr-916-ep-16.pt,0.004038913345441,42,16,adult_dataset,0.6987614035606384,0.8594151139259338,0.6573911905288696,0.3150842724702297,0.8526466488838196,256,0.3359918981011397,916
Expr-905-ep-24.pt,0.0026328714759438,42,24,adult_dataset,0.7027367949485779,0.8575120568275452,0.6642534136772156,0.3153637918906334,0.8549632430076599,256,0.3343138897341061,905
Expr-888-ep-16.pt,0.0037488751832473,42,16,adult_dataset,0.7023736238479614,0.8575120568275452,0.6579742431640625,0.315448848864971,0.8525020480155945,256,0.3368257621144936,888
Expr-859-ep-19.pt,0.0043707926824174,42,19,adult_dataset,0.7050593495368958,0.8601628541946411,0.6606471538543701,0.313276076164001,0.8533003330230713,256,0.3350020881766587,859
Expr-847-ep-16.pt,0.0040100061298604,42,16,adult_dataset,0.6928858757019043,0.8579593300819397,0.6549044847488403,0.3174349016103989,0.8517241477966309,256,0.3383720450931125,847
Expr-827-ep-12.pt,0.0046080561622515,42,12,adult_dataset,0.7012083530426025,0.8568575978279114,0.6533384919166565,0.3176551377161955,0.8505973815917969,256,0.3413700583129147,827
Expr-821-ep-12.pt,0.0012131491075886,42,12,adult_dataset,0.688654363155365,0.8533520102500916,0.6465560793876648,0.3197387678500933,0.8481430411338806,256,0.3477024018180136,821
Expr-797-ep-14.pt,0.005361684379278,42,14,adult_dataset,0.6993582844734192,0.8566572666168213,0.655560314655304,0.3192224861719669,0.8522161245346069,256,0.3385398476536757,797
Expr-772-ep-11.pt,0.0050361391893573,42,11,adult_dataset,0.6857713460922241,0.854901134967804,0.6529914736747742,0.3173987223551823,0.8500357270240784,256,0.3391256344084646,772
Expr-767-ep-11.pt,0.0053603243044141,42,11,adult_dataset,0.6926207542419434,0.85670405626297,0.6531772017478943,0.3233456023228474,0.8503131866455078,256,0.3321146031025968,767
Expr-707-ep-25.pt,0.0042258050576425,42,25,adult_dataset,0.705069899559021,0.8596154451370239,0.6638242602348328,0.3125875607514993,0.8551487326622009,256,0.3324377138435451,707
Expr-666-ep-15.pt,0.0050197982188112,42,15,adult_dataset,0.7001649737358093,0.8583133220672607,0.6569734215736389,0.3141834640350097,0.8529751896858215,256,0.3396053536265504,666
Expr-618-ep-9.pt,0.0053015812257044,42,9,adult_dataset,0.6914611458778381,0.8540998697280884,0.6512635946273804,0.3186240677650158,0.8494740128517151,256,0.3378524585487016,618
Expr-595-ep-12.pt,0.0039777604914143,42,12,adult_dataset,0.6904986500740051,0.8557024002075195,0.6519156694412231,0.3199428136532123,0.85005784034729,256,0.3422435680830401,595
Expr-586-ep-11.pt,0.0056484042120587,42,11,adult_dataset,0.6877226233482361,0.8550013303756714,0.6511237621307373,0.3315092661441901,0.8486502766609192,256,0.3370189749532276,586
Expr-569-ep-23.pt,0.0039909440750315,42,23,adult_dataset,0.7033553719520569,0.8609175086021423,0.6635398864746094,0.3138005347588123,0.8548099994659424,256,0.3328462538181567,569
Expr-565-ep-22.pt,0.0051401577475119,42,22,adult_dataset,0.7011290192604065,0.859461784362793,0.6614505052566528,0.3120336047349832,0.8545104265213013,256,0.3335535722035987,565
Expr-561-ep-19.pt,0.0065791356880871,42,19,adult_dataset,0.6985746026039124,0.8598157167434692,0.6583487391471863,0.3131039692805363,0.8538908958435059,256,0.3346426749930662,561
Expr-557-ep-31.pt,0.0058985398064372,42,31,adult_dataset,0.6988990902900696,0.8598157167434692,0.6629664897918701,0.3166791876921287,0.8555351495742798,256,0.3321800730586831,557
Expr-552-ep-12.pt,0.0047564856407469,42,12,adult_dataset,0.6933797597885132,0.8566105961799622,0.6554250717163086,0.316119210078166,0.8522058725357056,256,0.3390150374057246,552
Expr-540-ep-11.pt,0.005133654456511,42,11,adult_dataset,0.6968048810958862,0.8575053215026855,0.6526088118553162,0.3175054842080825,0.8506229519844055,256,0.3383217806520026,540
Expr-512-ep-20.pt,0.0017887135283665,42,20,adult_dataset,0.6890243291854858,0.853205144405365,0.6576511859893799,0.3214708604873755,0.8525088429450989,256,0.3366998924928553,512
Expr-493-ep-11.pt,0.0060989874278552,42,11,adult_dataset,0.6825978755950928,0.854901134967804,0.65604567527771,0.3250406201069171,0.8518773317337036,256,0.3360541721964194,493
Expr-473-ep-13.pt,0.0111621538123045,42,13,adult_dataset,0.6955772042274475,0.8580061197280884,0.6428946852684021,0.3227723706991244,0.8475558161735535,256,0.3441103501062767,473
Expr-466-ep-24.pt,0.0019963660348148,42,24,adult_dataset,0.6963953375816345,0.8572115898132324,0.6622036099433899,0.3171656223443838,0.8541428446769714,256,0.3343113859494527,466
Expr-465-ep-16.pt,0.0143795829512654,42,16,adult_dataset,0.6818492412567139,0.8574051260948181,0.6527524590492249,0.3135213599755214,0.852318286895752,256,0.3401984121480019,465
Expr-458-ep-9.pt,0.005680319017623,42,9,adult_dataset,0.6905797719955444,0.8573583960533142,0.6524538397789001,0.3168992071579664,0.8505207896232605,256,0.3449913989874272,458
Expr-449-ep-11.pt,0.0018382522290132,42,11,adult_dataset,0.6837059855461121,0.8541532754898071,0.6511548161506653,0.3214354476867578,0.8491489291191101,256,0.3417523627966837,449
Expr-446-ep-30.pt,0.0066037987872861,42,30,adult_dataset,0.7025862336158752,0.8611178398132324,0.6599464416503906,0.3185796454930917,0.8551708459854126,256,0.3303790247323466,446
Expr-443-ep-41.pt,0.0037987855163758,42,41,adult_dataset,0.7124569416046143,0.8615184426307678,0.6668175458908081,0.3138751269151003,0.857536792755127,256,0.3297155195591496,443
Expr-380-ep-11.pt,0.0014101963691947,42,11,adult_dataset,0.6845299601554871,0.855101466178894,0.64925616979599,0.3203175213092413,0.8493208289146423,256,0.3422381589615267,380
Expr-373-ep-8.pt,0.0077844369210402,42,8,adult_dataset,0.6908910274505615,0.8534454703330994,0.6424855589866638,0.3208517118906363,0.8471030592918396,256,0.3452724225186055,373
Expr-358-ep-11.pt,0.0057246905942098,42,11,adult_dataset,0.6940109729766846,0.8568041920661926,0.6533902883529663,0.3158141993559323,0.8510825037956238,256,0.3409594043212778,358
Expr-354-ep-25.pt,0.005674697310307,42,25,adult_dataset,0.7055026888847351,0.8607171773910522,0.6628793478012085,0.3153110123597659,0.8554517030715942,256,0.3317503771361182,354
Expr-343-ep-15.pt,0.0027150801139932,42,15,adult_dataset,0.6947978734970093,0.8573583960533142,0.6571856141090393,0.3179437479911706,0.8514331579208374,256,0.3364465595070832,343
Expr-337-ep-12.pt,0.0127441784984379,42,12,adult_dataset,0.6884374022483826,0.8566038608551025,0.646354079246521,0.3149242752637619,0.8507863879203796,256,0.341005078717774,337
Expr-326-ep-16.pt,0.0021495300421348,42,16,adult_dataset,0.7014057040214539,0.8570579290390015,0.6549420356750488,0.3177351890466152,0.8506127595901489,256,0.3412235489273383,326
Expr-325-ep-18.pt,0.0028542007023201,42,18,adult_dataset,0.6977083683013916,0.8586138486862183,0.6579245924949646,0.3243906971735832,0.8518195152282715,256,0.3288814508252674,325
Expr-322-ep-17.pt,0.0140740485093745,42,17,adult_dataset,0.6853716969490051,0.8535990715026855,0.6301935911178589,0.3208317305797186,0.8439185619354248,256,0.3491599945461048,322
Expr-310-ep-10.pt,0.0036282502565089,42,10,adult_dataset,0.6893349289894104,0.8550547361373901,0.6518418192863464,0.3194656884058928,0.8495761752128601,256,0.3407939542937123,310
Expr-306-ep-9.pt,0.0043688759422646,42,9,adult_dataset,0.6972014307975769,0.8574051260948181,0.6488783359527588,0.3187930713861416,0.848219633102417,256,0.3460575702533223,306
Expr-278-ep-8.pt,0.0141160840576437,42,8,adult_dataset,0.6864976286888123,0.8570045232772827,0.6435180306434631,0.323335703366842,0.8481685519218445,256,0.3460155956301035,278
Expr-251-ep-16.pt,0.0046745940147213,42,16,adult_dataset,0.6954442262649536,0.8577590584754944,0.6588444113731384,0.3167073420989207,0.852668821811676,256,0.3367497159375084,251
Expr-239-ep-12.pt,0.0039583579130029,42,12,adult_dataset,0.69008469581604,0.8554019331932068,0.6529969573020935,0.3173591632109422,0.8505684733390808,256,0.3401097483884275,239
Expr-226-ep-27.pt,0.0044297739098109,42,27,adult_dataset,0.7121158242225647,0.8591146469116211,0.6604368090629578,0.3134149847886501,0.8544049263000488,256,0.3340471464824053,226
Expr-207-ep-20.pt,0.0063541372475699,42,20,adult_dataset,0.706329882144928,0.8598089814186096,0.6592845320701599,0.3155150398229941,0.8544815182685852,256,0.3342741480450225,207
Expr-191-ep-41.pt,0.0010946573738599,42,41,adult_dataset,0.6796170473098755,0.8559027314186096,0.6628649830818176,0.3164047438364762,0.8552100658416748,256,0.3336171160141627,191
Expr-179-ep-15.pt,0.0019920664333266,42,15,adult_dataset,0.6945292949676514,0.8561564683914185,0.6533240675926208,0.3163790290172283,0.8502842783927917,256,0.3428283217880461,179
Expr-163-ep-14.pt,0.0062048778454859,42,14,adult_dataset,0.6998418569564819,0.8575587272644043,0.655501127243042,0.3150264445023659,0.8510791063308716,256,0.3352126756719514,163
Expr-159-ep-14.pt,0.0021564102136668,42,14,adult_dataset,0.6982068419456482,0.8553552031517029,0.6517075896263123,0.3180075669899965,0.8494195938110352,256,0.3434339144261055,159
Expr-154-ep-14.pt,0.0064666004355407,42,14,adult_dataset,0.6867684721946716,0.8570045232772827,0.6570243239402771,0.3225072064460852,0.8520594835281372,256,0.3400688226900848,154
Expr-95-ep-23.pt,0.0019914860081742,42,23,adult_dataset,0.7018734812736511,0.8566105961799622,0.661110520362854,0.3181324555323674,0.8534178137779236,256,0.3352862098832536,95
Expr-72-ep-15.pt,0.0051606977279353,42,15,adult_dataset,0.6992905735969543,0.8606170415878296,0.6560527086257935,0.323284496099521,0.8522501587867737,256,0.3379434428963007,72
Expr-70-ep-16.pt,0.0068423974765655,42,16,adult_dataset,0.694060742855072,0.8573583960533142,0.6571792960166931,0.316010744143755,0.853026270866394,256,0.3367899364116145,70
Expr-68-ep-11.pt,0.0047709181015885,42,11,adult_dataset,0.6864494681358337,0.8552550077438354,0.6552987694740295,0.3228298456240923,0.8506450653076172,256,0.336064273430631,68
Expr-42-ep-21.pt,0.0017574818949755,42,21,adult_dataset,0.691170871257782,0.8534521460533142,0.6604986786842346,0.3207123440045576,0.8541683554649353,256,0.3391831731484606,42
Expr-41-ep-20.pt,0.0027079845068056,42,20,adult_dataset,0.6974239349365234,0.8586138486862183,0.659430205821991,0.3150736147012466,0.8532203435897827,256,0.3352658331783768,41
Expr-18-ep-26.pt,0.0025928893068648,42,26,adult_dataset,0.7006330490112305,0.858012855052948,0.6635990142822266,0.3164470077325136,0.8549665808677673,256,0.3330279146534166,18
Expr-9-ep-26.pt,0.0053371802218629,42,26,adult_dataset,0.7055185437202454,0.8612179756164551,0.662101686000824,0.3146484452180373,0.8553529381752014,256,0.3313007936173794,9
Expr-1-ep-17.pt,0.002607291390855,42,17,adult_dataset,0.6943159103393555,0.8574119210243225,0.656423032283783,0.3167921480460045,0.8520781993865967,256,0.3365024754814073,1
