,Expr-100-ep-0.pt,Expr-1000-ep-0.pt,Expr-102-ep-0.pt,Expr-104-ep-0.pt,Expr-112-ep-0.pt,Expr-115-ep-1.pt,Expr-123-ep-0.pt,Expr-128-ep-0.pt,Expr-139-ep-1.pt,Expr-143-ep-1.pt,Expr-148-ep-1.pt,Expr-151-ep-0.pt,Expr-199-ep-1.pt,Expr-208-ep-0.pt,Expr-217-ep-0.pt,Expr-219-ep-0.pt,Expr-221-ep-1.pt,Expr-229-ep-0.pt,Expr-230-ep-0.pt,Expr-232-ep-0.pt,Expr-239-ep-0.pt,Expr-241-ep-0.pt,Expr-251-ep-1.pt,Expr-252-ep-0.pt,Expr-26-ep-0.pt,Expr-262-ep-0.pt,Expr-263-ep-1.pt,Expr-266-ep-0.pt,Expr-275-ep-0.pt,Expr-280-ep-0.pt,Expr-281-ep-0.pt,Expr-285-ep-0.pt,Expr-287-ep-1.pt,Expr-290-ep-0.pt,Expr-302-ep-2.pt,Expr-314-ep-0.pt,Expr-315-ep-1.pt,Expr-319-ep-2.pt,Expr-322-ep-0.pt,Expr-323-ep-1.pt,Expr-330-ep-1.pt,Expr-353-ep-0.pt,Expr-356-ep-0.pt,Expr-372-ep-0.pt,Expr-380-ep-1.pt,Expr-381-ep-0.pt,Expr-382-ep-1.pt,Expr-387-ep-0.pt,Expr-400-ep-1.pt,Expr-403-ep-0.pt,Expr-407-ep-0.pt,Expr-424-ep-3.pt,Expr-44-ep-0.pt,Expr-441-ep-0.pt,Expr-454-ep-0.pt,Expr-47-ep-0.pt,Expr-470-ep-0.pt,Expr-472-ep-1.pt,Expr-48-ep-0.pt,Expr-482-ep-0.pt,Expr-486-ep-0.pt,Expr-490-ep-0.pt,Expr-495-ep-0.pt,Expr-50-ep-0.pt,Expr-503-ep-0.pt,Expr-506-ep-2.pt,Expr-507-ep-0.pt,Expr-514-ep-0.pt,Expr-539-ep-0.pt,Expr-547-ep-0.pt,Expr-552-ep-0.pt,Expr-559-ep-2.pt,Expr-563-ep-1.pt,Expr-564-ep-0.pt,Expr-569-ep-0.pt,Expr-571-ep-1.pt,Expr-585-ep-0.pt,Expr-593-ep-0.pt,Expr-594-ep-0.pt,Expr-597-ep-1.pt,Expr-601-ep-0.pt,Expr-602-ep-0.pt,Expr-604-ep-0.pt,Expr-605-ep-0.pt,Expr-622-ep-0.pt,Expr-641-ep-1.pt,Expr-642-ep-0.pt,Expr-660-ep-0.pt,Expr-668-ep-1.pt,Expr-678-ep-0.pt,Expr-680-ep-0.pt,Expr-689-ep-0.pt,Expr-714-ep-0.pt,Expr-732-ep-0.pt,Expr-737-ep-1.pt,Expr-743-ep-0.pt,Expr-745-ep-0.pt,Expr-756-ep-0.pt,Expr-757-ep-1.pt,Expr-775-ep-0.pt,Expr-8-ep-0.pt,Expr-808-ep-0.pt,Expr-811-ep-0.pt,Expr-822-ep-0.pt,Expr-828-ep-0.pt,Expr-837-ep-1.pt,Expr-840-ep-1.pt,Expr-85-ep-0.pt,Expr-851-ep-0.pt,Expr-855-ep-0.pt,Expr-859-ep-1.pt,Expr-86-ep-0.pt,Expr-862-ep-0.pt,Expr-878-ep-0.pt,Expr-879-ep-0.pt,Expr-883-ep-0.pt,Expr-899-ep-1.pt,Expr-901-ep-0.pt,Expr-902-ep-0.pt,Expr-917-ep-2.pt,Expr-934-ep-0.pt,Expr-940-ep-0.pt,Expr-943-ep-0.pt,Expr-945-ep-0.pt,Expr-963-ep-0.pt,Expr-971-ep-0.pt,Expr-982-ep-0.pt,Expr-987-ep-0.pt,Expr-998-ep-0.pt
race_is_causasian,-0.004048554231280699,0.0032388442441037,0.008906910438769233,0.006477723140948188,0.007287464740305283,0.005667994041674507,0.007287439740138457,-0.0008097320433088084,0.003238866348498237,0.0008096915507606051,0.0016194581502845251,0.0024291718537025053,0.0048583024426510635,0.014574872820000917,0.006477713536637064,-0.0016194582468102015,0.004858314942734476,0.0016194456502011123,0.003238891348665063,0.005668031541924745,0.0008097261552385548,0.0008097165509274307,0.005668019041841332,0.00323887884858165,0.0056680065417579195,-0.003238869340796202,-0.0024291277414391077,0.01133602563186209,0.0008097040508440179,0.005668041146235869,0.004048607947855332,0.0008097290510108435,0.004858314942734476,0.0056680065417579195,-1.2548346250973452e-08,0.013765178325205185,-4.826283817038757e-11,0.011336028527634379,-0.0008097195432253956,0.0016194581502845251,0.004858289942567651,-0.008906878826589248,0.003238856744187113,-0.00080969454305857,-1.2548346250973452e-08,-0.004048576335675347,0.0008096915507606051,0.007287424344282867,-0.0016194236423322517,2.2056131698811043e-08,0.004858277442484238,0.004048560843293969,0.0024291314576802003,0.0016194456502011123,0.006477713536637064,0.0056680065417579195,0.012145767231219184,0.0048583245470456005,0.004858277442484238,0.004048580051916328,0.008906895042913643,0.004048573343377382,0.009716617433648378,0.008906875834291283,0.0024291372492245555,0.007287430135827333,0.0008097261552385548,0.0032388413483314116,-0.003238869340796202,0.007287477240388696,0.016194318518464867,0.0048583024426510635,0.0016194331501176995,0.005667994041674507,-0.00080969454305857,0.003238891348665063,-4.826283817038757e-11,0.0008096915507606051,-0.008097137227232154,-0.0032388568407127893,0.007287477240388696,-0.008097184331793517,0.0016194052541786963,0.012955483830409453,-0.003238869340796202,0.0016194456502011123,-0.008097184331793517,0.009716604933564965,0.004048585843460795,0.012955449225931503,-1.544411853959815e-08,0.012955474226098329,0.008906907542997056,0.0064777106408647755,-4.826283817038757e-11,0.0016194331501176995,0.0024291497493079683,0.001619408149950874,0.004048585843460795,0.0048583024426510635,-0.0024291402415225205,0.002429162249391381,-0.010526299524886373,0.007287442635910746,0.0016194456502011123,0.008097171735184427,0.008097159235101015,-0.007287458128292124,-0.0016194140380211275,0.0016194206500342867,0.0056680065417579195,-0.0008097416476199326,-0.004048610940153297,0.001619461963051294,0.007287464740305283,0.0048583024426510635,0.004048585843460795,-0.00080969454305857,0.006477748141115014,0.004858314942734476,-0.0008097291475365198,0.008097181339495552,0.008097159235101015,0.0008096915507606051,0.005668031541924745,0.004048607947855332,0.005668044042008158,0.0008097290510108435,0.0048583024426510635
race_is_african_american,-2.7944201841378913e-08,-0.0016194111422488389,0.006477723140948188,-0.0016194486424990773,-0.008097149727315567,0.005667994041674507,-2.944035126795086e-09,0.0016194552545122365,-0.00566803453422271,0.0024291497493079683,-4.826283817038757e-11,0.0024291718537025053,0.004048573343377382,0.005668031541924745,0.005668044042008158,-0.0008097291475365198,0.0024291276449134314,-0.004858327539343565,0.0008097040508440179,0.012955474226098329,-0.004858317935032441,0.0008097165509274307,-2.5048429663776517e-08,-0.0016194361424156645,0.0016194206500342867,0.0016194456502011123,-4.826283817038757e-11,-0.0024291306372113963,0.0008097040508440179,0.004048582947688506,0.00323887884858165,0.005668044042008158,-0.0008097291475365198,0.004858277442484238,0.009716617433648378,0.009716592433481552,0.0016194581502845251,-4.826283817038757e-11,9.556048286007979e-09,0.0008097290510108435,0.011336003527467553,0.0008096915507606051,-0.004048585939986471,-0.003238881840879615,0.011336016027550966,-0.002429177741772759,0.00323887884858165,-1.8339890717200547e-08,0.003238891348665063,-0.0016194361424156645,0.017813764216928818,0.006477748141115014,0.004048589656227564,-0.006477726133246153,-0.004858315039260153,-0.002429165241689346,0.00728745224022187,0.001619408149950874,0.0056680065417579195,0.008906895042913643,0.004048580051916328,0.0008097165509274307,0.008097159235101015,0.004048560843293969,0.0008097386553219676,0.004048573343377382,0.004048582947688506,0.0056680286461524565,-0.008097184331793517,0.005668019041841332,0.0008097040508440179,0.010526286928277284,-2.5048429663776517e-08,0.0048583245470456005,-0.0056680095340558845,0.006477748141115014,0.0024291276449134314,2.2056131698811043e-08,0.004048560843293969,0.0016194581502845251,-0.0056680095340558845,0.0048583024426510635,-0.0008097224389975732,0.010526296532588408,0.004048573343377382,0.007287430135827333,-0.004048598440069884,0.004858289942567651,0.0016194581502845251,0.007287464740305283,-0.004858270830471079,0.008097159235101015,0.0016194052541786963,0.00890689793868582,-0.004048585939986471,0.007287477240388696,0.004048607947855332,-0.002429177741772759,-0.004858315039260153,0.010526286928277284,-1.2548346250973452e-08,-0.0024291527416059333,-0.005668044138533834,0.004858314942734476,0.0016194456502011123,0.008097171735184427,0.008906888334374696,0.004048570447605093,0.0024291718537025053,0.0016194206500342867,0.004858277442484238,0.0016194456502011123,0.003238891348665063,3.764503930803187e-09,0.008097193839578964,0.011336016027550966,0.004858314942734476,0.005668019041841332,0.008906875834291283,0.01781374211253428,-4.826283817038757e-11,0.0024291372492245555,0.0016194456502011123,0.0024291497493079683,0.009716617433648378,0.0008096915507606051,0.0008097290510108435,-4.826283817038757e-11,0.004048573343377382
race_is_hispanic,0.003238888452892885,0.0008097165509274307,0.0008097386553219676,0.003238866348498237,0.0056680065417579195,0.003238866348498237,-0.0008097320433088084,0.0016194552545122365,9.556048286007979e-09,2.2056131698811043e-08,0.0024291276449134314,0.004048570447605093,-0.0008097416476199326,0.0032388442441037,0.003238856744187113,-0.0016194582468102015,0.003238856744187113,-1.2548346250973452e-08,-2.5048429663776517e-08,-1.2548346250973452e-08,0.0032388538484148244,0.0016194456502011123,0.005668019041841332,-0.0016194361424156645,0.0008096915507606051,0.0008097165509274307,-4.826283817038757e-11,0.0016194552545122365,0.0008097040508440179,-0.0008097320433088084,0.0016194206500342867,-0.0016194582468102015,-4.826283817038757e-11,0.0008096915507606051,0.0016194456502011123,2.2056131698811043e-08,0.0024291276449134314,0.0008097290510108435,0.0008097386553219676,0.0008097290510108435,0.002429162249391381,2.2056131698811043e-08,-4.826283817038757e-11,-0.006477738633329566,-1.2548346250973452e-08,0.003238866348498237,2.2056131698811043e-08,-0.0032388751323406684,0.0008097040508440179,0.0008096915507606051,2.2056131698811043e-08,0.0016194331501176995,-0.0008097253347697508,-1.2548346250973452e-08,-0.0032388568407127893,-0.0032388943409630278,0.003238866348498237,0.001619408149950874,0.0008096915507606051,0.0008097232594663772,0.0032388509526426468,-1.2548346250973452e-08,-1.2548346250973452e-08,-2.5048429663776517e-08,9.556048286007979e-09,0.002429174749474794,0.0032388538484148244,0.0024291718537025053,-1.2548346250973452e-08,-0.00080969454305857,-0.0024291527416059333,-0.0008097416476199326,0.0016194331501176995,0.003238866348498237,0.003238891348665063,0.004048560843293969,-4.826283817038757e-11,0.0008096915507606051,-0.0016194236423322517,-4.826283817038757e-11,0.0008097040508440179,0.004048573343377382,6.660276108405583e-09,0.004858312046962188,-1.2548346250973452e-08,0.004048573343377382,0.0008097165509274307,0.0008097040508440179,-0.0024291277414391077,0.0016194206500342867,0.0016194427544288237,-0.0024291402415225205,0.0032388634527260596,0.0016194552545122365,0.004858314942734476,-0.0024291527416059333,-0.0008097070431419828,0.0008097386553219676,-0.0032388568407127893,0.0008097165509274307,-1.2548346250973452e-08,-0.0016194236423322517,-0.0032388568407127893,-0.005668044138533834,0.0008097165509274307,0.006477713536637064,0.007287430135827333,0.000809713655155142,0.000809713655155142,0.0016194206500342867,2.2056131698811043e-08,0.0008097165509274307,-0.0024291527416059333,-0.0008097253347697508,-0.002429165241689346,0.0008097165509274307,0.004048585843460795,-0.00080969454305857,0.0008097040508440179,0.0016194581502845251,0.004048585843460795,0.003238866348498237,0.0032388442441037,0.004048607947855332,-1.2548346250973452e-08,2.2056131698811043e-08,-4.826283817038757e-11,0.0008097290510108435,-1.2548346250973452e-08
race_is_other,-0.0008096974388307476,-0.0024291402415225205,0.0008097386553219676,0.0008097386553219676,-0.004858292934865616,0.0024291372492245555,-2.944035126795086e-09,-2.944035126795086e-09,0.0048583245470456005,-0.0016194361424156645,-0.0016194582468102015,-0.002429143137294809,0.0016194456502011123,0.0008097165509274307,-0.0008097291475365198,-4.826283817038757e-11,0.0008097290510108435,-0.004048598440069884,0.0016194331501176995,0.002429174749474794,-2.944035126795086e-09,0.0016194456502011123,0.002429162249391381,0.0024291497493079683,-0.0008097070431419828,-0.0016194111422488389,0.0024291276449134314,-2.944035126795086e-09,-0.0016194236423322517,-0.0024291306372113963,-0.0016194361424156645,-4.826283817038757e-11,-4.826283817038757e-11,2.2056131698811043e-08,0.0016194456502011123,-0.0016194361424156645,0.0016194581502845251,-4.826283817038757e-11,0.0024291372492245555,-4.826283817038757e-11,-0.00080969454305857,0.0008096915507606051,-0.004048585939986471,0.0008097040508440179,-0.0008097416476199326,-0.0008097195432253956,-0.002429165241689346,-1.8339890717200547e-08,-2.5048429663776517e-08,0.0016194206500342867,0.0016194206500342867,0.004048560843293969,3.764503930803187e-09,-0.0008097416476199326,-4.826283817038757e-11,-0.002429165241689346,-0.0008097195432253956,9.556048286007979e-09,2.2056131698811043e-08,-0.0032388626322572556,-0.004048591731530937,-0.003238869340796202,-0.0016194111422488389,0.005668019041841332,0.0008097386553219676,-0.0024291402415225205,-2.944035126795086e-09,0.000809713655155142,-0.0008097416476199326,-2.5048429663776517e-08,-0.0024291527416059333,-0.0024291402415225205,0.0016194331501176995,0.0024291372492245555,-0.003238881840879615,-0.00080969454305857,-4.826283817038757e-11,-0.0008097070431419828,0.0016194331501176995,0.0024291276449134314,-2.5048429663776517e-08,-0.0024291402415225205,-0.002429121032900161,-0.003238859736485078,-0.0024291402415225205,0.0008097165509274307,-0.0016194111422488389,-0.00080969454305857,-0.0024291277414391077,0.0008096915507606051,0.000809713655155142,-0.0008097416476199326,0.0016194052541786963,-0.003238859736485078,-4.826283817038757e-11,-0.00080969454305857,-0.004858292934865616,-0.0008097195432253956,0.0016194581502845251,-0.005667997033972472,-1.2548346250973452e-08,-0.0024291527416059333,-0.004858315039260153,-0.0024291277414391077,-0.0016194111422488389,-0.004858315039260153,0.0008097165509274307,-1.544411853959815e-08,0.0016194427544288237,-0.0032388943409630278,0.0016194206500342867,-0.004858327539343565,-0.0016194236423322517,-0.0024291239286723387,-0.004858292934865616,0.002429174749474794,0.0008097290510108435,-2.5048429663776517e-08,0.002429162249391381,-4.826283817038757e-11,-0.0016194582468102015,-0.0008097195432253956,0.0032388442441037,2.2056131698811043e-08,-0.0008097416476199326,2.2056131698811043e-08,0.0008097290510108435,0.0008097290510108435,-0.005667997033972472
age_leq_25,0.004858287046795473,0.017813789217095644,0.01295543672584809,0.006477723140948188,0.020242891910105087,0.014574894924395454,0.012145754731135772,0.010526296532588408,0.014574894924395454,0.015384636523752548,0.006477713536637064,0.008906885438602408,0.012955474226098329,0.004048573343377382,0.015384614419358011,0.010526299428360697,0.021052658509629008,0.005668031541924745,0.012955461726014916,0.011336016027550966,-0.007287445628208711,0.01376520332537201,0.010526334032838647,0.02105262100937877,0.015384636523752548,0.0048583024426510635,0.004858314942734476,0.01376515332503836,0.008097146735017602,0.0024291247491411427,0.0186234933162025,0.013765156220810648,0.008906900834458109,0.0056680065417579195,0.007287430135827333,0.006477735641031601,-0.0016194582468102015,0.007287442635910746,0.005667994041674507,0.004048585843460795,0.007287477240388696,0.010526321532755234,0.009716570329087015,0.025101219401185815,0.008906888334374696,0.008906910438769233,0.004858277442484238,0.0113360102360065,0.010526334032838647,0.009716592433481552,0.013765178325205185,0.006477748141115014,0.001619461963051294,0.008906888334374696,0.010526299428360697,0.004858277442484238,0.008097181339495552,0.006477723140948188,0.0056680065417579195,0.02348178041126081,0.014574879528539864,0.014574872820000917,0.006477760641198427,0.013765190825288598,0.017004022617571724,0.01619433101854828,0.0064777106408647755,0.01538459902350231,0.015384601919274599,0.009716604933564965,0.007287477240388696,0.015384601919274599,0.010526334032838647,0.01295543672584809,0.012955461726014916,0.002429162249391381,0.018623471211807963,0.011336050632028916,0.007287477240388696,0.011336028527634379,0.004858289942567651,0.009716617433648378,0.01862347792034691,0.012955483830409453,0.008906888334374696,0.012955474226098329,0.01376520332537201,0.003238891348665063,0.007287442635910746,0.00890686333420787,0.01295547133032604,0.0048583024426510635,0.006477720245176011,0.009716627037959502,0.004858314942734476,0.021862362608735864,0.012145720126657822,0.011336038131945503,0.020242929410355326,0.010526286928277284,0.002429174749474794,-2.5048429663776517e-08,0.006477713536637064,0.005668044042008158,0.008097159235101015,0.009716570329087015,0.012145745126824647,0.008097156339328726,0.006477757745426138,0.00890686333420787,0.009716592433481552,0.014574872820000917,0.010526334032838647,0.01538461823212478,0.012955449225931503,0.017813789217095644,0.004858314942734476,0.011336003527467553,0.010526334032838647,0.004858314942734476,0.010526299428360697,0.010526309032671821,0.007287430135827333,0.017004035117655136,0.011336016027550966,0.006477735641031601,0.011336028527634379,0.007287442635910746,0.011336016027550966
age_25_to_45,0.007287474344616518,0.005668031541924745,-0.0008097195432253956,-0.0008097195432253956,0.0016194206500342867,0.0008097386553219676,0.0016194552545122365,0.0016194552545122365,0.0008097386553219676,2.2056131698811043e-08,-0.0008097291475365198,0.0056680286461524565,0.0008097165509274307,0.007287430135827333,0.0024291276449134314,-0.004048585939986471,0.0016194581502845251,-0.0024291402415225205,-0.0016194236423322517,-1.2548346250973452e-08,0.004048582947688506,-0.0008097416476199326,0.0016194331501176995,-0.0016194361424156645,0.007287464740305283,-0.0016194111422488389,0.005668044042008158,-0.0008097320433088084,-0.00080969454305857,-2.944035126795086e-09,0.008097193839578964,0.004048585843460795,-0.004048585939986471,0.0016194206500342867,0.006477760641198427,-0.0008097070431419828,0.006477713536637064,-0.0024291277414391077,0.0008097386553219676,0.005668044042008158,0.004048560843293969,-0.0016194361424156645,0.0016194581502845251,0.0016194331501176995,-1.2548346250973452e-08,0.0024291372492245555,2.2056131698811043e-08,0.0008097107593829644,-0.00080969454305857,2.2056131698811043e-08,0.00323887884858165,0.004048560843293969,0.003238860556953882,-0.004858327539343565,0.0008097290510108435,-0.006477751133412979,0.010526309032671821,0.001619408149950874,0.0008096915507606051,0.0032388509526426468,0.00485830915119001,-1.2548346250973452e-08,0.0008097165509274307,-0.00080969454305857,0.0008097386553219676,0.002429174749474794,-2.944035126795086e-09,0.0056680286461524565,-0.0008097416476199326,0.0008097040508440179,0.004858289942567651,0.0016194456502011123,0.002429162249391381,0.0024291372492245555,-0.00080969454305857,0.005668019041841332,-4.826283817038757e-11,0.0024291497493079683,0.0016194331501176995,0.0016194581502845251,0.004858289942567651,0.007287430135827333,0.0016194052541786963,-2.944035126795086e-09,-1.2548346250973452e-08,-1.2548346250973452e-08,0.002429174749474794,0.002429162249391381,-0.0016194582468102015,-0.0008097070431419828,0.0024291718537025053,0.0032388442441037,0.0032388634527260596,0.008097168839412139,0.0008097290510108435,0.002429162249391381,-0.0008097070431419828,-0.0048583054349490284,-4.826283817038757e-11,-1.2548346250973452e-08,0.0008097165509274307,0.009716604933564965,-0.0016194582468102015,0.003238856744187113,0.004048573343377382,0.008097171735184427,0.0032388442441037,0.0016194427544288237,0.0024291718537025053,0.00323887884858165,0.0008096915507606051,0.0008097165509274307,0.004858289942567651,0.006477717349403833,0.004858277442484238,-1.2548346250973452e-08,0.004048585843460795,-0.0016194236423322517,0.002429162249391381,0.003238856744187113,0.004858314942734476,-0.0048583054349490284,0.0032388442441037,2.2056131698811043e-08,0.0008097165509274307,0.006477735641031601,0.0008097290510108435,0.0024291276449134314,0.0032388442441037
age_geq_46,0.01619431562269269,0.015384601919274599,0.014574894924395454,0.016194353122942817,0.017004035117655136,0.008906910438769233,0.010526296532588408,0.014574882424312041,0.014574894924395454,0.004048607947855332,0.009716570329087015,0.00971661453787609,0.017813789217095644,0.010526286928277284,0.010526299428360697,0.006477713536637064,0.004858314942734476,0.0008097165509274307,0.008097146735017602,0.008906888334374696,0.007287439740138457,0.022672044603448183,0.008906875834291283,0.0056680065417579195,0.004048607947855332,0.01376520332537201,0.007287442635910746,0.01376515332503836,0.013765190825288598,0.010526296532588408,0.00890686333420787,0.006477713536637064,0.01214575762690806,0.010526321532755234,0.007287430135827333,0.004858277442484238,0.007287442635910746,0.011336028527634379,0.010526309032671821,0.008097171735184427,0.009716604933564965,0.010526321532755234,0.011336028527634379,0.007287477240388696,0.012955474226098329,0.004048595447771919,0.012145720126657822,0.020242911118727447,0.006477748141115014,0.014574907424478867,0.0056680065417579195,0.012145732626741235,0.01214576143967483,0.0048583024426510635,0.01457488532008433,0.00890686333420787,0.021052608509295356,0.008906910438769233,0.016194306018381455,0.005668038250463692,0.012145751835363594,0.007287430135827333,0.017004060117821962,0.01943317531091482,0.003238866348498237,0.006477760641198427,0.0064777106408647755,0.008906885438602408,0.017004060117821962,0.009716604933564965,0.010526334032838647,0.009716617433648378,0.018623505816285912,0.02024293901466645,0.007287477240388696,0.012145732626741235,0.007287442635910746,0.014574907424478867,0.016194318518464867,0.008097171735184427,0.012955461726014916,0.0048583024426510635,0.008097178443723374,0.014574882424312041,0.017004060117821962,0.015384601919274599,0.008097159235101015,0.01781377671701223,0.013765156220810648,0.015384636523752548,0.007287427240055044,0.008097159235101015,0.017813748821073228,0.009716627037959502,0.008906900834458109,0.007287477240388696,0.004858277442484238,0.0048583245470456005,0.007287442635910746,0.004048573343377382,0.008097159235101015,0.012955461726014916,0.009716570329087015,0.01457488532008433,0.007287430135827333,0.018623471211807963,0.007287430135827333,0.01619432812277599,0.023481770806949576,0.008097193839578964,0.0186234933162025,-0.003238869340796202,0.013765190825288598,0.008906904647224878,0.00890686333420787,0.009716617433648378,0.023481786202805277,0.002429162249391381,0.012955461726014916,0.007287442635910746,-0.0016194582468102015,0.010526309032671821,0.012955474226098329,0.013765178325205185,0.012955474226098329,0.01943322241547618,0.004858314942734476,0.015384614419358011,0.0048583024426510635
female,-2.7944201841378913e-08,0.002429174749474794,-0.0008097195432253956,-0.002429177741772759,-0.002429165241689346,0.003238866348498237,0.004858312046962188,-0.0008097320433088084,-0.0008097195432253956,0.0024291497493079683,-0.0008097291475365198,-0.0008097445433922212,-0.004048598440069884,-0.0008097416476199326,-0.004858315039260153,-4.826283817038757e-11,-0.0008097291475365198,-0.008097184331793517,-0.0024291527416059333,-0.008097184331793517,-0.0024291306372113963,-0.004048598440069884,-0.0056680095340558845,-0.008906878826589248,-0.005668022034139297,-1.2548346250973452e-08,-0.0016194582468102015,0.0032388538484148244,-0.008906866326505836,-0.007287445628208711,2.2056131698811043e-08,-0.008906900930983785,-0.0024291277414391077,0.007287464740305283,0.005668031541924745,0.004048607947855332,0.0008097290510108435,-0.0016194582468102015,-0.003238847236401665,-4.826283817038757e-11,-0.003238881840879615,-0.00971660792586293,-0.0032388568407127893,-0.007287467732603248,-0.004048598440069884,0.001619408149950874,0.0056680065417579195,0.003238838452559234,-0.004858280434782203,-0.0016194361424156645,-0.002429165241689346,0.0016194331501176995,3.764503930803187e-09,-0.0008097416476199326,0.0024291276449134314,0.006477735641031601,-0.008906891326672661,-0.0008097195432253956,-0.0008097070431419828,0.0016194523587400589,0.00485830915119001,-0.01214577022351715,-0.004858327539343565,0.004858289942567651,-0.0016194486424990773,-0.0024291402415225205,-0.00161946114258249,-0.011336044020015756,-0.007287455232519835,0.0016194331501176995,-0.0016194236423322517,-0.0016194111422488389,-0.007287467732603248,0.004048595447771919,-0.012145723118955787,-0.004048610940153297,0.0008097290510108435,0.0024291497493079683,0.008097146735017602,-0.008097171831710104,-0.0016194236423322517,-0.0016194111422488389,-0.0008097224389975732,0.0024291247491411427,0.0016194456502011123,-0.008906853826422423,-0.004858327539343565,-0.00080969454305857,-0.004048585939986471,0.0008096915507606051,-0.0016194140380211275,0.0032388442441037,-0.004858308330721206,-0.00161946114258249,-0.005668044138533834,0.002429162249391381,-0.004858292934865616,-0.0016194486424990773,-0.005668044138533834,0.005668031541924745,-1.2548346250973452e-08,-0.00080969454305857,-0.007287442732436422,-4.826283817038757e-11,-0.003238869340796202,-0.004858315039260153,-0.007287455232519835,-0.0008097445433922212,0.004858299546878775,0.0024291497493079683,-0.004048563835591934,-0.0024291402415225205,-0.004048610940153297,3.764503930803187e-09,0.00890686333420787,0.0016194456502011123,-0.005668044138533834,-0.004858280434782203,-2.5048429663776517e-08,-0.0032388568407127893,-0.0016194582468102015,0.0048583245470456005,-0.004858327539343565,2.2056131698811043e-08,-1.2548346250973452e-08,-0.0016194361424156645,-0.005668044138533834,-0.0016194582468102015,0.0008097165509274307
n_priors_eq_0,0.0024291593536192035,0.01619433101854828,0.033198366184466255,0.0234817958071164,0.00890686333420787,0.001619408149950874,0.010526296532588408,0.012145754731135772,-0.003238847236401665,0.015384636523752548,0.01457488532008433,0.007287427240055044,0.008906888334374696,0.020242916910271913,0.010526299428360697,0.005668044042008158,0.005668044042008158,0.022672044603448183,0.009716604933564965,0.02834008869371918,0.0008097261552385548,0.024291502801995546,0.013765190825288598,0.010526321532755234,0.008097193839578964,0.021862375108819276,0.0008097290510108435,0.004048582947688506,0.009716604933564965,-0.0056679874296613475,0.026720665099649765,0.009716570329087015,0.017004072617905375,0.00890686333420787,0.004048573343377382,0.00890686333420787,0.004048585843460795,0.012955486726181742,0.01295543672584809,0.006477713536637064,0.004858289942567651,0.025101206901102402,0.0008097290510108435,0.022672091708009545,0.005668031541924745,0.004048595447771919,-0.002429165241689346,0.012145739335280181,0.008906875834291283,0.03481783688309703,0.025101206901102402,0.02348176120263845,0.022672060916298364,0.012145745126824647,0.01214575762690806,0.014574907424478867,0.0024291372492245555,0.017813751716845405,-0.0008097070431419828,0.02024292361881086,0.011336022736089912,0.010526286928277284,0.01619433101854828,0.006477748141115014,0.012145767231219184,0.01862345871172455,0.0024291247491411427,0.013765200429599722,0.005668031541924745,0.008097146735017602,0.006477748141115014,0.012145745126824647,0.004858289942567651,0.013765165825121772,0.010526334032838647,-0.0056680095340558845,-0.0008097291475365198,0.017813764216928818,0.005668019041841332,0.007287442635910746,0.0202429044101885,-1.2548346250973452e-08,0.007287449344449692,0.016194340622859404,0.015384601919274599,0.014574872820000917,0.008097159235101015,0.003238891348665063,0.005668044042008158,0.009716592433481552,0.004858299546878775,0.026720630495171815,0.009716577037625962,0.025910911000209258,0.005668044042008158,0.009716604933564965,0.016194306018381455,0.0008097386553219676,0.01457488532008433,0.006477760641198427,0.005668031541924745,0.018623505816285912,0.01457488532008433,0.008097171735184427,-0.004048598440069884,0.01214575762690806,0.0008097165509274307,0.0056680286461524565,0.008906885438602408,0.020242891910105087,0.017004035117655136,0.010526286928277284,-0.00080969454305857,0.01538461823212478,0.010526321532755234,0.009716617433648378,0.008906900834458109,0.0323886620853594,0.012145732626741235,-0.004048585939986471,0.02429151530207896,0.00728745224022187,0.01619433101854828,0.012955449225931503,0.01862345871172455,0.010526321532755234,0.01781374211253428,0.010526299428360697,0.022672044603448183
n_priors_geq_1,0.004048557947521791,0.004048573343377382,0.008097181339495552,-0.0008097195432253956,0.0008096915507606051,0.005667994041674507,0.0024291247491411427,-0.00404858883575876,0.003238866348498237,2.2056131698811043e-08,0.007287442635910746,0.008906885438602408,0.0048583024426510635,0.006477760641198427,0.0024291276449134314,0.004858314942734476,0.0016194581502845251,0.007287430135827333,0.0008097040508440179,0.008097159235101015,0.020242926514583037,0.021052646009545595,0.005668019041841332,0.008097193839578964,0.0056680065417579195,0.01376520332537201,0.003238856744187113,0.0024291247491411427,0.004048560843293969,0.014574882424312041,-0.002429165241689346,-4.826283817038757e-11,0.008906900834458109,-0.004858292934865616,0.010526286928277284,2.2056131698811043e-08,0.009716570329087015,0.012955486726181742,0.016194353122942817,0.011336028527634379,0.004858289942567651,0.0008096915507606051,0.004048585843460795,0.003238891348665063,0.0008097165509274307,0.003238866348498237,-0.004048563835591934,0.005668025750380279,0.011336003527467553,2.2056131698811043e-08,0.0024291497493079683,0.010526334032838647,0.008097175547951196,-1.2548346250973452e-08,0.006477713536637064,0.007287464740305283,0.003238866348498237,-0.002429177741772759,0.02105262100937877,0.008906895042913643,-0.0032388626322572556,0.0008097165509274307,0.009716617433648378,0.002429162249391381,0.011336038131945503,0.008906888334374696,0.0008097261552385548,0.01295547133032604,0.005668031541924745,0.003238891348665063,0.0016194331501176995,0.011336016027550966,-0.00080969454305857,0.008097181339495552,0.025101219401185815,0.005668019041841332,0.008097171735184427,-0.002429165241689346,0.01457491992456228,0.006477713536637064,0.009716604933564965,0.008906888334374696,0.007287449344449692,0.012145754731135772,-0.0024291402415225205,0.01376520332537201,0.021862375108819276,0.01781377671701223,0.008097171735184427,0.008097193839578964,0.0032388413483314116,0.008906888334374696,0.01943320701962059,0.008097168839412139,-4.826283817038757e-11,0.006477748141115014,0.008097193839578964,0.012145767231219184,-4.826283817038757e-11,0.006477760641198427,0.01376520332537201,0.0202429044101885,0.005668044042008158,-0.0016194582468102015,0.0032388442441037,0.013765156220810648,0.007287430135827333,0.007287427240055044,0.0032388413483314116,-0.0008097070431419828,0.012145720126657822,-1.2548346250973452e-08,0.0008097040508440179,0.020242933223122095,0.004048607947855332,0.0008097165509274307,0.020242929410355326,-2.5048429663776517e-08,0.004048560843293969,0.010526299428360697,0.003238856744187113,0.013765165825121772,0.008097159235101015,0.00323887884858165,0.009716617433648378,0.02186235010865245,0.008906900834458109,0.006477713536637064,-0.0024291402415225205
n_priors_geq_2,0.034008117388134584,0.02834008869371918,0.0234817958071164,0.030769238491289985,0.03643723547699962,0.02510119440101899,0.03967612687392752,0.05182188454909842,0.02591092350029267,0.04615386545899425,0.04615384335459971,0.02591095810477062,0.030769216386895448,0.03562753137789276,0.023481786202805277,0.04534411425532603,0.02995949978770518,0.03157894548616913,0.028340076193635766,0.042105244962792665,0.018623468316035674,0.04291497406206635,0.028340076193635766,0.026720665099649765,0.03562750637772594,0.025910901395898134,0.03157895798625254,0.030769225991206572,0.04939273475152761,0.04939269725127737,0.038866422774820664,0.029149770688431498,0.02995949978770518,0.030769250991373398,0.03157894548616913,0.029959521892099716,0.025101184796707865,0.03319835658015513,0.05748988153480805,0.02753037209452891,0.01781377671701223,0.047773264052896836,0.04372471566142344,0.029149805292909448,0.006477760641198427,0.043724725265734565,0.04615386545899425,0.02429149701045108,0.030769203886812035,0.02753033459427867,0.042915008666544296,0.021052633509462182,0.03076923269974563,0.008097159235101015,0.025910913895981547,0.03319837868454967,0.04534412385963715,0.042914996166460884,0.05425103724244151,0.03481780898715803,0.0372469366803343,0.0461538308545163,0.038866388170342714,0.042914961561982934,0.02834005119346894,0.03238867458544281,0.034008082783656524,0.02591095810477062,0.039676117269616396,0.03400812028390676,0.046153818354432885,0.023481773702721864,0.025910948500459496,0.02267206670784272,0.01943317531091482,0.021862362608735864,0.02834010119380259,0.029149792792826035,0.03481778977853567,0.041295528363602396,0.021052633509462182,0.042105244962792665,0.045344120963864976,0.03643727008147757,0.05020241674623993,0.03319840368471649,0.020242916910271913,0.03643724797708303,0.02834010119380259,0.0437246781611732,0.04372470026556774,0.020242916910271913,0.03481782148724144,0.028340098298030303,0.04210525746287608,0.028340076193635766,0.03481783688309703,0.027530381698840034,0.02834010119380259,0.025910901395898134,0.03238867458544281,0.01700404761773855,0.032388687085526224,0.021862328004257914,0.03157894548616913,0.025101184796707865,0.027530359594445497,0.04939268475119396,0.038056656175296744,0.02186235010865245,0.022672079207926132,0.04858301815233734,0.03400812028390676,0.029149774501198267,0.017813764216928818,0.02834008869371918,0.038056671571152445,0.038056706175630395,0.038056706175630395,0.03643727297724986,0.04615384335459971,0.026720652599566352,0.02914981779299286,0.06639673531296764,0.030769216386895448,0.03805669367554698,0.04291498656214976,0.02834010119380259,0.027530359594445497
n_priors_geq_5,0.014574917028790102,0.03157894548616913,0.017004022617571724,0.021052608509295356,0.022672079207926132,0.043724725265734565,0.009716627037959502,0.01133602563186209,0.027530381698840034,0.01943322241547618,0.02834010119380259,0.01619432812277599,0.03157894548616913,0.015384601919274599,0.02753037209452891,0.004048585843460795,0.022672057103531595,0.017813789217095644,0.024291490301912133,0.03319840368471649,0.01376515332503836,0.017004060117821962,0.028340076193635766,0.02186235010865245,0.006477735641031601,0.020242916910271913,0.019433200311081644,0.02510124150558035,0.007287477240388696,0.015384611523585723,0.026720665099649765,0.008097171735184427,0.013765156220810648,0.02186235010865245,0.009716617433648378,0.00890686333420787,0.020242929410355326,0.03643727297724986,0.00728745224022187,0.01214575762690806,0.027530347094362084,0.012955449225931503,0.008097171735184427,0.021052633509462182,0.04777328905306366,0.017813751716845405,0.011336050632028916,0.030769210595350982,0.029149805292909448,0.03562750637772594,0.009716592433481552,0.059109305128877465,0.0056679882501301515,0.01862345871172455,0.007287442635910746,0.02105262100937877,0.036437222976916206,0.021052608509295356,0.025101206901102402,0.009716624142187325,0.01700406682636091,0.005668031541924745,0.006477760641198427,0.021862362608735864,0.021052608509295356,0.026720630495171815,0.0008097261552385548,0.03076921349112316,0.021052646009545595,0.018623505816285912,0.021862362608735864,0.04291497406206635,0.0323886620853594,0.02024293901466645,0.026720617995088403,0.024291490301912133,0.025910913895981547,0.016194306018381455,0.01943317531091482,0.013765156220810648,0.01781377671701223,0.011336016027550966,0.02186233471279686,0.02510124150558035,0.01619433101854828,0.023481773702721864,0.01862345871172455,0.025101219401185815,0.025910913895981547,0.007287464740305283,0.019433184915225943,0.0461538308545163,0.04048580597286766,0.008097168839412139,0.019433200311081644,0.021862362608735864,0.012955449225931503,0.0234817958071164,0.021052658509629008,0.011336016027550966,0.017004060117821962,0.01457491992456228,0.015384614419358011,0.008097171735184427,0.01862345871172455,0.01781374211253428,0.024291502801995546,0.011336013131778677,0.017004057222049673,0.009716592433481552,0.022672079207926132,0.025101231901269228,0.0202429044101885,0.017004076430672144,0.017813764216928818,0.023481773702721864,0.022672057103531595,0.0388663756702593,0.026720617995088403,0.029149770688431498,0.009716570329087015,0.010526309032671821,0.008906888334374696,0.004048607947855332,0.021862375108819276,0.016194306018381455,0.0016194581502845251,0.020242929410355326,0.042105244962792665
n_juvenile_misdemeanors_eq_0,0.001619430254345522,-1.2548346250973452e-08,9.556048286007979e-09,-0.0008097195432253956,0.004858277442484238,0.0024291372492245555,0.004048582947688506,-0.0008097320433088084,9.556048286007979e-09,-0.004048563835591934,-0.0008097291475365198,0.0032388413483314116,0.0008097165509274307,0.0008097165509274307,0.0024291276449134314,-0.0008097291475365198,-4.826283817038757e-11,-0.0008097416476199326,-0.00080969454305857,-0.0008097416476199326,0.0024291247491411427,0.0032388442441037,-0.0016194236423322517,0.0008096915507606051,0.0024291497493079683,0.0008097165509274307,-0.0016194582468102015,0.0016194552545122365,-0.0016194236423322517,-0.0008097320433088084,-0.0008097070431419828,-4.826283817038757e-11,0.0008097290510108435,-0.002429165241689346,0.0016194456502011123,-0.0008097070431419828,0.0008097290510108435,0.0024291276449134314,0.005667994041674507,-4.826283817038757e-11,-0.0024291527416059333,2.2056131698811043e-08,-0.0032388568407127893,-2.5048429663776517e-08,-0.003238869340796202,0.0008097386553219676,-0.0016194361424156645,-0.0008096878345196235,-0.0016194236423322517,0.0016194206500342867,0.0008096915507606051,-2.5048429663776517e-08,0.001619461963051294,0.002429174749474794,0.003238856744187113,-0.002429165241689346,0.0008097386553219676,-0.002429177741772759,-0.002429165241689346,0.004048580051916328,0.0008097232594663772,-0.0008097416476199326,-0.0016194111422488389,-2.5048429663776517e-08,0.001619408149950874,-0.0024291402415225205,-0.0024291306372113963,0.000809713655155142,-1.2548346250973452e-08,-2.5048429663776517e-08,-0.00080969454305857,-1.2548346250973452e-08,-0.00080969454305857,0.0008097386553219676,0.006477748141115014,-0.00080969454305857,-4.826283817038757e-11,-0.002429165241689346,-2.5048429663776517e-08,-0.0032388568407127893,-0.0016194236423322517,-0.0016194111422488389,6.660276108405583e-09,0.0008097261552385548,-1.2548346250973452e-08,0.0008097165509274307,-0.0016194111422488389,0.0016194331501176995,-0.0016194582468102015,0.0016194206500342867,0.000809713655155142,0.0008097165509274307,0.0032388634527260596,0.005668041146235869,-0.004048585939986471,-0.0016194236423322517,-0.0016194361424156645,0.0008097386553219676,-4.826283817038757e-11,0.0048583024426510635,0.0008097165509274307,0.003238891348665063,0.0008097290510108435,0.004048585843460795,0.0008097165509274307,-0.0016194582468102015,-0.004048598440069884,-0.0016194140380211275,0.000809713655155142,0.0024291497493079683,-0.0008097070431419828,0.0016194456502011123,-2.5048429663776517e-08,-0.0008097253347697508,0.0016194206500342867,-0.0008097416476199326,0.0008097290510108435,-0.0016194236423322517,-0.0016194236423322517,0.004048585843460795,-0.0008097291475365198,9.556048286007979e-09,0.006477760641198427,-0.0016194361424156645,0.0008097165509274307,2.2056131698811043e-08,-0.0032388568407127893,-4.826283817038757e-11,-0.0008097416476199326
n_juvenile_misdemeanors_geq_1,0.001619430254345522,0.0008097165509274307,0.0008097386553219676,0.0008097386553219676,0.0008096915507606051,9.556048286007979e-09,0.0024291247491411427,-0.0008097320433088084,9.556048286007979e-09,-0.004858292934865616,0.0024291276449134314,0.0016194427544288237,0.0008097165509274307,0.002429174749474794,-4.826283817038757e-11,0.0008097290510108435,-4.826283817038757e-11,-0.0024291402415225205,0.002429162249391381,-0.0016194111422488389,0.004048582947688506,0.0016194456502011123,-0.00080969454305857,0.0024291497493079683,0.00323887884858165,-0.006477726133246153,-0.005668044138533834,0.004858312046962188,0.0016194331501176995,0.004048582947688506,0.004858277442484238,0.004858314942734476,0.005668044042008158,0.0056680065417579195,0.005668031541924745,0.0016194206500342867,0.0016194581502845251,0.0008097290510108435,0.008097181339495552,-0.0016194582468102015,0.0008097040508440179,-0.004048563835591934,0.004048585843460795,0.0016194331501176995,-0.0016194111422488389,-0.0016194486424990773,0.00323887884858165,0.003238838452559234,-2.5048429663776517e-08,-0.002429165241689346,0.0056680065417579195,0.003238891348665063,-0.0016194544340434325,0.0032388442441037,0.0008097290510108435,0.004048607947855332,9.556048286007979e-09,0.001619408149950874,0.0024291497493079683,0.0008097232594663772,0.0032388509526426468,0.0016194456502011123,-0.0024291402415225205,0.002429162249391381,0.003238866348498237,-0.0016194111422488389,-2.944035126795086e-09,-1.544411853959815e-08,0.0008097165509274307,0.005668019041841332,0.0008097040508440179,0.004048573343377382,-0.0016194236423322517,-0.0008097195432253956,-2.5048429663776517e-08,0.002429162249391381,0.004858314942734476,0.00323887884858165,0.0016194331501176995,-4.826283817038757e-11,0.0016194331501176995,-0.0024291402415225205,0.004858321651273423,0.0064777106408647755,-0.005667997033972472,-1.2548346250973452e-08,-0.0024291402415225205,0.008906875834291283,-0.0032388568407127893,0.006477735641031601,-0.0008097445433922212,0.004048573343377382,0.013765162929349595,0.0016194552545122365,-0.0008097291475365198,-2.5048429663776517e-08,0.004858277442484238,0.001619408149950874,-0.0016194582468102015,-1.2548346250973452e-08,-1.2548346250973452e-08,0.002429162249391381,0.004048585843460795,0.003238856744187113,0.008097159235101015,0.0008097290510108435,-1.2548346250973452e-08,0.006477757745426138,0.0032388413483314116,0.0024291497493079683,2.2056131698811043e-08,0.004048573343377382,-0.00080969454305857,0.001619461963051294,0.004048607947855332,0.002429174749474794,0.0008097290510108435,0.003238891348665063,0.004858289942567651,0.004048585843460795,-0.0024291277414391077,0.004048595447771919,0.0016194456502011123,0.011336050632028916,0.0008097165509274307,0.0008096915507606051,-4.826283817038757e-11,0.006477713536637064,-0.0024291402415225205
n_juvenile_misdemeanors_geq_2,-0.0016194265381044293,-1.2548346250973452e-08,0.0008097386553219676,-0.0008097195432253956,2.2056131698811043e-08,9.556048286007979e-09,0.0008097261552385548,-2.944035126795086e-09,9.556048286007979e-09,2.2056131698811043e-08,0.0008097290510108435,-1.544411853959815e-08,-0.0008097416476199326,-0.0016194111422488389,0.0008097290510108435,0.0008097290510108435,0.0024291276449134314,-1.2548346250973452e-08,0.0008097040508440179,-1.2548346250973452e-08,0.0008097261552385548,-1.2548346250973452e-08,0.002429162249391381,2.2056131698811043e-08,-0.0008097070431419828,0.0032388442441037,0.0024291276449134314,-2.944035126795086e-09,-2.5048429663776517e-08,-0.0008097320433088084,2.2056131698811043e-08,-4.826283817038757e-11,0.0016194581502845251,0.0008096915507606051,0.0008097165509274307,-0.0008097070431419828,0.0016194581502845251,0.0008097290510108435,9.556048286007979e-09,0.0016194581502845251,-0.0024291527416059333,2.2056131698811043e-08,0.0016194581502845251,-2.5048429663776517e-08,-0.0016194111422488389,9.556048286007979e-09,0.0016194206500342867,0.0008097107593829644,0.0008097040508440179,0.0008096915507606051,0.0024291497493079683,-0.00080969454305857,0.0008097328637776124,-1.2548346250973452e-08,0.0008097290510108435,0.0008096915507606051,-0.0008097195432253956,9.556048286007979e-09,0.0016194206500342867,0.0008097232594663772,-5.839807304397482e-09,0.0008097165509274307,0.0008097165509274307,0.0016194331501176995,-0.0008097195432253956,0.004048573343377382,-2.944035126795086e-09,-1.544411853959815e-08,-1.2548346250973452e-08,0.003238891348665063,-0.00080969454305857,-0.0008097416476199326,-0.00080969454305857,0.0008097386553219676,-2.5048429663776517e-08,0.0008097040508440179,-4.826283817038757e-11,0.0016194206500342867,0.0016194331501176995,-4.826283817038757e-11,-2.5048429663776517e-08,-1.2548346250973452e-08,0.0016194052541786963,-2.944035126795086e-09,-0.0008097416476199326,0.0008097165509274307,0.0016194456502011123,0.0008097040508440179,-0.0008097291475365198,0.0008096915507606051,0.0016194427544288237,-0.0016194111422488389,0.00080973575954979,-0.0008097320433088084,-4.826283817038757e-11,0.0008097040508440179,-0.0016194361424156645,9.556048286007979e-09,-0.0024291277414391077,-0.0008097416476199326,0.0008097165509274307,0.0016194331501176995,0.0008097290510108435,-0.0008097291475365198,-0.0016194111422488389,0.0008097290510108435,-0.0008097416476199326,0.0016194427544288237,-1.544411853959815e-08,-0.002429165241689346,2.2056131698811043e-08,-1.2548346250973452e-08,0.0016194331501176995,-0.0008097253347697508,2.2056131698811043e-08,-1.2548346250973452e-08,0.0016194581502845251,-2.5048429663776517e-08,0.0008097040508440179,0.0008097290510108435,0.0024291276449134314,-0.0008097195432253956,-1.2548346250973452e-08,2.2056131698811043e-08,0.002429174749474794,0.0008096915507606051,-4.826283817038757e-11,0.0008097290510108435,-1.2548346250973452e-08
n_juvenile_misdemeanors_geq_5,-2.7944201841378913e-08,-1.2548346250973452e-08,9.556048286007979e-09,9.556048286007979e-09,2.2056131698811043e-08,9.556048286007979e-09,-2.944035126795086e-09,-2.944035126795086e-09,9.556048286007979e-09,2.2056131698811043e-08,-4.826283817038757e-11,-1.544411853959815e-08,-1.2548346250973452e-08,-1.2548346250973452e-08,-4.826283817038757e-11,-4.826283817038757e-11,-4.826283817038757e-11,-1.2548346250973452e-08,-2.5048429663776517e-08,-1.2548346250973452e-08,-2.944035126795086e-09,-1.2548346250973452e-08,-2.5048429663776517e-08,2.2056131698811043e-08,2.2056131698811043e-08,-1.2548346250973452e-08,-4.826283817038757e-11,-2.944035126795086e-09,0.0008097040508440179,-2.944035126795086e-09,2.2056131698811043e-08,-4.826283817038757e-11,-4.826283817038757e-11,2.2056131698811043e-08,-1.2548346250973452e-08,2.2056131698811043e-08,-4.826283817038757e-11,-4.826283817038757e-11,9.556048286007979e-09,-4.826283817038757e-11,-2.5048429663776517e-08,2.2056131698811043e-08,-4.826283817038757e-11,-2.5048429663776517e-08,-1.2548346250973452e-08,9.556048286007979e-09,2.2056131698811043e-08,-1.8339890717200547e-08,-2.5048429663776517e-08,2.2056131698811043e-08,2.2056131698811043e-08,-2.5048429663776517e-08,3.764503930803187e-09,-1.2548346250973452e-08,-4.826283817038757e-11,2.2056131698811043e-08,9.556048286007979e-09,9.556048286007979e-09,2.2056131698811043e-08,-5.839807304397482e-09,-5.839807304397482e-09,-1.2548346250973452e-08,-1.2548346250973452e-08,-2.5048429663776517e-08,9.556048286007979e-09,-1.2548346250973452e-08,-2.944035126795086e-09,-1.544411853959815e-08,-1.2548346250973452e-08,-2.5048429663776517e-08,-2.5048429663776517e-08,-1.2548346250973452e-08,0.0008097040508440179,9.556048286007979e-09,-2.5048429663776517e-08,-2.5048429663776517e-08,-4.826283817038757e-11,2.2056131698811043e-08,-2.5048429663776517e-08,-4.826283817038757e-11,-2.5048429663776517e-08,-1.2548346250973452e-08,6.660276108405583e-09,-2.944035126795086e-09,-1.2548346250973452e-08,-1.2548346250973452e-08,-1.2548346250973452e-08,-2.5048429663776517e-08,-4.826283817038757e-11,0.0008096915507606051,-1.544411853959815e-08,-1.2548346250973452e-08,6.660276108405583e-09,-2.944035126795086e-09,-0.0008097291475365198,-2.5048429663776517e-08,2.2056131698811043e-08,9.556048286007979e-09,-4.826283817038757e-11,-1.2548346250973452e-08,-1.2548346250973452e-08,-2.5048429663776517e-08,-4.826283817038757e-11,-4.826283817038757e-11,-1.2548346250973452e-08,-4.826283817038757e-11,-1.2548346250973452e-08,-1.544411853959815e-08,-1.544411853959815e-08,2.2056131698811043e-08,2.2056131698811043e-08,-1.2548346250973452e-08,-2.5048429663776517e-08,3.764503930803187e-09,2.2056131698811043e-08,-1.2548346250973452e-08,-4.826283817038757e-11,-2.5048429663776517e-08,-2.5048429663776517e-08,-4.826283817038757e-11,-4.826283817038757e-11,9.556048286007979e-09,-1.2548346250973452e-08,2.2056131698811043e-08,-1.2548346250973452e-08,2.2056131698811043e-08,-4.826283817038757e-11,-4.826283817038757e-11,-1.2548346250973452e-08
n_juvenile_felonies_eq_0,-2.7944201841378913e-08,0.0008097165509274307,-0.0016194486424990773,-0.002429177741772759,-0.0016194361424156645,9.556048286007979e-09,-2.944035126795086e-09,-0.0008097320433088084,0.0008097386553219676,0.0008096915507606051,0.0016194581502845251,0.0016194427544288237,0.0008097165509274307,0.002429174749474794,-4.826283817038757e-11,0.0008097290510108435,-0.0016194582468102015,-0.0008097416476199326,-2.5048429663776517e-08,0.0048583024426510635,-2.944035126795086e-09,-1.2548346250973452e-08,-0.004048610940153297,2.2056131698811043e-08,0.00323887884858165,-0.0016194111422488389,0.0016194581502845251,0.0024291247491411427,0.0016194331501176995,-0.0024291306372113963,0.0008096915507606051,0.0008097290510108435,-4.826283817038757e-11,-0.0008097070431419828,0.0008097165509274307,0.0016194206500342867,-4.826283817038757e-11,0.0008097290510108435,-0.0008097195432253956,-0.0008097291475365198,-0.0024291527416059333,0.0008096915507606051,-4.826283817038757e-11,0.0016194331501176995,-1.2548346250973452e-08,-0.0008097195432253956,0.0024291497493079683,0.0008097107593829644,-0.0016194236423322517,2.2056131698811043e-08,0.0024291497493079683,0.002429162249391381,0.0008097328637776124,0.0016194456502011123,0.003238856744187113,0.0008096915507606051,0.0008097386553219676,0.0008097386553219676,0.0008096915507606051,0.0008097232594663772,-5.839807304397482e-09,-0.0008097416476199326,-0.0008097416476199326,-0.00080969454305857,-0.003238847236401665,0.0016194456502011123,0.0016194552545122365,0.0016194427544288237,0.0008097165509274307,-0.00080969454305857,0.0016194331501176995,0.0008097165509274307,-0.0016194236423322517,0.001619408149950874,0.002429162249391381,0.0016194331501176995,0.0008097290510108435,0.0008096915507606051,0.0016194331501176995,0.0008097290510108435,0.002429162249391381,-0.0008097416476199326,0.002429134353452378,0.0032388538484148244,-1.2548346250973452e-08,-1.2548346250973452e-08,0.0008097165509274307,-2.5048429663776517e-08,0.0016194581502845251,0.0024291497493079683,-1.544411853959815e-08,-1.2548346250973452e-08,6.660276108405583e-09,-2.944035126795086e-09,0.0024291276449134314,0.0008097040508440179,0.004048607947855332,0.003238866348498237,-4.826283817038757e-11,-1.2548346250973452e-08,-1.2548346250973452e-08,-0.00080969454305857,-0.0016194582468102015,-0.0008097291475365198,0.0008097165509274307,-0.0008097291475365198,0.0008097165509274307,0.000809713655155142,-1.544411853959815e-08,0.0008096915507606051,2.2056131698811043e-08,0.0008097165509274307,-2.5048429663776517e-08,0.001619461963051294,2.2056131698811043e-08,-0.0008097416476199326,-4.826283817038757e-11,-0.00080969454305857,-0.0016194236423322517,0.0024291276449134314,-4.826283817038757e-11,9.556048286007979e-09,0.0016194456502011123,2.2056131698811043e-08,-0.0016194111422488389,0.0024291497493079683,-4.826283817038757e-11,0.0008097290510108435,-0.0008097416476199326
n_juvenile_felonies_geq_1,0.0008097011550718403,0.0008097165509274307,0.004048595447771919,0.003238866348498237,0.0008096915507606051,0.0024291372492245555,-0.0008097320433088084,0.0008097261552385548,9.556048286007979e-09,-0.0008097070431419828,-4.826283817038757e-11,0.0024291718537025053,0.0032388442441037,-1.2548346250973452e-08,0.0016194581502845251,-4.826283817038757e-11,0.0008097290510108435,-1.2548346250973452e-08,0.002429162249391381,0.0016194456502011123,-0.0008097320433088084,-1.2548346250973452e-08,-0.0016194236423322517,-0.0008097070431419828,0.0016194206500342867,0.0016194456502011123,0.0008097290510108435,-2.944035126795086e-09,0.0008097040508440179,0.0032388538484148244,0.0024291497493079683,0.0008097290510108435,0.0016194581502845251,0.0008096915507606051,0.002429174749474794,0.0024291497493079683,0.004048585843460795,-0.0032388568407127893,0.0048583245470456005,-0.0008097291475365198,-0.0024291527416059333,0.0008096915507606051,0.0008097290510108435,0.0016194331501176995,0.002429174749474794,0.0008097386553219676,0.0024291497493079683,0.0024291689579303277,0.003238891348665063,0.0008096915507606051,0.0008096915507606051,0.004858289942567651,0.004048589656227564,0.0008097165509274307,0.0016194581502845251,2.2056131698811043e-08,0.003238866348498237,0.008097181339495552,0.0008096915507606051,0.0016194523587400589,0.002429121853368965,0.002429174749474794,0.0016194456502011123,-2.5048429663776517e-08,0.0008097386553219676,0.0032388442441037,0.0016194552545122365,-0.0008097445433922212,0.002429174749474794,0.0016194331501176995,-2.5048429663776517e-08,0.002429174749474794,0.0008097040508440179,0.0008097386553219676,0.0008097040508440179,0.004048560843293969,-4.826283817038757e-11,0.0016194206500342867,-2.5048429663776517e-08,-4.826283817038757e-11,0.0008097040508440179,0.002429174749474794,-0.002429121032900161,-0.0008097320433088084,0.0008097165509274307,0.004048573343377382,0.0016194456502011123,0.003238891348665063,0.0008097290510108435,2.2056131698811043e-08,0.0024291718537025053,0.0008097165509274307,0.0032388634527260596,0.0016194552545122365,0.003238856744187113,0.0008097040508440179,0.00323887884858165,0.0024291372492245555,0.0016194581502845251,0.002429174749474794,0.0016194456502011123,0.0016194331501176995,-0.0024291277414391077,-0.0016194582468102015,0.0008097165509274307,-0.0016194582468102015,0.002429174749474794,-1.544411853959815e-08,0.000809713655155142,2.2056131698811043e-08,0.0024291497493079683,0.002429174749474794,0.002429162249391381,0.0024291314576802003,-0.0008097070431419828,0.0048583024426510635,-0.0016194582468102015,0.004048560843293969,0.002429162249391381,0.004048585843460795,-0.0008097291475365198,0.004048595447771919,-1.2548346250973452e-08,0.0024291497493079683,-1.2548346250973452e-08,-0.0008097070431419828,0.0024291276449134314,0.0024291276449134314,0.0016194456502011123
n_juvenile_felonies_geq_2,-2.7944201841378913e-08,-1.2548346250973452e-08,0.0008097386553219676,0.001619408149950874,2.2056131698811043e-08,0.001619408149950874,-2.944035126795086e-09,-0.0008097320433088084,-0.0008097195432253956,0.0016194206500342867,-4.826283817038757e-11,0.000809713655155142,-0.0016194111422488389,-1.2548346250973452e-08,-0.0008097291475365198,-0.0008097291475365198,-4.826283817038757e-11,0.0016194456502011123,0.0008097040508440179,-0.0008097416476199326,0.0008097261552385548,0.0008097165509274307,-0.00080969454305857,0.0008096915507606051,-0.0008097070431419828,-1.2548346250973452e-08,0.0016194581502845251,-0.0008097320433088084,-2.5048429663776517e-08,-2.944035126795086e-09,-0.0008097070431419828,-4.826283817038757e-11,0.0016194581502845251,2.2056131698811043e-08,-1.2548346250973452e-08,0.0024291497493079683,-4.826283817038757e-11,0.0008097290510108435,9.556048286007979e-09,0.0008097290510108435,0.0016194331501176995,2.2056131698811043e-08,-4.826283817038757e-11,-0.00080969454305857,0.0008097165509274307,9.556048286007979e-09,0.0008096915507606051,0.0008097107593829644,-0.00080969454305857,2.2056131698811043e-08,-0.0008097070431419828,0.0016194331501176995,0.0008097328637776124,0.0008097165509274307,-4.826283817038757e-11,-0.0008097070431419828,0.0008097386553219676,-0.0008097195432253956,-0.0016194361424156645,-5.839807304397482e-09,-5.839807304397482e-09,-1.2548346250973452e-08,-1.2548346250973452e-08,0.0008097040508440179,-0.0016194486424990773,0.0016194456502011123,-2.944035126795086e-09,-1.544411853959815e-08,-1.2548346250973452e-08,0.0008097040508440179,-2.5048429663776517e-08,0.0016194456502011123,-2.5048429663776517e-08,0.0008097386553219676,0.0016194331501176995,0.0008097040508440179,-4.826283817038757e-11,2.2056131698811043e-08,-2.5048429663776517e-08,0.0016194581502845251,0.0008097040508440179,-1.2548346250973452e-08,-0.0008097224389975732,0.0008097261552385548,-1.2548346250973452e-08,-0.0008097416476199326,-1.2548346250973452e-08,0.0008097040508440179,-0.0016194582468102015,2.2056131698811043e-08,-1.544411853959815e-08,-1.2548346250973452e-08,6.660276108405583e-09,-0.0008097320433088084,-4.826283817038757e-11,-2.5048429663776517e-08,-0.0016194361424156645,0.0008097386553219676,0.0008097290510108435,-1.2548346250973452e-08,-0.0008097416476199326,0.0008097040508440179,0.0024291276449134314,-0.0008097291475365198,-1.2548346250973452e-08,0.0016194581502845251,0.0016194456502011123,-1.544411853959815e-08,-1.544411853959815e-08,2.2056131698811043e-08,2.2056131698811043e-08,0.0016194456502011123,-2.5048429663776517e-08,3.764503930803187e-09,-0.0008097070431419828,0.0008097165509274307,-4.826283817038757e-11,0.0008097040508440179,0.0008097040508440179,0.0008097290510108435,0.0008097290510108435,9.556048286007979e-09,-0.0008097416476199326,0.0024291497493079683,0.0008097165509274307,2.2056131698811043e-08,-4.826283817038757e-11,-0.0008097291475365198,-0.0016194111422488389
n_juvenile_felonies_geq_5,0.0008097011550718403,-1.2548346250973452e-08,9.556048286007979e-09,9.556048286007979e-09,2.2056131698811043e-08,9.556048286007979e-09,-2.944035126795086e-09,-2.944035126795086e-09,9.556048286007979e-09,2.2056131698811043e-08,-4.826283817038757e-11,-1.544411853959815e-08,-1.2548346250973452e-08,-1.2548346250973452e-08,-4.826283817038757e-11,-4.826283817038757e-11,-4.826283817038757e-11,-0.0008097416476199326,-2.5048429663776517e-08,-1.2548346250973452e-08,-2.944035126795086e-09,-1.2548346250973452e-08,-2.5048429663776517e-08,2.2056131698811043e-08,2.2056131698811043e-08,-1.2548346250973452e-08,-0.0008097291475365198,-2.944035126795086e-09,-2.5048429663776517e-08,-2.944035126795086e-09,2.2056131698811043e-08,-4.826283817038757e-11,-4.826283817038757e-11,2.2056131698811043e-08,-1.2548346250973452e-08,2.2056131698811043e-08,0.0008097290510108435,-4.826283817038757e-11,9.556048286007979e-09,-4.826283817038757e-11,-2.5048429663776517e-08,2.2056131698811043e-08,-4.826283817038757e-11,-0.00080969454305857,-1.2548346250973452e-08,9.556048286007979e-09,2.2056131698811043e-08,-1.8339890717200547e-08,-2.5048429663776517e-08,2.2056131698811043e-08,2.2056131698811043e-08,-2.5048429663776517e-08,3.764503930803187e-09,-1.2548346250973452e-08,-4.826283817038757e-11,2.2056131698811043e-08,-0.0008097195432253956,9.556048286007979e-09,2.2056131698811043e-08,0.0016194523587400589,-5.839807304397482e-09,-1.2548346250973452e-08,-1.2548346250973452e-08,-2.5048429663776517e-08,9.556048286007979e-09,-1.2548346250973452e-08,-2.944035126795086e-09,-1.544411853959815e-08,-1.2548346250973452e-08,-2.5048429663776517e-08,-2.5048429663776517e-08,0.0008097165509274307,-2.5048429663776517e-08,9.556048286007979e-09,-2.5048429663776517e-08,0.0008097040508440179,-4.826283817038757e-11,2.2056131698811043e-08,-2.5048429663776517e-08,-4.826283817038757e-11,-2.5048429663776517e-08,-1.2548346250973452e-08,6.660276108405583e-09,-2.944035126795086e-09,-1.2548346250973452e-08,-1.2548346250973452e-08,0.0008097165509274307,-2.5048429663776517e-08,0.0008097290510108435,2.2056131698811043e-08,-0.0008097445433922212,-1.2548346250973452e-08,6.660276108405583e-09,-2.944035126795086e-09,-4.826283817038757e-11,-2.5048429663776517e-08,2.2056131698811043e-08,0.0008097386553219676,-4.826283817038757e-11,-1.2548346250973452e-08,0.0008097165509274307,-2.5048429663776517e-08,-4.826283817038757e-11,-0.0008097291475365198,-1.2548346250973452e-08,-4.826283817038757e-11,-1.2548346250973452e-08,-1.544411853959815e-08,-1.544411853959815e-08,2.2056131698811043e-08,2.2056131698811043e-08,-1.2548346250973452e-08,-2.5048429663776517e-08,3.764503930803187e-09,2.2056131698811043e-08,-1.2548346250973452e-08,-4.826283817038757e-11,-0.00080969454305857,-2.5048429663776517e-08,-4.826283817038757e-11,-4.826283817038757e-11,9.556048286007979e-09,-1.2548346250973452e-08,2.2056131698811043e-08,-1.2548346250973452e-08,2.2056131698811043e-08,-4.826283817038757e-11,-4.826283817038757e-11,-1.2548346250973452e-08
charge_degree_eq_M,0.01619431562269269,0.011336016027550966,0.012145767231219184,0.008906910438769233,0.00890686333420787,0.003238866348498237,0.008097168839412139,0.01133602563186209,0.0048583245470456005,0.00890686333420787,0.005668044042008158,0.011336013131778677,0.008906888334374696,-0.0016194111422488389,0.009716570329087015,0.01781374211253428,0.010526299428360697,0.017813789217095644,0.005668019041841332,0.012145745126824647,-0.003238859736485078,0.011336016027550966,0.002429162249391381,0.00890686333420787,0.011336050632028916,0.0016194456502011123,0.004048585843460795,0.007287439740138457,0.010526334032838647,0.012145754731135772,0.016194306018381455,0.0008097290510108435,0.008906900834458109,0.0016194206500342867,0.0048583024426510635,0.011336050632028916,0.003238856744187113,0.011336028527634379,0.014574894924395454,0.013765156220810648,0.006477748141115014,0.008097193839578964,0.020242929410355326,0.018623505816285912,0.01619433101854828,0.00971657993339814,0.0056680065417579195,0.025910955208998443,-0.003238881840879615,0.007287464740305283,0.016194306018381455,0.012145732626741235,0.023481790015572046,0.023481773702721864,0.016194343518631693,0.013765178325205185,0.011336038131945503,0.012145767231219184,0.007287464740305283,0.02591090810443708,0.012955480934637276,0.017813789217095644,0.014574872820000917,0.013765190825288598,0.015384624023669136,0.017004060117821962,0.004858312046962188,0.01619432812277599,0.01862345871172455,0.005668019041841332,0.012955461726014916,0.014574872820000917,0.012145732626741235,0.003238866348498237,0.003238891348665063,0.012145732626741235,0.003238856744187113,0.012955449225931503,0.01700404761773855,0.005668044042008158,0.006477748141115014,0.008097159235101015,0.025910920604520493,0.02672064009948294,0.005668031541924745,0.006477760641198427,0.002429174749474794,0.010526334032838647,0.0008097290510108435,0.013765178325205185,0.004048570447605093,0.0016194456502011123,0.006477720245176011,0.01133602563186209,-4.826283817038757e-11,0.011336003527467553,0.004858277442484238,0.008906910438769233,0.007287442635910746,0.007287430135827333,0.005668031541924745,0.01457491992456228,0.01457488532008433,0.003238856744187113,0.007287430135827333,0.008097171735184427,0.0048583024426510635,0.01295547133032604,0.008097156339328726,0.020242891910105087,0.015384636523752548,0.012145745126824647,0.009716604933564965,0.0331983603929219,0.012955449225931503,0.008906888334374696,0.004858314942734476,0.003238891348665063,0.009716604933564965,0.005668044042008158,0.012955486726181742,0.016194353122942817,0.0008097165509274307,0.014574907424478867,0.010526286928277284,0.016194306018381455,0.004858314942734476,0.009716570329087015,0.01619433101854828
