,Expr-340-ep-3.pt,Expr-385-ep-5.pt,Expr-492-ep-4.pt,Expr-577-ep-4.pt,Expr-739-ep-4.pt,Expr-831-ep-3.pt,Expr-937-ep-3.pt
age,-0.0008846914347697687,0.006303211492628913,-0.004312731675786385,0.004312757309145154,-0.0006635108445448568,-0.002211637331112515,0.0018799224021647243
balance,-0.001105824666886468,-0.0015481507357646418,-0.00011060421912134633,0.0007740891534749883,0.001769312336607487,-0.000995225740536343,-0.0016587457535054417
day,0.004533907217116218,0.0057503188076923895,-0.002432801179570565,-0.00011056298428135936,0.004202135517759831,0.0013269712199128758,0.002985707772037771
duration,0.06292160396012769,0.06469090823564039,0.07939841563256322,0.07088357573337001,0.05993587584750226,0.07132589118374955,0.06546502496030071
campaign,0.0016587579670857,-0.0012163912829448176,-0.001769341878575692,0.00033176308459681447,-0.00011055855496355793,-0.0032069156895719875,-0.00033176754687092025
pdays,-0.0003317391451884699,0.0019905174199055242,-0.004865624360722909,0.0012164152223531621,0.0006634673620896647,0.0016587306727327,0.002764574539921072
previous,0.003538628858656745,0.0025434101048420477,0.004755042143183341,0.006192628200716199,0.0030962905432420085,0.0049762059916413914,0.0015481629493449
job_blue-collar,-0.0006634985980082941,0.0007741058293293523,-0.0011058229729360436,-0.0004423224371011836,-0.00033175139172503254,-0.0012164185772978175,-0.00033176754687092025
job_entrepreneur,-0.0001106059130717707,-0.0001106059130717707,2.2001581778674506e-08,0.00011057024783533986,-0.0006635108445448568,0.0007740785349763524,-0.00033176754687092025
job_housemaid,0.00022115353974805352,0.00044234637650952813,-0.00022117083517969593,0.0008846557695333379,0.0003317675139146159,-6.986721645674265e-09,0.000774077427646902
job_management,0.0013269985142658758,-0.0002211725291301203,-0.0018799084946340416,0.003206912334627332,-0.000884644076661556,0.0012164046038545262,-0.0005529007789876195
job_retired,-0.0015481507357646418,-0.0001106059130717707,-0.0013270158096975182,-0.0015481674116190058,-0.00033175139172503254,-0.003759808374508511,-0.0015481791374470921
job_self-employed,0.00033172015580640313,2.030763135429936e-08,-0.0007740635201162194,0.00022113686389368947,0.0002211412932114909,0.00011055962933670394,0.0003317513587687282
job_services,-0.0003317391451884699,0.00033172015580640313,-0.0027645606323903893,-0.0004423224371011836,0.0002211412932114909,-0.0018798778782926906,-8.094051096030341e-09
job_student,0.0019905174199055242,0.0014375651303242254,0.0016587596610361244,0.0033174789506856817,0.001769312336607487,0.00011055962933670394,0.0006635108115885524
job_technician,0.0012164318982075262,0.000884672445387702,-0.00011060421912134633,0.00033176308459681447,0.0008846601988511393,0.000884645151034702,0.0005528845908854274
job_unemployed,-0.0001106059130717707,0.00022115353974805352,0.0004423480704599525,0.00022113686389368947,0.00011057467715314129,0.000884645151034702,0.0003317513587687282
job_unknown,0.00033172015580640313,0.00022115353974805352,-0.00011060421912134633,-0.00011056298428135936,-0.00011055855496355793,-0.00011057360277999528,0.00022118474271037858
marital_married,0.0006634796086262273,0.0011058056775044012,0.002101085729914298,0.00210106736010951,0.0014375528837876628,0.0026540090311921727,-0.00011057471010944564
marital_single,0.0006634796086262273,0.0005529129925678777,0.0004423480704599525,0.002875152881807508,0.0002211412932114909,0.0013269712199128758,0.0013269701125834255
education_secondary,0.002432843488783698,0.0005529129925678777,0.0012164335921579505,0.0015481746751729863,0.0003317675139146159,0.0011058379877961766,0.0009952702644083766
education_tertiary,0.0007741058293293523,-0.0006634985980082941,-0.000995256356877694,0.0006635225374166387,-0.00033175139172503254,0.0018799235094941746,0.0012164034965250758
education_unknown,-0.0003317391451884699,2.030763135429936e-08,-0.0005529302879995202,0.00011057024783533986,0.0005529007460313151,0.0007740785349763524,0.00011055852200725358
default_yes,0.00011058692368970391,0.00011058692368970391,-0.00011060421912134633,3.6317769902538544e-09,8.061094791678158e-09,0.00011055962933670394,0.0003317513587687282
housing_yes,0.000884672445387702,0.002432843488783698,0.0016587596610361244,0.0029857194978658574,-0.00022118477566668293,-6.986721645674265e-09,0.00011055852200725358
loan_yes,0.0019905174199055242,0.00011058692368970391,-0.0005529302879995202,0.00033176308459681447,-0.0007740774606032064,0.00033175246609817854,-0.00011057471010944564
contact_telephone,0.001548131746382575,-0.00044230576124681953,0.00011058861764012828,0.0004423297006551641,8.061094791678158e-09,-0.0005528996716581691,-0.0008846602318074437
contact_unknown,0.00011058692368970391,0.00011058692368970391,2.2001581778674506e-08,0.00011057024783533986,-0.00022118477566668293,0.00022118585003982894,0.00011055852200725358
month_aug,0.0034280622425983953,0.005086799902052741,0.006413779802637687,0.002875152881807508,0.005639739945097477,-6.986721645674265e-09,0.00353866006161907
month_dec,2.030763135429936e-08,0.0005529129925678777,0.000995240755396476,-0.001105841342740832,-0.0005528846238417318,-0.0008846591244779933,-0.0008846602318074437
month_feb,-0.001105824666886468,-0.0002211725291301203,0.0004423480704599525,0.00033176308459681447,0.0008846601988511393,0.0015481640566743504,0.0018799224021647243
month_jan,0.00044234637650952813,-0.0006634985980082941,0.0015481334403329994,0.002432826812929334,0.002985723927183659,-0.0002211402188383449,-0.0008846602318074437
month_jul,0.0012164318982075262,-0.003428081231980462,0.00011058861764012828,0.0005528963167135137,0.001105853035612614,-0.0002211402188383449,0.0003317513587687282
month_jun,0.0006634796086262273,0.000884672445387702,0.0006634813025766517,0.00033176308459681447,0.0008846601988511393,-0.0005528996716581691,-0.00011057471010944564
month_mar,0.002101084035963874,0.00022115353974805352,0.0016587596610361244,0.0004423297006551641,0.0012164196516709636,0.00044231908215652815,0.0026540079238627223
month_may,0.011390050691695075,0.006856104177565436,0.01758267695458471,0.01979428892917079,0.0157027325178819,0.008072548078433384,0.012606433880588797
month_nov,-0.0009952580508281184,-0.0017693435725261164,-0.00033173745123804554,-0.001769300643735705,-0.0007740774606032064,-0.0015481780301176418,-0.0009952268478657933
month_oct,-0.003096321779160638,-0.0036492144640971613,-0.004091538839024911,-0.0012164079587991816,-0.002875141188935726,-0.0014375518094145168,-0.0037598094818379613
month_sep,0.00011058692368970391,0.0007741058293293523,0.0005529146865183021,0.00022113686389368947,0.0005529007460313151,-6.986721645674265e-09,-0.0005529007789876195
poutcome_other,-0.0006634985980082941,0.00011058692368970391,-0.00022117083517969593,0.0004423297006551641,0.0015481791044907878,0.0005528856982148778,-0.00011057471010944564
poutcome_success,0.026097556394667487,0.025655230325789313,0.02819862181695043,0.02676105862445277,0.02797741503970197,0.020678990053073276,0.02432822371747234
poutcome_unknown,0.0012164318982075262,0.0007741058293293523,0.0004423480704599525,0.0006635225374166387,0.0016587457205491374,0.00044231908215652815,-0.0007740936157490941
