,Expr-12-ep-2.pt,Expr-125-ep-6.pt,Expr-129-ep-6.pt,Expr-130-ep-6.pt,Expr-131-ep-6.pt,Expr-165-ep-9.pt,Expr-38-ep-2.pt,Expr-4-ep-7.pt,Expr-45-ep-2.pt,Expr-46-ep-2.pt,Expr-47-ep-2.pt,Expr-49-ep-2.pt,Expr-51-ep-2.pt,Expr-61-ep-3.pt,Expr-62-ep-3.pt,Expr-64-ep-3.pt,Expr-66-ep-4.pt,Expr-67-ep-4.pt,Expr-68-ep-4.pt,Expr-70-ep-4.pt,Expr-74-ep-4.pt,Expr-75-ep-4.pt,Expr-76-ep-4.pt,Expr-77-ep-5.pt,Expr-78-ep-5.pt,Expr-79-ep-4.pt,Expr-80-ep-5.pt,Expr-81-ep-6.pt,Expr-82-ep-6.pt
Age,-6.781366801433819e-09,-2.89100372530271e-08,-2.89100372530271e-08,0.005988032518032815,0.005988032518032815,-0.005988030733462546,-2.89100372530271e-08,-6.781366801433819e-09,-2.89100372530271e-08,-2.89100372530271e-08,-2.89100372530271e-08,-2.89100372530271e-08,-2.89100372530271e-08,-2.89100372530271e-08,-2.89100372530271e-08,0.005988032518032815,0.005988032518032815,-2.89100372530271e-08,0.005988032518032815,-2.89100372530271e-08,-2.89100372530271e-08,-2.89100372530271e-08,-2.89100372530271e-08,8.565936959747944e-09,-2.89100372530271e-08,0.005988032518032815,8.565936959747944e-09,-0.011976032556887839,8.565936959747944e-09
Number of sexual partners,-6.781366801433819e-09,-2.89100372530271e-08,-2.89100372530271e-08,-2.89100372530271e-08,-2.89100372530271e-08,-2.89100372530271e-08,-2.89100372530271e-08,-6.781366801433819e-09,0.005988032518032815,-2.89100372530271e-08,-2.89100372530271e-08,0.005988032518032815,-2.89100372530271e-08,-2.89100372530271e-08,0.011976034341458108,-2.89100372530271e-08,-2.89100372530271e-08,0.005988032518032815,-2.89100372530271e-08,-2.89100372530271e-08,0.005988032518032815,0.005988032518032815,-2.89100372530271e-08,8.565936959747944e-09,-2.89100372530271e-08,-2.89100372530271e-08,8.565936959747944e-09,-0.005988030733462546,0.005988010389362253
First sexual intercourse,0.01197605647012856,-2.89100372530271e-08,-2.89100372530271e-08,0.011976034341458108,-2.89100372530271e-08,0.005988032518032815,-2.89100372530271e-08,0.0059879950420584915,-2.89100372530271e-08,-2.89100372530271e-08,-2.89100372530271e-08,0.011976034341458108,-2.89100372530271e-08,-2.89100372530271e-08,-2.89100372530271e-08,-2.89100372530271e-08,0.005988032518032815,-0.005988030733462546,-0.005988030733462546,-2.89100372530271e-08,-2.89100372530271e-08,0.005988032518032815,-2.89100372530271e-08,-0.005988052862133109,0.005988032518032815,-2.89100372530271e-08,8.565936959747944e-09,0.005988032518032815,8.565936959747944e-09
Num of pregnancies,-6.781366801433819e-09,-2.89100372530271e-08,-2.89100372530271e-08,-2.89100372530271e-08,0.005988032518032815,0.005988032518032815,-2.89100372530271e-08,-6.781366801433819e-09,-2.89100372530271e-08,-2.89100372530271e-08,-2.89100372530271e-08,0.011976034341458108,-2.89100372530271e-08,-2.89100372530271e-08,-2.89100372530271e-08,-2.89100372530271e-08,-2.89100372530271e-08,-2.89100372530271e-08,0.005988032518032815,-2.89100372530271e-08,-2.89100372530271e-08,-2.89100372530271e-08,-2.89100372530271e-08,8.565936959747944e-09,-2.89100372530271e-08,-2.89100372530271e-08,8.565936959747944e-09,-0.005988030733462546,-0.005988052862133109
Smokes (years),0.0059879950420584915,-2.89100372530271e-08,-2.89100372530271e-08,-2.89100372530271e-08,-2.89100372530271e-08,-2.89100372530271e-08,-2.89100372530271e-08,-6.781366801433819e-09,-2.89100372530271e-08,0.005988032518032815,-2.89100372530271e-08,-2.89100372530271e-08,-2.89100372530271e-08,-2.89100372530271e-08,-2.89100372530271e-08,0.005988032518032815,-2.89100372530271e-08,0.005988032518032815,0.005988032518032815,-2.89100372530271e-08,-2.89100372530271e-08,-2.89100372530271e-08,-0.005988030733462546,0.005988010389362253,-2.89100372530271e-08,-2.89100372530271e-08,8.565936959747944e-09,-2.89100372530271e-08,0.005988010389362253
Smokes (packs/year),0.0059879950420584915,-2.89100372530271e-08,-2.89100372530271e-08,-2.89100372530271e-08,-2.89100372530271e-08,-2.89100372530271e-08,-2.89100372530271e-08,-6.781366801433819e-09,-2.89100372530271e-08,-2.89100372530271e-08,-2.89100372530271e-08,-2.89100372530271e-08,-2.89100372530271e-08,-2.89100372530271e-08,-2.89100372530271e-08,-2.89100372530271e-08,-2.89100372530271e-08,-2.89100372530271e-08,-2.89100372530271e-08,-2.89100372530271e-08,-2.89100372530271e-08,-2.89100372530271e-08,-2.89100372530271e-08,8.565936959747944e-09,-2.89100372530271e-08,-2.89100372530271e-08,8.565936959747944e-09,-2.89100372530271e-08,0.005988010389362253
Hormonal Contraceptives (years),-6.781366801433819e-09,0.005988032518032815,0.005988032518032815,-2.89100372530271e-08,-2.89100372530271e-08,0.005988032518032815,-2.89100372530271e-08,-0.005988008604792094,-2.89100372530271e-08,-2.89100372530271e-08,0.005988032518032815,0.011976034341458108,0.005988032518032815,-2.89100372530271e-08,-2.89100372530271e-08,0.005988032518032815,-2.89100372530271e-08,-2.89100372530271e-08,-2.89100372530271e-08,-2.89100372530271e-08,-2.89100372530271e-08,0.005988032518032815,0.005988032518032815,-0.005988052862133109,-2.89100372530271e-08,0.011976034341458108,-0.005988052862133109,-0.011976032556887839,0.005988010389362253
IUD (years),0.0059879950420584915,-2.89100372530271e-08,-2.89100372530271e-08,-2.89100372530271e-08,-2.89100372530271e-08,-2.89100372530271e-08,-2.89100372530271e-08,0.0059879950420584915,-2.89100372530271e-08,-2.89100372530271e-08,-2.89100372530271e-08,-2.89100372530271e-08,-2.89100372530271e-08,-2.89100372530271e-08,-2.89100372530271e-08,-2.89100372530271e-08,-2.89100372530271e-08,-2.89100372530271e-08,-2.89100372530271e-08,-2.89100372530271e-08,-2.89100372530271e-08,0.005988032518032815,-2.89100372530271e-08,8.565936959747944e-09,-2.89100372530271e-08,-2.89100372530271e-08,8.565936959747944e-09,-2.89100372530271e-08,8.565936959747944e-09
STDs (number),-6.781366801433819e-09,-2.89100372530271e-08,-2.89100372530271e-08,-2.89100372530271e-08,-2.89100372530271e-08,-2.89100372530271e-08,-2.89100372530271e-08,0.01197605647012856,-2.89100372530271e-08,-2.89100372530271e-08,-2.89100372530271e-08,-2.89100372530271e-08,-2.89100372530271e-08,-2.89100372530271e-08,-2.89100372530271e-08,-2.89100372530271e-08,-2.89100372530271e-08,-2.89100372530271e-08,-2.89100372530271e-08,-2.89100372530271e-08,-2.89100372530271e-08,-2.89100372530271e-08,-2.89100372530271e-08,8.565936959747944e-09,-2.89100372530271e-08,-2.89100372530271e-08,8.565936959747944e-09,-2.89100372530271e-08,8.565936959747944e-09
STDs:condylomatosis,-6.781366801433819e-09,-2.89100372530271e-08,-2.89100372530271e-08,0.005988032518032815,0.005988032518032815,0.005988032518032815,-2.89100372530271e-08,0.0059879950420584915,-2.89100372530271e-08,-2.89100372530271e-08,-2.89100372530271e-08,-2.89100372530271e-08,-2.89100372530271e-08,-2.89100372530271e-08,-2.89100372530271e-08,-2.89100372530271e-08,0.005988032518032815,0.005988032518032815,0.005988032518032815,-2.89100372530271e-08,0.005988032518032815,-2.89100372530271e-08,-2.89100372530271e-08,0.005988010389362253,-2.89100372530271e-08,-2.89100372530271e-08,0.005988010389362253,0.005988032518032815,0.005988010389362253
STDs:cervical condylomatosis,-6.781366801433819e-09,-2.89100372530271e-08,-2.89100372530271e-08,-2.89100372530271e-08,-2.89100372530271e-08,-2.89100372530271e-08,-2.89100372530271e-08,-6.781366801433819e-09,-2.89100372530271e-08,-2.89100372530271e-08,-2.89100372530271e-08,-2.89100372530271e-08,-2.89100372530271e-08,-2.89100372530271e-08,-2.89100372530271e-08,-2.89100372530271e-08,-2.89100372530271e-08,-2.89100372530271e-08,-2.89100372530271e-08,-2.89100372530271e-08,-2.89100372530271e-08,-2.89100372530271e-08,-2.89100372530271e-08,8.565936959747944e-09,-2.89100372530271e-08,-2.89100372530271e-08,8.565936959747944e-09,-2.89100372530271e-08,8.565936959747944e-09
STDs:vaginal condylomatosis,-6.781366801433819e-09,-2.89100372530271e-08,-2.89100372530271e-08,-2.89100372530271e-08,-2.89100372530271e-08,-2.89100372530271e-08,-2.89100372530271e-08,-6.781366801433819e-09,-2.89100372530271e-08,-2.89100372530271e-08,-2.89100372530271e-08,-2.89100372530271e-08,-2.89100372530271e-08,-2.89100372530271e-08,-2.89100372530271e-08,-2.89100372530271e-08,-2.89100372530271e-08,-2.89100372530271e-08,-2.89100372530271e-08,-2.89100372530271e-08,-2.89100372530271e-08,-2.89100372530271e-08,-2.89100372530271e-08,8.565936959747944e-09,-2.89100372530271e-08,-2.89100372530271e-08,8.565936959747944e-09,-2.89100372530271e-08,8.565936959747944e-09
STDs:vulvo-perineal condylomatosis,0.0059879950420584915,-2.89100372530271e-08,-2.89100372530271e-08,0.005988032518032815,0.005988032518032815,0.005988032518032815,0.005988032518032815,-6.781366801433819e-09,-2.89100372530271e-08,-2.89100372530271e-08,-2.89100372530271e-08,0.005988032518032815,0.005988032518032815,-2.89100372530271e-08,-2.89100372530271e-08,-2.89100372530271e-08,0.005988032518032815,0.005988032518032815,0.005988032518032815,-2.89100372530271e-08,0.005988032518032815,-2.89100372530271e-08,0.005988032518032815,0.005988010389362253,-2.89100372530271e-08,-2.89100372530271e-08,0.005988010389362253,0.005988032518032815,8.565936959747944e-09
STDs:syphilis,-6.781366801433819e-09,-2.89100372530271e-08,-2.89100372530271e-08,-2.89100372530271e-08,-2.89100372530271e-08,0.005988032518032815,-2.89100372530271e-08,0.0059879950420584915,-2.89100372530271e-08,-2.89100372530271e-08,-2.89100372530271e-08,-2.89100372530271e-08,-2.89100372530271e-08,-2.89100372530271e-08,0.005988032518032815,-2.89100372530271e-08,-2.89100372530271e-08,-2.89100372530271e-08,-2.89100372530271e-08,-2.89100372530271e-08,-2.89100372530271e-08,-2.89100372530271e-08,-2.89100372530271e-08,0.005988010389362253,-2.89100372530271e-08,-2.89100372530271e-08,8.565936959747944e-09,0.011976034341458108,8.565936959747944e-09
STDs:pelvic inflammatory disease,-6.781366801433819e-09,-2.89100372530271e-08,-2.89100372530271e-08,-2.89100372530271e-08,-2.89100372530271e-08,-2.89100372530271e-08,-2.89100372530271e-08,-6.781366801433819e-09,-2.89100372530271e-08,-2.89100372530271e-08,-2.89100372530271e-08,-2.89100372530271e-08,-2.89100372530271e-08,-2.89100372530271e-08,-2.89100372530271e-08,-2.89100372530271e-08,-2.89100372530271e-08,-2.89100372530271e-08,-2.89100372530271e-08,-2.89100372530271e-08,-2.89100372530271e-08,-2.89100372530271e-08,-2.89100372530271e-08,8.565936959747944e-09,-2.89100372530271e-08,-2.89100372530271e-08,8.565936959747944e-09,-2.89100372530271e-08,8.565936959747944e-09
STDs:genital herpes,-6.781366801433819e-09,-2.89100372530271e-08,-2.89100372530271e-08,-2.89100372530271e-08,-2.89100372530271e-08,-2.89100372530271e-08,-2.89100372530271e-08,-6.781366801433819e-09,-2.89100372530271e-08,-2.89100372530271e-08,-2.89100372530271e-08,-2.89100372530271e-08,-2.89100372530271e-08,-2.89100372530271e-08,-2.89100372530271e-08,-2.89100372530271e-08,-2.89100372530271e-08,-2.89100372530271e-08,-2.89100372530271e-08,-2.89100372530271e-08,-2.89100372530271e-08,-2.89100372530271e-08,-2.89100372530271e-08,8.565936959747944e-09,-2.89100372530271e-08,-2.89100372530271e-08,8.565936959747944e-09,-2.89100372530271e-08,8.565936959747944e-09
STDs:molluscum contagiosum,-6.781366801433819e-09,-2.89100372530271e-08,-2.89100372530271e-08,-2.89100372530271e-08,-2.89100372530271e-08,-2.89100372530271e-08,-2.89100372530271e-08,-6.781366801433819e-09,-2.89100372530271e-08,-2.89100372530271e-08,-2.89100372530271e-08,-2.89100372530271e-08,-2.89100372530271e-08,-2.89100372530271e-08,-2.89100372530271e-08,-2.89100372530271e-08,-2.89100372530271e-08,-2.89100372530271e-08,-2.89100372530271e-08,-2.89100372530271e-08,-2.89100372530271e-08,-2.89100372530271e-08,-2.89100372530271e-08,8.565936959747944e-09,-2.89100372530271e-08,-2.89100372530271e-08,8.565936959747944e-09,-2.89100372530271e-08,8.565936959747944e-09
STDs:AIDS,-6.781366801433819e-09,-2.89100372530271e-08,-2.89100372530271e-08,-2.89100372530271e-08,-2.89100372530271e-08,-2.89100372530271e-08,-2.89100372530271e-08,-6.781366801433819e-09,-2.89100372530271e-08,-2.89100372530271e-08,-2.89100372530271e-08,-2.89100372530271e-08,-2.89100372530271e-08,-2.89100372530271e-08,-2.89100372530271e-08,-2.89100372530271e-08,-2.89100372530271e-08,-2.89100372530271e-08,-2.89100372530271e-08,-2.89100372530271e-08,-2.89100372530271e-08,-2.89100372530271e-08,-2.89100372530271e-08,8.565936959747944e-09,-2.89100372530271e-08,-2.89100372530271e-08,8.565936959747944e-09,-2.89100372530271e-08,8.565936959747944e-09
STDs:HIV,-6.781366801433819e-09,0.005988032518032815,0.005988032518032815,-2.89100372530271e-08,-2.89100372530271e-08,-2.89100372530271e-08,0.005988032518032815,-6.781366801433819e-09,0.005988032518032815,0.005988032518032815,0.005988032518032815,0.005988032518032815,0.005988032518032815,0.005988032518032815,0.005988032518032815,0.017964095769528177,-2.89100372530271e-08,-2.89100372530271e-08,0.005988032518032815,0.005988032518032815,0.005988032518032815,0.005988032518032815,0.005988032518032815,0.005988010389362253,0.005988032518032815,0.005988032518032815,0.005988010389362253,0.005988032518032815,8.565936959747944e-09
STDs:Hepatitis B,-6.781366801433819e-09,-2.89100372530271e-08,-2.89100372530271e-08,-2.89100372530271e-08,-2.89100372530271e-08,-2.89100372530271e-08,-2.89100372530271e-08,-6.781366801433819e-09,-2.89100372530271e-08,-2.89100372530271e-08,-2.89100372530271e-08,-2.89100372530271e-08,-2.89100372530271e-08,-2.89100372530271e-08,-2.89100372530271e-08,-2.89100372530271e-08,-2.89100372530271e-08,-2.89100372530271e-08,-2.89100372530271e-08,-2.89100372530271e-08,-2.89100372530271e-08,-2.89100372530271e-08,-2.89100372530271e-08,8.565936959747944e-09,-2.89100372530271e-08,-2.89100372530271e-08,8.565936959747944e-09,-2.89100372530271e-08,8.565936959747944e-09
STDs:HPV,-6.781366801433819e-09,-2.89100372530271e-08,-2.89100372530271e-08,-2.89100372530271e-08,-2.89100372530271e-08,-2.89100372530271e-08,-2.89100372530271e-08,-6.781366801433819e-09,-2.89100372530271e-08,-2.89100372530271e-08,-2.89100372530271e-08,-2.89100372530271e-08,-2.89100372530271e-08,-2.89100372530271e-08,-2.89100372530271e-08,-2.89100372530271e-08,-2.89100372530271e-08,-2.89100372530271e-08,-2.89100372530271e-08,-2.89100372530271e-08,0.005988032518032815,-2.89100372530271e-08,-2.89100372530271e-08,8.565936959747944e-09,-2.89100372530271e-08,-2.89100372530271e-08,8.565936959747944e-09,-2.89100372530271e-08,8.565936959747944e-09
STDs: Number of diagnosis,-6.781366801433819e-09,-2.89100372530271e-08,-2.89100372530271e-08,-0.005988030733462546,-0.005988030733462546,0.005988032518032815,-2.89100372530271e-08,-6.781366801433819e-09,-2.89100372530271e-08,-2.89100372530271e-08,-2.89100372530271e-08,-2.89100372530271e-08,-2.89100372530271e-08,-2.89100372530271e-08,-2.89100372530271e-08,-2.89100372530271e-08,0.005988032518032815,-2.89100372530271e-08,-2.89100372530271e-08,0.005988032518032815,-2.89100372530271e-08,-2.89100372530271e-08,-2.89100372530271e-08,8.565936959747944e-09,-2.89100372530271e-08,-2.89100372530271e-08,8.565936959747944e-09,-2.89100372530271e-08,8.565936959747944e-09
STDs: Time since first diagnosis,-6.781366801433819e-09,-2.89100372530271e-08,-2.89100372530271e-08,-2.89100372530271e-08,0.005988032518032815,-2.89100372530271e-08,-2.89100372530271e-08,0.01197605647012856,-2.89100372530271e-08,-2.89100372530271e-08,-2.89100372530271e-08,-2.89100372530271e-08,-2.89100372530271e-08,-2.89100372530271e-08,-2.89100372530271e-08,-2.89100372530271e-08,0.005988032518032815,0.011976034341458108,0.005988032518032815,-2.89100372530271e-08,-2.89100372530271e-08,-2.89100372530271e-08,-2.89100372530271e-08,0.005988010389362253,-2.89100372530271e-08,-2.89100372530271e-08,8.565936959747944e-09,0.005988032518032815,8.565936959747944e-09
STDs: Time since last diagnosis,0.0059879950420584915,-2.89100372530271e-08,-2.89100372530271e-08,-2.89100372530271e-08,-2.89100372530271e-08,-2.89100372530271e-08,-2.89100372530271e-08,0.0059879950420584915,-2.89100372530271e-08,-2.89100372530271e-08,-2.89100372530271e-08,-2.89100372530271e-08,-2.89100372530271e-08,-2.89100372530271e-08,-2.89100372530271e-08,-2.89100372530271e-08,0.005988032518032815,0.011976034341458108,-2.89100372530271e-08,-2.89100372530271e-08,-2.89100372530271e-08,-2.89100372530271e-08,-2.89100372530271e-08,8.565936959747944e-09,-2.89100372530271e-08,-2.89100372530271e-08,0.005988010389362253,-2.89100372530271e-08,8.565936959747944e-09
Smokes_0.0,-6.781366801433819e-09,-2.89100372530271e-08,-2.89100372530271e-08,-2.89100372530271e-08,-2.89100372530271e-08,-2.89100372530271e-08,-2.89100372530271e-08,-6.781366801433819e-09,-2.89100372530271e-08,-2.89100372530271e-08,-2.89100372530271e-08,0.005988032518032815,0.005988032518032815,-2.89100372530271e-08,0.005988032518032815,-2.89100372530271e-08,-2.89100372530271e-08,-2.89100372530271e-08,0.005988032518032815,-2.89100372530271e-08,-2.89100372530271e-08,-2.89100372530271e-08,-2.89100372530271e-08,0.005988010389362253,-2.89100372530271e-08,0.005988032518032815,8.565936959747944e-09,0.005988032518032815,8.565936959747944e-09
Smokes_1.0,-6.781366801433819e-09,-2.89100372530271e-08,-2.89100372530271e-08,-0.005988030733462546,-0.005988030733462546,-2.89100372530271e-08,-2.89100372530271e-08,0.0059879950420584915,-2.89100372530271e-08,-2.89100372530271e-08,-2.89100372530271e-08,-2.89100372530271e-08,-2.89100372530271e-08,-2.89100372530271e-08,-2.89100372530271e-08,-2.89100372530271e-08,-2.89100372530271e-08,-2.89100372530271e-08,-0.005988030733462546,-2.89100372530271e-08,-2.89100372530271e-08,-2.89100372530271e-08,-0.005988030733462546,8.565936959747944e-09,-0.005988030733462546,-2.89100372530271e-08,8.565936959747944e-09,-2.89100372530271e-08,8.565936959747944e-09
Hormonal Contraceptives_0.0,-6.781366801433819e-09,-2.89100372530271e-08,-2.89100372530271e-08,-2.89100372530271e-08,-2.89100372530271e-08,0.005988032518032815,-2.89100372530271e-08,-6.781366801433819e-09,-2.89100372530271e-08,-2.89100372530271e-08,-2.89100372530271e-08,0.005988032518032815,-2.89100372530271e-08,-2.89100372530271e-08,-2.89100372530271e-08,-2.89100372530271e-08,-2.89100372530271e-08,-2.89100372530271e-08,-2.89100372530271e-08,-2.89100372530271e-08,-2.89100372530271e-08,-2.89100372530271e-08,-2.89100372530271e-08,0.005988010389362253,-2.89100372530271e-08,-2.89100372530271e-08,8.565936959747944e-09,-2.89100372530271e-08,8.565936959747944e-09
Hormonal Contraceptives_1.0,-6.781366801433819e-09,-2.89100372530271e-08,-2.89100372530271e-08,-2.89100372530271e-08,-2.89100372530271e-08,0.011976034341458108,-2.89100372530271e-08,-6.781366801433819e-09,-2.89100372530271e-08,-2.89100372530271e-08,-2.89100372530271e-08,0.005988032518032815,0.005988032518032815,-2.89100372530271e-08,-2.89100372530271e-08,-2.89100372530271e-08,-2.89100372530271e-08,-2.89100372530271e-08,-2.89100372530271e-08,-2.89100372530271e-08,-2.89100372530271e-08,0.005988032518032815,-2.89100372530271e-08,8.565936959747944e-09,-2.89100372530271e-08,-2.89100372530271e-08,8.565936959747944e-09,0.005988032518032815,-0.005988052862133109
IUD_0.0,0.0059879950420584915,-2.89100372530271e-08,-2.89100372530271e-08,-2.89100372530271e-08,-2.89100372530271e-08,-2.89100372530271e-08,-2.89100372530271e-08,-6.781366801433819e-09,-2.89100372530271e-08,-2.89100372530271e-08,-2.89100372530271e-08,-2.89100372530271e-08,-2.89100372530271e-08,-2.89100372530271e-08,-2.89100372530271e-08,-2.89100372530271e-08,-2.89100372530271e-08,-2.89100372530271e-08,-2.89100372530271e-08,-2.89100372530271e-08,-2.89100372530271e-08,-2.89100372530271e-08,-2.89100372530271e-08,8.565936959747944e-09,-2.89100372530271e-08,-2.89100372530271e-08,8.565936959747944e-09,-2.89100372530271e-08,8.565936959747944e-09
IUD_1.0,-6.781366801433819e-09,-2.89100372530271e-08,-2.89100372530271e-08,-2.89100372530271e-08,-2.89100372530271e-08,0.005988032518032815,-2.89100372530271e-08,-6.781366801433819e-09,-2.89100372530271e-08,-2.89100372530271e-08,-2.89100372530271e-08,-2.89100372530271e-08,-2.89100372530271e-08,-2.89100372530271e-08,-2.89100372530271e-08,-2.89100372530271e-08,-2.89100372530271e-08,-2.89100372530271e-08,-2.89100372530271e-08,-2.89100372530271e-08,-2.89100372530271e-08,0.005988032518032815,-2.89100372530271e-08,8.565936959747944e-09,-2.89100372530271e-08,-2.89100372530271e-08,8.565936959747944e-09,-0.005988030733462546,8.565936959747944e-09
STDs_0.0,-6.781366801433819e-09,-2.89100372530271e-08,-2.89100372530271e-08,0.005988032518032815,0.005988032518032815,-2.89100372530271e-08,-2.89100372530271e-08,-6.781366801433819e-09,-2.89100372530271e-08,-2.89100372530271e-08,-2.89100372530271e-08,0.005988032518032815,-2.89100372530271e-08,0.005988032518032815,-2.89100372530271e-08,0.005988032518032815,0.005988032518032815,0.005988032518032815,0.005988032518032815,0.005988032518032815,-2.89100372530271e-08,-2.89100372530271e-08,-2.89100372530271e-08,0.011976071817432321,-2.89100372530271e-08,-2.89100372530271e-08,8.565936959747944e-09,0.005988032518032815,8.565936959747944e-09
STDs_1.0,-6.781366801433819e-09,-2.89100372530271e-08,-2.89100372530271e-08,-2.89100372530271e-08,-2.89100372530271e-08,-2.89100372530271e-08,-2.89100372530271e-08,-6.781366801433819e-09,-2.89100372530271e-08,-2.89100372530271e-08,-2.89100372530271e-08,-2.89100372530271e-08,-2.89100372530271e-08,-2.89100372530271e-08,-2.89100372530271e-08,-2.89100372530271e-08,0.005988032518032815,-2.89100372530271e-08,-2.89100372530271e-08,0.005988032518032815,-0.005988030733462546,-2.89100372530271e-08,-2.89100372530271e-08,-0.005988052862133109,-2.89100372530271e-08,-2.89100372530271e-08,8.565936959747944e-09,-0.005988030733462546,8.565936959747944e-09
Dx:Cancer_0,-6.781366801433819e-09,-2.89100372530271e-08,-2.89100372530271e-08,-2.89100372530271e-08,-2.89100372530271e-08,-2.89100372530271e-08,-2.89100372530271e-08,-6.781366801433819e-09,-2.89100372530271e-08,-2.89100372530271e-08,-2.89100372530271e-08,-2.89100372530271e-08,-2.89100372530271e-08,0.005988032518032815,-2.89100372530271e-08,-2.89100372530271e-08,-2.89100372530271e-08,-2.89100372530271e-08,-2.89100372530271e-08,-2.89100372530271e-08,-2.89100372530271e-08,-2.89100372530271e-08,-2.89100372530271e-08,8.565936959747944e-09,-2.89100372530271e-08,-2.89100372530271e-08,8.565936959747944e-09,-2.89100372530271e-08,8.565936959747944e-09
Dx:Cancer_1,-6.781366801433819e-09,-2.89100372530271e-08,-2.89100372530271e-08,-2.89100372530271e-08,-2.89100372530271e-08,-2.89100372530271e-08,0.005988032518032815,-6.781366801433819e-09,-2.89100372530271e-08,-2.89100372530271e-08,-2.89100372530271e-08,-2.89100372530271e-08,-2.89100372530271e-08,-2.89100372530271e-08,-2.89100372530271e-08,-2.89100372530271e-08,-2.89100372530271e-08,-2.89100372530271e-08,-2.89100372530271e-08,0.005988032518032815,-2.89100372530271e-08,-2.89100372530271e-08,-2.89100372530271e-08,8.565936959747944e-09,-2.89100372530271e-08,-2.89100372530271e-08,8.565936959747944e-09,-2.89100372530271e-08,8.565936959747944e-09
Dx:CIN_0,-6.781366801433819e-09,-2.89100372530271e-08,-2.89100372530271e-08,-2.89100372530271e-08,-2.89100372530271e-08,-2.89100372530271e-08,-2.89100372530271e-08,-6.781366801433819e-09,-2.89100372530271e-08,-2.89100372530271e-08,-2.89100372530271e-08,-2.89100372530271e-08,-2.89100372530271e-08,-2.89100372530271e-08,-2.89100372530271e-08,-2.89100372530271e-08,-2.89100372530271e-08,-2.89100372530271e-08,-2.89100372530271e-08,-2.89100372530271e-08,-2.89100372530271e-08,-2.89100372530271e-08,-2.89100372530271e-08,8.565936959747944e-09,-2.89100372530271e-08,-2.89100372530271e-08,8.565936959747944e-09,-2.89100372530271e-08,8.565936959747944e-09
Dx:CIN_1,-6.781366801433819e-09,-2.89100372530271e-08,-2.89100372530271e-08,-2.89100372530271e-08,-2.89100372530271e-08,-2.89100372530271e-08,-2.89100372530271e-08,-6.781366801433819e-09,-2.89100372530271e-08,-2.89100372530271e-08,-2.89100372530271e-08,-2.89100372530271e-08,-2.89100372530271e-08,-2.89100372530271e-08,-2.89100372530271e-08,-2.89100372530271e-08,-2.89100372530271e-08,-2.89100372530271e-08,-2.89100372530271e-08,-2.89100372530271e-08,-2.89100372530271e-08,-2.89100372530271e-08,-2.89100372530271e-08,8.565936959747944e-09,-2.89100372530271e-08,-2.89100372530271e-08,8.565936959747944e-09,-2.89100372530271e-08,8.565936959747944e-09
Dx:HPV_0,-6.781366801433819e-09,-2.89100372530271e-08,-2.89100372530271e-08,-2.89100372530271e-08,-2.89100372530271e-08,-2.89100372530271e-08,-2.89100372530271e-08,-6.781366801433819e-09,-2.89100372530271e-08,-2.89100372530271e-08,-2.89100372530271e-08,-2.89100372530271e-08,-2.89100372530271e-08,-2.89100372530271e-08,-2.89100372530271e-08,-2.89100372530271e-08,-2.89100372530271e-08,-2.89100372530271e-08,-2.89100372530271e-08,-2.89100372530271e-08,-2.89100372530271e-08,-2.89100372530271e-08,-2.89100372530271e-08,8.565936959747944e-09,-2.89100372530271e-08,-2.89100372530271e-08,8.565936959747944e-09,-2.89100372530271e-08,8.565936959747944e-09
Dx:HPV_1,-6.781366801433819e-09,-2.89100372530271e-08,-2.89100372530271e-08,-2.89100372530271e-08,-2.89100372530271e-08,-2.89100372530271e-08,-2.89100372530271e-08,-0.005988008604792094,-2.89100372530271e-08,-2.89100372530271e-08,-2.89100372530271e-08,-2.89100372530271e-08,-2.89100372530271e-08,-2.89100372530271e-08,-2.89100372530271e-08,-2.89100372530271e-08,-2.89100372530271e-08,-2.89100372530271e-08,-2.89100372530271e-08,-2.89100372530271e-08,-2.89100372530271e-08,-2.89100372530271e-08,-2.89100372530271e-08,8.565936959747944e-09,-2.89100372530271e-08,-2.89100372530271e-08,8.565936959747944e-09,-2.89100372530271e-08,8.565936959747944e-09
Dx_0,-6.781366801433819e-09,-2.89100372530271e-08,-2.89100372530271e-08,-0.005988030733462546,-2.89100372530271e-08,-2.89100372530271e-08,-2.89100372530271e-08,0.0059879950420584915,-2.89100372530271e-08,-2.89100372530271e-08,-2.89100372530271e-08,-2.89100372530271e-08,-2.89100372530271e-08,-2.89100372530271e-08,-2.89100372530271e-08,-2.89100372530271e-08,-2.89100372530271e-08,-2.89100372530271e-08,-2.89100372530271e-08,-2.89100372530271e-08,-2.89100372530271e-08,0.005988032518032815,-2.89100372530271e-08,8.565936959747944e-09,0.005988032518032815,0.005988032518032815,8.565936959747944e-09,-2.89100372530271e-08,8.565936959747944e-09
Dx_1,0.0059879950420584915,-2.89100372530271e-08,-2.89100372530271e-08,-0.005988030733462546,-2.89100372530271e-08,-2.89100372530271e-08,-2.89100372530271e-08,0.0059879950420584915,-2.89100372530271e-08,-2.89100372530271e-08,-2.89100372530271e-08,-2.89100372530271e-08,-2.89100372530271e-08,-2.89100372530271e-08,-2.89100372530271e-08,-2.89100372530271e-08,-2.89100372530271e-08,-2.89100372530271e-08,-2.89100372530271e-08,-2.89100372530271e-08,-2.89100372530271e-08,-2.89100372530271e-08,-2.89100372530271e-08,0.005988010389362253,-2.89100372530271e-08,-2.89100372530271e-08,8.565936959747944e-09,-2.89100372530271e-08,8.565936959747944e-09
Hinselmann_0,-6.781366801433819e-09,-2.89100372530271e-08,-2.89100372530271e-08,-2.89100372530271e-08,0.005988032518032815,-2.89100372530271e-08,-2.89100372530271e-08,-6.781366801433819e-09,-2.89100372530271e-08,-2.89100372530271e-08,-2.89100372530271e-08,0.011976034341458108,0.011976034341458108,-2.89100372530271e-08,0.005988032518032815,0.005988032518032815,-2.89100372530271e-08,-2.89100372530271e-08,-2.89100372530271e-08,-2.89100372530271e-08,-2.89100372530271e-08,0.017964095769528177,0.011976034341458108,8.565936959747944e-09,-2.89100372530271e-08,0.005988032518032815,8.565936959747944e-09,-2.89100372530271e-08,0.005988010389362253
Hinselmann_1,-6.781366801433819e-09,0.011976034341458108,0.005988032518032815,0.005988032518032815,0.011976034341458108,0.005988032518032815,0.005988032518032815,0.0059879950420584915,0.011976034341458108,0.011976034341458108,0.011976034341458108,0.017964095769528177,0.017964095769528177,-2.89100372530271e-08,0.011976034341458108,0.011976034341458108,-2.89100372530271e-08,-2.89100372530271e-08,-2.89100372530271e-08,0.017964095769528177,0.017964095769528177,0.017964095769528177,0.011976034341458108,-0.005988052862133109,0.011976034341458108,0.017964095769528177,8.565936959747944e-09,0.005988032518032815,0.005988010389362253
Citology_0,-6.781366801433819e-09,-2.89100372530271e-08,-2.89100372530271e-08,0.005988032518032815,-2.89100372530271e-08,-2.89100372530271e-08,-2.89100372530271e-08,-6.781366801433819e-09,-2.89100372530271e-08,-2.89100372530271e-08,-2.89100372530271e-08,0.011976034341458108,0.005988032518032815,-2.89100372530271e-08,0.005988032518032815,0.005988032518032815,-0.005988030733462546,-0.005988030733462546,-0.005988030733462546,-2.89100372530271e-08,-2.89100372530271e-08,-2.89100372530271e-08,-2.89100372530271e-08,-0.005988052862133109,-2.89100372530271e-08,-2.89100372530271e-08,8.565936959747944e-09,-0.005988030733462546,-0.005988052862133109
Citology_1,0.0059879950420584915,0.011976034341458108,-2.89100372530271e-08,0.005988032518032815,0.005988032518032815,-2.89100372530271e-08,-2.89100372530271e-08,-6.781366801433819e-09,-2.89100372530271e-08,-2.89100372530271e-08,-2.89100372530271e-08,0.011976034341458108,0.011976034341458108,-2.89100372530271e-08,0.005988032518032815,0.005988032518032815,-0.005988030733462546,-2.89100372530271e-08,-0.005988030733462546,0.005988032518032815,-2.89100372530271e-08,-2.89100372530271e-08,-2.89100372530271e-08,-0.005988052862133109,-2.89100372530271e-08,-2.89100372530271e-08,-0.005988052862133109,-2.89100372530271e-08,-0.005988052862133109
Schiller_0,0.017964058293553853,0.011976034341458108,0.005988032518032815,0.011976034341458108,0.017964095769528177,0.011976034341458108,0.017964095769528177,0.017964058293553853,0.011976034341458108,0.011976034341458108,0.017964095769528177,0.017964095769528177,0.017964095769528177,0.005988032518032815,0.005988032518032815,0.017964095769528177,-2.89100372530271e-08,0.005988032518032815,-2.89100372530271e-08,0.011976034341458108,0.02395209759295347,0.017964095769528177,0.02395209759295347,-0.005988052862133109,-2.89100372530271e-08,0.005988032518032815,-0.005988052862133109,0.011976034341458108,0.005988010389362253
Schiller_1,0.0059879950420584915,0.017964095769528177,0.005988032518032815,0.011976034341458108,0.011976034341458108,0.005988032518032815,0.011976034341458108,0.03592812336847451,0.017964095769528177,0.011976034341458108,0.017964095769528177,0.02395209759295347,0.02395209759295347,0.005988032518032815,0.017964095769528177,0.017964095769528177,0.005988032518032815,0.005988032518032815,-2.89100372530271e-08,0.02395209759295347,0.029940099416378763,0.017964095769528177,0.017964095769528177,8.565936959747944e-09,0.017964095769528177,0.02395209759295347,8.565936959747944e-09,0.011976034341458108,0.011976071817432321
